S. No.,Month,Crash Date,Crash Day,Article Date,Location,Million Plus City,State,LatLong,Vehicle 1,Vehicle/Object 2,Killed,Injured,Age,Gender,Road Type,Crash Type,Latitude,Longitude,Age_Count,Average_Age,Minimum_Age,Maximum_Age,Object_2_Type,Crash_Year,Crash_Month_Number,Crash_Day_Number
1,January,2021-12-31,Friday,2022-01-01,Alni,Nil,Maharashtra,"18.278457450374876, 76.00957388786227",CAR,TRACTOR,4,0,"70,50,45,23",BOTH,NH,Head On Collision,18.27845745037488,76.00957388786227,4.0,47.0,23.0,70.0,VEHICLE,2021,12,4
2,January,2021-12-31,Friday,2022-01-01,Hariharganj,Nil,Jharkhand,"24.543681356839087, 84.28057070288547",PICK UP,TRUCK,6,18,,BOTH,NH,Head On Collision,24.543681356839087,84.28057070288547,,,,,VEHICLE,2021,12,4
3,January,2021-12-30,Thursday,2022-01-01,Dabolim,Nil,Goa,"15.390068035586195, 73.85497360324335",CAR,DIVIDER,3,2,"27,24,24",MALE,NH,Fixed Object Collision,15.390068035586197,73.85497360324335,3.0,25.0,24.0,27.0,OBJECT,2021,12,3
6,January,2021-12-30,Thursday,2022-01-01,Lampolai,Nil,Rajasthan,"26.64362250050694, 74.19299113226057",TWO WHEELER,CAR,4,2,,,NH,Head On Collision,26.64362250050694,74.19299113226057,,,,,VEHICLE,2021,12,3
7,January,2021-12-30,Thursday,2022-01-01,Tanot,Nil,Rajasthan,"27.793665237757928, 70.35519318244828",CAR,CAR,2,9,,,NH,Head On Collision,27.793665237757928,70.35519318244828,,,,,VEHICLE,2021,12,3
8,January,2021-12-30,Thursday,2022-01-01,Mettupalayam,Coimbatore,Tamil Nadu,"11.299962063279324, 76.94191717015218",TWO WHEELER,TWO WHEELER,1,1,29,FEMALE,SH,Hit From Side,11.299962063279324,76.94191717015218,1.0,29.0,29.0,29.0,VEHICLE,2021,12,3
9,January,2022-01-01,Saturday,2022-01-02,Military Jalipa Cantt,Nil,Rajasthan,"25.808661598311467, 71.40488769828872",TWO WHEELER,TRUCK,1,0,,MALE,NH,Others,25.808661598311467,71.40488769828872,,,,,VEHICLE,2022,1,5
10,January,2021-12-31,Friday,2022-01-02,Zaheerabad,Nil,Telangana,"17.692782870071433, 77.62231729628967",TWO WHEELER,CAR,4,0,,BOTH,NH,Head On Collision,17.692782870071433,77.62231729628967,,,,,VEHICLE,2021,12,4
11,January,2022-01-01,Saturday,2022-01-02,Nagarkurnool,Nil,Telangana,"16.48884543363603, 78.3091303972808",TWO WHEELER,CAR,2,0,"19,14",MALE,SH,Head On Collision,16.48884543363603,78.3091303972808,2.0,16.5,14.0,19.0,VEHICLE,2022,1,5
13,January,2022-01-01,Saturday,2022-01-02,Sikar Road,Jaipur,Rajasthan,"27.011963538352493, 75.76932901260889",PEDESTRIAN,CAR,1,0,32,MALE,NH,Hit and Run,27.011963538352493,75.76932901260889,1.0,32.0,32.0,32.0,VEHICLE,2022,1,5
14,January,2022-01-01,Saturday,2022-01-02,Pista Chowk,Nil,Bihar,"25.188347677151736, 86.97434233075197",TWO WHEELER,TRUCK,3,0,"21,20,22",MALE,SH,Others,25.188347677151736,86.97434233075197,3.0,21.0,20.0,22.0,VEHICLE,2022,1,5
16,January,2022-01-01,Saturday,2022-01-02,Muzaffarnagar,Nil,Uttar Pradesh,"29.47257166225623, 77.71737212387585",BUS,TRUCK,2,2,"75,28",MALE,SH,Others,29.47257166225623,77.71737212387585,2.0,51.5,28.0,75.0,VEHICLE,2022,1,5
18,January,2021-12-31,Friday,2022-01-02,Injambakkam,Chennai,Tamil Nadu,"12.917305822072388, 80.25066287055597",TWO WHEELER,DIVIDER,1,0,21,MALE,SH,Fixed Object Collision,12.917305822072388,80.25066287055597,1.0,21.0,21.0,21.0,OBJECT,2021,12,4
19,January,2022-01-01,Saturday,2022-01-03,Sitra Junction,Coimbatore,Tamil Nadu,"11.038158152772837, 77.03756589670454",TWO WHEELER,BUS,1,0,47,MALE,NH,Hit From Side,11.038158152772835,77.03756589670454,1.0,47.0,47.0,47.0,VEHICLE,2022,1,5
20,January,2022-01-01,Saturday,2022-01-03,Targhar,Mumbai,Maharashtra,"18.991748018503824, 73.03711475232855",TWO WHEELER,UNIDENTIFIED,1,1,24,FEMALE,NH,Hit and Run,18.991748018503824,73.03711475232855,1.0,24.0,24.0,24.0,UNKNOWN,2022,1,5
22,January,2022-01-02,Sunday,2022-01-03,Hokrani Cross,Nil,Karnataka,"16.572508890221638, 75.9754540804605",CAR,TWO WHEELER,1,4,31,FEMALE,SH,Others,16.572508890221638,75.9754540804605,1.0,31.0,31.0,31.0,VEHICLE,2022,1,6
23,January,2022-01-02,Sunday,2022-01-03,Bevur Cross,Nil,Karnataka,"14.89006685560942, 76.22398648067914",CAR,NIL,1,7,47,FEMALE,SH,Vehicle Overturn,14.89006685560942,76.22398648067914,1.0,47.0,47.0,47.0,UNKNOWN,2022,1,6
24,January,2022-01-02,Sunday,2022-01-04,Sidedahalli,Bengaluru,Karnataka,"13.066746957230484, 77.50327116691861",TWO WHEELER,TRUCK,1,0,55,MALE,SH,With Parked Vehicle,13.066746957230484,77.50327116691861,1.0,55.0,55.0,55.0,VEHICLE,2022,1,6
25,January,2022-01-02,Sunday,2022-01-04,Nagavara,Bengaluru,Karnataka,"13.040914155489357, 77.61704511801918",TWO WHEELER,POLE,1,1,27,MALE,NH,Fixed Object Collision,13.040914155489356,77.61704511801918,1.0,27.0,27.0,27.0,OBJECT,2022,1,6
26,January,2022-01-04,Tuesday,2022-01-04,Peroorkada,Thiruvananthapuram,Kerala,"8.541149770701736, 76.97003582907308",TWO WHEELER,TREE,3,0,"16,16,16",MALE,SH,Fixed Object Collision,8.541149770701736,76.97003582907308,3.0,16.0,16.0,16.0,OBJECT,2022,1,1
28,January,2022-01-04,Tuesday,2022-01-05,Bala,Nil,Gujarat,"22.776769204616333, 71.72962248310266",CAR,NIL,2,0,"67,62",BOTH,SH,Run Off Road,22.776769204616333,71.72962248310266,2.0,64.5,62.0,67.0,UNKNOWN,2022,1,1
29,January,2022-01-03,Monday,2022-01-05,Gondal,Nil,Gujarat,"21.972787525777935, 70.78862073790624",CAR,TRUCK,2,0,,,NH,Head On Collision,21.97278752577793,70.78862073790624,,,,,VEHICLE,2022,1,0
30,January,2022-01-03,Monday,2022-01-05,Dhrol,Nil,Gujarat,"22.560348618536842, 70.4258539831936",TWO WHEELER,BUS,2,0,"18,25",MALE,SH,Others,22.56034861853684,70.4258539831936,2.0,21.5,18.0,25.0,VEHICLE,2022,1,0
31,January,2022-01-03,Monday,2022-01-05,Undri,Pune,Maharashtra,"18.45072219760597, 73.91614459634192",CAR,TRUCK,1,0,50,MALE,NH,Hit From Back,18.45072219760597,73.91614459634192,1.0,50.0,50.0,50.0,VEHICLE,2022,1,0
32,January,2022-01-02,Sunday,2022-01-05,Katraj-Dehu Bypass,Pune,Maharashtra,"18.486331175038483, 73.79708554934217",TWO WHEELER,UNIDENTIFIED,1,0,36,MALE,NH,Hit and Run,18.486331175038483,73.79708554934217,1.0,36.0,36.0,36.0,UNKNOWN,2022,1,6
34,January,2022-01-02,Sunday,2022-01-05,Gomtinagar,Lucknow,Uttar Pradesh,"26.847744161614127, 81.00770583339522",PEDESTRIAN,UNIDENTIFIED,1,0,28,MALE,NH,Hit and Run,26.847744161614127,81.00770583339522,1.0,28.0,28.0,28.0,UNKNOWN,2022,1,6
35,January,2022-01-06,Thursday,2022-01-06,Purvanchal Expressway Sultanpur,Nil,Uttar Pradesh,"26.23244327782419, 82.075673988543",SUV,DIVIDER,4,2,40,BOTH,NH,Fixed Object Collision,26.23244327782419,82.075673988543,1.0,40.0,40.0,40.0,OBJECT,2022,1,3
37,January,2022-01-04,Tuesday,2022-01-06,Manpur,Nil,Madhya Pradesh,"22.43115195743422, 75.61763951190622",TWO WHEELER,NIL,1,0,25,MALE,NH,Run Off Road,22.43115195743422,75.61763951190622,1.0,25.0,25.0,25.0,UNKNOWN,2022,1,1
39,January,2022-01-06,Thursday,2022-01-07,Hatherua Turn,Nil,Uttar Pradesh,"26.172269871051377, 79.96053447979006",CAR,TREE,3,0,"25,20,21",MALE,SH,Fixed Object Collision,26.172269871051377,79.96053447979006,3.0,22.0,20.0,25.0,OBJECT,2022,1,3
40,January,2022-01-06,Thursday,2022-01-07,Lambasingi,Nil,Andhra Pradesh,"17.819637365225628, 82.4917244273879",TWO WHEELER,LORRY,1,1,13,MALE,NH,Others,17.819637365225628,82.4917244273879,1.0,13.0,13.0,13.0,VEHICLE,2022,1,3
41,January,2022-01-05,Wednesday,2022-01-07,Patancheru,Nil,Telangana,"17.52559528053733, 78.27114402473659",AUTO RICKSHAW,DIVIDER,3,2,"24,34,26",MALE,NH,Fixed Object Collision,17.52559528053733,78.27114402473659,3.0,28.0,24.0,34.0,OBJECT,2022,1,2
42,January,2022-01-06,Thursday,2022-01-08,ORR PES College,Bengaluru,Karnataka,"12.93497388725656, 77.53145535271094",TWO WHEELER,DIVIDER,2,0,"28,30",MALE,SH,Fixed Object Collision,12.93497388725656,77.53145535271094,2.0,29.0,28.0,30.0,OBJECT,2022,1,3
44,January,2022-01-06,Thursday,2022-01-08,Chinyalisour,Nil,Uttarakhand,"30.56554678240335, 78.32522300136368",CAR,GORGE,1,4,40,MALE,NH,Vehicle Overturn,30.56554678240335,78.32522300136368,1.0,40.0,40.0,40.0,OBJECT,2022,1,3
47,January,2022-01-07,Friday,2022-01-08,Sola Overbridge,Ahmedabad,Gujarat,"23.059882776138668, 72.52057320671621",SUV,TRUCK,1,0,20,MALE,NH,Hit From Back,23.059882776138668,72.52057320671621,1.0,20.0,20.0,20.0,VEHICLE,2022,1,4
48,January,2022-01-08,Saturday,2022-01-09,Gopalapuram,Nil,Andhra Pradesh,"17.10266311413749, 81.54442477542945",TWO WHEELER,TRACTOR,1,0,,MALE,NH,Others,17.10266311413749,81.54442477542945,,,,,VEHICLE,2022,1,5
49,January,2022-01-08,Saturday,2022-01-09,Jeelkunta,Nil,Andhra Pradesh,"17.033617916586227, 80.64713177640807",TWO WHEELER,CAR,1,0,,MALE,NH,Head On Collision,17.033617916586227,80.64713177640807,,,,,VEHICLE,2022,1,5
50,January,2022-01-09,Sunday,2022-01-09,Nandgaon,Nil,Maharashtra,"20.313796870359038, 74.66384510003404",BUS,TRUCK,4,14,72,BOTH,SH,Head On Collision,20.31379687035904,74.66384510003404,1.0,72.0,72.0,72.0,VEHICLE,2022,1,6
51,January,2022-01-09,Sunday,2022-01-10,Botad,Nil,Gujarat,"22.17985011402323, 71.65078918083432",VAN,UNIDENTIFIED,5,10,,,SH,Hit and Run,22.17985011402323,71.65078918083432,,,,,UNKNOWN,2022,1,6
52,January,2022-01-09,Sunday,2022-01-10,Sheekanagar,Vizag,Andhra Pradesh,"17.716464062931237, 83.20411089794794",TWO WHEELER,TWO WHEELER,1,0,24,MALE,SH,Others,17.716464062931237,83.20411089794794,1.0,24.0,24.0,24.0,VEHICLE,2022,1,6
53,January,2022-01-09,Sunday,2022-01-10,Botad,Nil,Gujarat,"22.15122333271011, 71.65877930084991",VAN,UNIDENTIFIED,5,10,"27, 48",BOTH,NH,Others,22.15122333271011,71.65877930084991,2.0,37.5,27.0,48.0,UNKNOWN,2022,1,6
54,January,2022-01-09,Sunday,2022-01-10,Lawan,Nil,Chhattisgarh,"21.644400876907138, 82.34278934682449",SUV,NIL,1,5,,FEMALE,NH,Run Off Road,21.644400876907135,82.34278934682449,,,,,UNKNOWN,2022,1,6
55,January,2022-01-09,Sunday,2022-01-10,Mumbai Naka,Mumbai,Maharashtra,"19.9864533330699, 73.78419165143977",BICYCLE,UNIDENTIFIED,1,0,63,MALE,NH,Others,19.9864533330699,73.78419165143977,1.0,63.0,63.0,63.0,UNKNOWN,2022,1,6
56,January,2022-01-10,Monday,2022-01-11,Kumbalagodu,Nil,Karnataka,"12.879137929078608, 77.4456388022993",TWO WHEELER,TRUCK,6,0,"44,40,14,29",BOTH,NH,Others,12.879137929078608,77.4456388022993,4.0,31.75,14.0,44.0,VEHICLE,2022,1,0
57,January,2022-01-10,Monday,2022-01-11,Navale Bridge,Pune,Maharashtra,"18.46087329898162, 73.82215405131329",TWO WHEELER,TRUCK,1,1,30,FEMALE,NH,Hit From Back,18.46087329898162,73.82215405131329,1.0,30.0,30.0,30.0,VEHICLE,2022,1,0
59,January,2022-01-09,Sunday,2022-01-11,Kishangarh,Nil,Rajasthan,"26.589105945186247, 74.85948627660595",TWO WHEELER,TRUCK,1,1,20,FEMALE,NH,Others,26.589105945186247,74.85948627660595,1.0,20.0,20.0,20.0,VEHICLE,2022,1,6
61,January,2022-01-09,Sunday,2022-01-12,RTO Office,Nashik,Maharashtra,"20.033277226299347, 73.79524144570404",TWO WHEELER,POLE,1,0,42,MALE,NH,Fixed Object Collision,20.033277226299347,73.79524144570404,1.0,42.0,42.0,42.0,OBJECT,2022,1,6
62,January,2022-01-09,Sunday,2022-01-12,Nashik Road,Nashik,Maharashtra,"19.969737942887757, 73.81769001774795",TWO WHEELER,TWO WHEELER,2,0,26,MALE,SH,Head On Collision,19.96973794288776,73.81769001774795,1.0,26.0,26.0,26.0,VEHICLE,2022,1,6
63,January,2022-01-11,Tuesday,2022-01-12,Adigoppula,Nil,Andhra Pradesh,"16.436925517988787, 79.61217474801305",CAR,CANAL,3,0,,,SH,Run Off Road,16.436925517988787,79.61217474801305,,,,,OBJECT,2022,1,1
65,January,2022-01-12,Wednesday,2022-01-13,Atlas Chowk,Nil,Haryana,"28.490430130784237, 77.08153241633956",CAR,TRUCK,1,0,27,MALE,NH,With Parked Vehicle,28.49043013078424,77.08153241633956,1.0,27.0,27.0,27.0,VEHICLE,2022,1,2
66,January,2022-01-12,Wednesday,2022-01-14,Budihal Cross,Nil,Karnataka,"13.130457182123903, 77.35974095043811",TWO WHEELER,PICK UP,1,0,19,MALE,NH,Others,13.130457182123903,77.35974095043811,1.0,19.0,19.0,19.0,VEHICLE,2022,1,2
67,January,2022-01-14,Friday,2022-01-14,Kananakatte,Nil,Karnataka,"14.553328636829782, 76.43302899167439",CAR,DIVIDER,7,0,,,NH,Fixed Object Collision,14.553328636829782,76.43302899167439,,,,,OBJECT,2022,1,4
69,January,2022-01-13,Thursday,2022-01-14,Bicholi Mardana,Indore,Madhya Pradesh,"22.708244322203562, 75.92920211827541",TWO WHEELER,PICK UP,3,3,26,BOTH,NH,Others,22.70824432220356,75.92920211827541,1.0,26.0,26.0,26.0,VEHICLE,2022,1,3
70,January,2022-01-14,Friday,2022-01-15,Ratnamala Square,Nil,Maharashtra,"20.23465588078181, 79.01543924056895",BUS,TRUCK,2,12,,,NH,Head On Collision,20.23465588078181,79.01543924056895,,,,,VEHICLE,2022,1,4
73,January,2022-01-14,Friday,2022-01-15,Kakkanad,Nil,Kerala,"10.011092687874317, 76.3421924153654",TWO WHEELER,DIVIDER,1,1,19,MALE,SH,Fixed Object Collision,10.011092687874315,76.3421924153654,1.0,19.0,19.0,19.0,OBJECT,2022,1,4
75,January,2022-01-15,Saturday,2022-01-16,Chimrani,Nil,Rajasthan,"27.118968964289532, 73.67248311917048",CAR,BUS,5,2,"22,12,10,10,65",BOTH,NH,Others,27.11896896428953,73.67248311917048,5.0,23.8,10.0,65.0,VEHICLE,2022,1,5
78,January,2022-01-16,Sunday,2022-01-17,Mandla,Nil,Madhya Pradesh,"22.601570130287165, 80.38020370045963",TRACTOR,NIL,3,0,"18,18,17",MALE,SH,Run Off Road,22.601570130287165,80.38020370045963,3.0,17.666666666666668,17.0,18.0,UNKNOWN,2022,1,6
81,January,2022-01-17,Monday,2022-01-18,Sahson Crossing,Nil,Uttar Pradesh,"25.484100715535924, 81.97930524084148",PEDESTRIAN,VAN,1,0,45,MALE,SH,Hit and Run,25.484100715535924,81.97930524084148,1.0,45.0,45.0,45.0,VEHICLE,2022,1,0
82,January,2022-01-17,Monday,2022-01-18,Gurukul Vidhyala Road,Prayagraj,Uttar Pradesh,"25.513167610968466, 81.8661763224527",TRUCK,CANAL,1,1,31,MALE,NH,Vehicle Overturn,25.513167610968463,81.8661763224527,1.0,31.0,31.0,31.0,OBJECT,2022,1,0
84,January,2022-01-18,Tuesday,2022-01-19,Khanpur,Nil,Rajasthan,"24.767306763386095, 76.39400027518448",NIL,NIL,1,2,25,MALE,NH,Others,24.76730676338609,76.39400027518448,1.0,25.0,25.0,25.0,UNKNOWN,2022,1,1
85,January,2022-01-18,Tuesday,2022-01-19,Katesar,Nil,Uttar Pradesh,"27.76748297692978, 80.84767138661462",TWO WHEELER,TRUCK,1,1,40,MALE,SH,Hit From Side,27.76748297692978,80.84767138661462,1.0,40.0,40.0,40.0,VEHICLE,2022,1,1
88,January,2022-01-20,Thursday,2022-01-20,Pali Wala,Nil,Rajasthan,"29.449454153821858, 73.87581502395967",TRUCK,TRUCK,3,0,24,MALE,NH,Head On Collision,29.449454153821858,73.87581502395967,1.0,24.0,24.0,24.0,VEHICLE,2022,1,3
91,January,2022-01-19,Wednesday,2022-01-21,Veeraghattam,Nil,Andhra Pradesh,"18.687104227193668, 83.61095538153519",TWO WHEELER,CULVERT,1,0,40,MALE,SH,Fixed Object Collision,18.687104227193668,83.61095538153519,1.0,40.0,40.0,40.0,VEHICLE,2022,1,2
92,January,2022-01-19,Wednesday,2022-01-21,Meliaputti,Nil,Andhra Pradesh,"18.77406040183497, 84.17383431188013",PEDESTRIAN,VAN,1,0,40,MALE,SH,Hit From Side,18.77406040183497,84.17383431188013,1.0,40.0,40.0,40.0,VEHICLE,2022,1,2
93,January,2022-01-19,Wednesday,2022-01-21,Hotel Sheraton,Indore,Madhya Pradesh,"22.7741266742808, 75.93616228783264",PEDESTRIAN,TRUCK,1,0,50,MALE,NH,Hit and Run,22.7741266742808,75.93616228783264,1.0,50.0,50.0,50.0,VEHICLE,2022,1,2
94,January,2022-01-21,Friday,2022-01-22,Naranpura,Ahmedabad,Gujarat,"23.056229102084114, 72.54839248535511",TWO WHEELER,TRUCK,1,1,52,MALE,NH,Hit From Back,23.056229102084117,72.54839248535511,1.0,52.0,52.0,52.0,VEHICLE,2022,1,4
95,January,2022-01-21,Friday,2022-01-22,KR Puram,Bengaluru,Karnataka,"13.013395634204327, 77.69952194675402",PEDESTRIAN,TRUCK,1,0,28,MALE,NH,Hit and Run,13.013395634204327,77.69952194675402,1.0,28.0,28.0,28.0,VEHICLE,2022,1,4
96,January,2022-01-20,Thursday,2022-01-22,Shewalwadi,Pune,Maharashtra,"18.496302418026232, 73.97119797630161",TWO WHEELER,UNIDENTIFIED,1,2,21,MALE,NH,Hit and Run,18.496302418026232,73.97119797630161,1.0,21.0,21.0,21.0,UNKNOWN,2022,1,3
99,January,2022-01-22,Saturday,2022-01-23,O'Coqueiro Junction,Nil,Goa,"15.531446645685621, 73.82481100458244",TWO WHEELER,TRUCK,2,0,"17,20",MALE,NH,Others,15.53144664568562,73.82481100458244,2.0,18.5,17.0,20.0,VEHICLE,2022,1,5
100,January,2022-01-23,Sunday,2022-01-24,Shikrapur,Nil,Maharashtra,"18.684734908209716, 74.11586934949585",TWO WHEELER,TRUCK,5,5,,,SH,Others,18.68473490820972,74.11586934949585,,,,,VEHICLE,2022,1,6
102,January,2022-01-22,Saturday,2022-01-24,Chunar,Nil,Uttar Pradesh,"25.10276774054831, 82.8672602963507",TWO WHEELER,TREE,1,0,30,MALE,NH,Fixed Object Collision,25.10276774054831,82.8672602963507,1.0,30.0,30.0,30.0,OBJECT,2022,1,5
103,January,2022-01-22,Saturday,2022-01-24,Morod,Indore,Madhya Pradesh,"22.637960655646225, 75.86771888717327",TWO WHEELER,TRUCK,1,2,30,FEMALE,NH,Others,22.637960655646225,75.86771888717327,1.0,30.0,30.0,30.0,VEHICLE,2022,1,5
105,January,2022-01-22,Saturday,2022-01-24,Bhumkar Chowk,Nil,Maharashtra,"18.605266069304246, 73.75217758015306",TWO WHEELER,TRUCK,1,0,28,MALE,NH,With Parked Vehicle,18.60526606930425,73.75217758015306,1.0,28.0,28.0,28.0,VEHICLE,2022,1,5
106,January,2022-01-25,Tuesday,2022-01-25,Selsura,Nil,Maharashtra,"20.637156359208134, 78.47350022936271",CAR,RIVER,7,0,,MALE,NH,Vehicle Overturn,20.63715635920813,78.47350022936271,,,,,OBJECT,2022,1,1
107,January,2022-01-23,Sunday,2022-01-25,Pappanchatram,Nil,Tamil Nadu,"13.032318332628448, 80.03671137585036",CAR,TRUCK,1,1,32,FEMALE,NH,Others,13.032318332628448,80.03671137585036,1.0,32.0,32.0,32.0,VEHICLE,2022,1,6
109,January,2022-01-23,Sunday,2022-01-25,Papanchataram,Nil,Tamil Nadu,"13.032541681756019, 80.0371376290023",CAR,CAR,1,0,43,FEMALE,NH,Head On Collision,13.03254168175602,80.0371376290023,1.0,43.0,43.0,43.0,VEHICLE,2022,1,6
110,January,2022-01-23,Sunday,2022-01-25,Pithampur,Indore,Madhya Pradesh,"22.594745827533117, 75.7003748573627",TWO WHEELER,TRUCK,1,0,27,MALE,NH,Hit From Back,22.59474582753312,75.7003748573627,1.0,27.0,27.0,27.0,VEHICLE,2022,1,6
113,January,2022-01-27,Thursday,2022-01-27,Chilakaluripet,Nil,Andhra Pradesh,"16.080937609341778, 80.15831819833785",CAR,TRUCK,2,1,,MALE,NH,Others,16.080937609341778,80.15831819833785,,,,,VEHICLE,2022,1,3
115,January,2022-01-27,Thursday,2022-01-28,Ranmochan T Point,Nil,Maharashtra,"20.608413591260497, 79.85587713179397",CAR,TRACTOR,2,2,"47,54",MALE,NH,Hit From Side,20.608413591260497,79.85587713179397,2.0,50.5,47.0,54.0,VEHICLE,2022,1,3
116,January,2022-01-26,Wednesday,2022-01-28,Banashankari,Bengaluru,Karnataka,"12.953940017532453, 77.54359380855148",TWO WHEELER,DIVIDER,1,0,37,MALE,NH,Fixed Object Collision,12.953940017532451,77.54359380855148,1.0,37.0,37.0,37.0,OBJECT,2022,1,2
117,January,2022-01-27,Thursday,2022-01-28,Darsi,Nil,Andhra Pradesh,"15.75873311270647, 79.67422646980734",CAR,TRACTOR,2,1,,MALE,NH,Hit From Back,15.75873311270647,79.67422646980734,,,,,VEHICLE,2022,1,3
118,January,2022-01-27,Thursday,2022-01-28,Kolukhedi,Nil,Madhya Pradesh,"23.53469623782937, 77.22595938027769",SUV,TREE,1,3,22,MALE,NH,Fixed Object Collision,23.53469623782937,77.22595938027769,1.0,22.0,22.0,22.0,OBJECT,2022,1,3
119,January,2022-01-26,Wednesday,2022-01-29,Ummalada,Nil,Andhra Pradesh,"17.647684108050818, 82.99488444844167",TWO WHEELER,LORRY,2,0,"45,40",BOTH,SH,Others,17.647684108050818,82.99488444844167,2.0,42.5,40.0,45.0,VEHICLE,2022,1,2
120,January,2022-01-27,Thursday,2022-01-29,Harsil,Nil,Uttarakhand,"31.037472816888762, 78.73627773458514",CAR,GORGE,2,2,"50,20",BOTH,NH,Vehicle Overturn,31.03747281688876,78.73627773458514,2.0,35.0,20.0,50.0,OBJECT,2022,1,3
121,January,2022-01-28,Friday,2022-01-29,Sujatha Nagar,Nil,Telangana,"17.490912151289685, 80.57321678720476",PICK UP,TRUCK,4,8,"27,40,52,42",FEMALE,SH,Others,17.490912151289685,80.57321678720476,4.0,40.25,27.0,52.0,VEHICLE,2022,1,4
123,January,2022-01-28,Friday,2022-01-30,Badangi,Nil,Andhra Pradesh,"18.4954422867835, 83.36932057015237",PEDESTRIAN,UNIDENTIFIED,1,0,12,MALE,SH,Hit and Run,18.4954422867835,83.36932057015237,1.0,12.0,12.0,12.0,UNKNOWN,2022,1,4
124,January,2022-01-30,Sunday,2022-01-30,Kamam,Nil,Telangana,"18.428038071455486, 79.13507468317677",PEDESTRIAN,SUV,4,2,"27,20,32,14",BOTH,NH,Hit and Run,18.42803807145549,79.13507468317677,4.0,23.25,14.0,32.0,VEHICLE,2022,1,6
129,February,2022-01-31,Monday,2022-02-01,Ranigaon,Nil,Rajasthan,"27.092451869286297, 74.42748015803826",CAR,NIL,1,3,35,MALE,SH,Run Off Road,27.092451869286297,74.42748015803826,1.0,35.0,35.0,35.0,UNKNOWN,2022,1,0
131,February,2022-02-01,Tuesday,2022-02-01,Bandri,Nil,Madhya Pradesh,"24.044934899671098, 78.6394929061528",CAR,UNIDENTIFIED,3,0,"21,23,25",MALE,NH,Hit and Run,24.044934899671095,78.6394929061528,3.0,23.0,21.0,25.0,UNKNOWN,2022,2,1
132,February,2022-02-01,Tuesday,2022-02-01,Balaghat,Nil,Madhya Pradesh,"21.815346974057224, 80.17806276395049",CAR,TRUCK,1,3,,MALE,SH,Others,21.815346974057224,80.17806276395049,,,,,VEHICLE,2022,2,1
133,February,2022-01-31,Monday,2022-02-02,Gondal road,Rajkot,Gujarat,"22.209325349494875, 70.8009083158295",TWO WHEELER,TRUCK,1,1,18,MALE,NH,Hit From Back,22.209325349494875,70.8009083158295,1.0,18.0,18.0,18.0,VEHICLE,2022,1,0
136,February,2022-02-02,Wednesday,2022-02-03,AB Road Junction,Nil,Madhya Pradesh,"22.48983884444052, 75.66671181495484",TWO WHEELER,UNIDENTIFIED,1,2,27,FEMALE,NH,Hit and Run,22.48983884444052,75.66671181495484,1.0,27.0,27.0,27.0,UNKNOWN,2022,2,2
138,February,2022-02-03,Thursday,2022-02-04,Lankelapalem,Vizag,Andhra Pradesh,"17.666465319754213, 83.09425625830963",PEDESTRIAN,UNIDENTIFIED,1,0,65,FEMALE,SH,Hit and Run,17.666465319754213,83.09425625830963,1.0,65.0,65.0,65.0,UNKNOWN,2022,2,3
139,February,2022-02-03,Thursday,2022-02-04,Barmer Rd,Nil,Rajasthan,"26.910703910916826, 70.9337404020313",SUV,TRUCK,3,1,"32,5",BOTH,NH,Others,26.910703910916823,70.9337404020313,2.0,18.5,5.0,32.0,VEHICLE,2022,2,3
142,February,2022-02-03,Thursday,2022-02-04,Nettoor,Kochi,Kerala,"9.929597110544417, 76.31779942841041",TWO WHEELER,TRUCK,1,0,35,MALE,NH,Hit From Back,9.929597110544416,76.31779942841041,1.0,35.0,35.0,35.0,VEHICLE,2022,2,3
143,February,2022-02-02,Wednesday,2022-02-04,Nadiad,Nil,Gujarat,"22.682739814166254, 72.90717749509794",TRUCK,TRUCK,1,1,40,MALE,NH,Others,22.68273981416625,72.90717749509794,1.0,40.0,40.0,40.0,VEHICLE,2022,2,2
144,February,2022-02-03,Thursday,2022-02-05,Nadbai Police Station,Nil,Rajasthan,"27.21585406766396, 77.20152201303823",TWO WHEELER,TRACTOR,1,2,,MALE,SH,Others,27.21585406766396,77.20152201303823,,,,,VEHICLE,2022,2,3
145,February,2022-02-03,Thursday,2022-02-05,Bhilwadi Ghati,Nil,Rajasthan,"27.41685838705793, 76.10444383342535",CAR,TRUCK,3,0,,,NH,Head On Collision,27.41685838705793,76.10444383342535,,,,,VEHICLE,2022,2,3
146,February,2022-02-03,Thursday,2022-02-05,Tiruvallur,Nil,Tamil Nadu,"13.12297281283396, 79.91173226564752",TWO WHEELER,TRUCK,1,1,37,MALE,SH,Hit From Back,13.12297281283396,79.91173226564752,1.0,37.0,37.0,37.0,VEHICLE,2022,2,3
147,February,2022-02-03,Thursday,2022-02-05,Thiruvallur,Nil,Tamil Nadu,"13.126032102413575, 79.91089197828818",PEDESTRIAN,TRUCK,1,0,65,MALE,SH,Hit and Run,13.126032102413577,79.91089197828818,1.0,65.0,65.0,65.0,VEHICLE,2022,2,3
148,February,2022-02-04,Friday,2022-02-05,Safipur,Nil,Uttar Pradesh,"26.738629447023207, 80.35052740128569",CAR,TRUCK,3,1,,BOTH,SH,Hit From Side,26.738629447023207,80.35052740128569,,,,,VEHICLE,2022,2,4
149,February,2022-02-05,Saturday,2022-02-06,Krishnayapalem,Nil,Andhra Pradesh,"16.82089116931901, 81.59278745690153",TWO WHEELER,POLE,3,0,"19,19,19",MALE,SH,Fixed Object Collision,16.82089116931901,81.59278745690153,3.0,19.0,19.0,19.0,OBJECT,2022,2,5
150,February,2022-02-06,Sunday,2022-02-06,Budagavi,Nil,Andhra Pradesh,"14.962623936340337, 77.23330737491476",CAR,TRUCK,9,0,,,NH,Others,14.962623936340336,77.23330737491476,,,,,VEHICLE,2022,2,6
151,February,2022-02-05,Saturday,2022-02-06,Pirappancode,Nil,Kerala,"8.659199326714372, 76.91968191971127",SUV,TREE,1,2,56,FEMALE,SH,Fixed Object Collision,8.659199326714372,76.91968191971127,1.0,56.0,56.0,56.0,OBJECT,2022,2,5
157,February,2022-02-05,Saturday,2022-02-07,Punawale,Nil,Maharashtra,"18.632492103607568, 73.74157079427587",CAR,TRUCK,3,2,"19,40,54",MALE,NH,With Parked Vehicle,18.632492103607568,73.74157079427587,3.0,37.666666666666664,19.0,54.0,VEHICLE,2022,2,5
158,February,2022-02-06,Sunday,2022-02-07,ZOO Park,Vizag,Andhra Pradesh,"17.760528885443883, 83.35495694453758",TWO WHEELER,CAR,1,2,3,FEMALE,SH,Hit From Back,17.760528885443883,83.35495694453758,1.0,3.0,3.0,3.0,VEHICLE,2022,2,6
160,February,2022-02-07,Monday,2022-02-08,Nagaur,Nil,Rajasthan,"27.2138302972568, 73.71605649545057",CAR,CAR,2,3,,MALE,NH,Head On Collision,27.2138302972568,73.71605649545057,,,,,VEHICLE,2022,2,0
161,February,2022-02-07,Monday,2022-02-08,Keerwa,Nil,Rajasthan,"25.49987528377706, 73.25112435658373",CAR,DIVIDER,1,1,50,MALE,NH,Fixed Object Collision,25.49987528377706,73.25112435658373,1.0,50.0,50.0,50.0,OBJECT,2022,2,0
163,February,2022-02-09,Wednesday,2022-02-09,Halvad,Nil,Gujarat,"23.004502500291746, 71.15380897504323",SUV,NIL,3,2,,,SH,Run Off Road,23.004502500291743,71.15380897504323,,,,,UNKNOWN,2022,2,2
164,February,2022-02-08,Tuesday,2022-02-09,Titra,Nil,Bihar,"26.22754594175393, 84.24243447792814",TWO WHEELER,BUS,2,3,"25,25",MALE,NH,Others,26.22754594175393,84.24243447792814,2.0,25.0,25.0,25.0,VEHICLE,2022,2,1
165,February,2022-02-08,Tuesday,2022-02-09,Sothupakkam,Nil,Tamil Nadu,"12.440200277367603, 79.83599847114043",VAN,TRUCK,3,10,"30,60,3",BOTH,NH,With Parked Vehicle,12.440200277367603,79.83599847114043,3.0,31.0,3.0,60.0,VEHICLE,2022,2,1
166,February,2022-02-09,Wednesday,2022-02-10,Adoor,Nil,Kerala,"9.156390493413305, 76.73231340739379",CAR,CANAL,3,4,"51,53,60",FEMALE,SH,Vehicle Overturn,9.156390493413303,76.73231340739379,3.0,54.666666666666664,51.0,60.0,OBJECT,2022,2,2
168,February,2022-02-09,Wednesday,2022-02-10,Mamoni,Nil,Rajasthan,"25.187145880104637, 77.11115122253314",SUV,NIL,3,9,"50,12,51",BOTH,NH,Run Off Road,25.18714588010464,77.11115122253314,3.0,37.666666666666664,12.0,51.0,UNKNOWN,2022,2,2
169,February,2022-02-08,Tuesday,2022-02-10,Thagarapuvalasa,Nil,Andhra Pradesh,"17.931285780564018, 83.42356678931198",TWO WHEELER,LORRY,2,0,"28,40",MALE,NH,With Parked Vehicle,17.931285780564018,83.42356678931198,2.0,34.0,28.0,40.0,VEHICLE,2022,2,1
170,February,2022-02-09,Wednesday,2022-02-11,Varkala,Nil,Kerala,"8.74283202760778, 76.72160216889189",PEDESTRIAN,TWO WHEELER,1,2,60,MALE,SH,Hit and Run,8.74283202760778,76.72160216889189,1.0,60.0,60.0,60.0,VEHICLE,2022,2,2
173,February,2022-02-10,Thursday,2022-02-11,Ramol,Ahmedabad,Gujarat,"22.974129466237112, 72.6534256375576",CAR,TRUCK,2,3,,MALE,NH,With Parked Vehicle,22.974129466237112,72.6534256375576,,,,,VEHICLE,2022,2,3
175,February,2022-02-11,Friday,2022-02-12,Sihora,Nil,Gujarat,"23.488212910200673, 80.10769353179742",CAR,TRUCK,2,3,"50,38",MALE,NH,With Parked Vehicle,23.488212910200676,80.10769353179742,2.0,44.0,38.0,50.0,VEHICLE,2022,2,4
179,February,2022-02-12,Saturday,2022-02-13,Devagiri,Nil,Karnataka,"14.838820326235737, 75.3533581920594",BUS,NIL,2,30,"34,35",MALE,NH,Run Off Road,14.838820326235735,75.3533581920594,2.0,34.5,34.0,35.0,UNKNOWN,2022,2,5
180,February,2022-02-12,Saturday,2022-02-13,Kalpana Ginning,Nil,Maharashtra,"21.00119281715471, 79.39828299234789",CAR,NIL,3,1,"55,50,25",BOTH,SH,Run Off Road,21.00119281715471,79.39828299234789,3.0,43.333333333333336,25.0,55.0,UNKNOWN,2022,2,5
182,February,2022-02-12,Saturday,2022-02-14,Ottakkalmandapam,Nil,Tamil Nadu,"10.873262324653167, 77.00665745816913",TWO WHEELER,BUS,2,0,"25,19",BOTH,NH,Head On Collision,10.873262324653169,77.00665745816913,2.0,22.0,19.0,25.0,VEHICLE,2022,2,5
186,February,2022-02-15,Tuesday,2022-02-15,RJ SH12,Jaipur,Rajasthan,"26.761340281072, 75.74696895289894",CAR,TREE,5,0,,MALE,SH,Fixed Object Collision,26.761340281072,75.74696895289894,,,,,OBJECT,2022,2,1
187,February,2022-02-15,Tuesday,2022-02-15,Khopoli,Nil,Maharashtra,"18.785150637116026, 73.34700081173162",CAR,TRUCK,4,0,"36,32,31",MALE,NH,Hit From Back,18.785150637116026,73.34700081173162,3.0,33.0,31.0,36.0,VEHICLE,2022,2,1
188,February,2022-02-14,Monday,2022-02-15,Jalali,Nil,Uttar Pradesh,"26.540203411080476, 81.63236223814823",SUV,TRUCK,2,5,"40,70",BOTH,NH,With Parked Vehicle,26.54020341108048,81.63236223814823,2.0,55.0,40.0,70.0,VEHICLE,2022,2,0
189,February,2022-02-16,Wednesday,2022-02-16,Kolar,Nil,Karnataka,"13.126527581387272, 78.11583179770683",CAR,DIVIDER,4,2,,BOTH,NH,Fixed Object Collision,13.126527581387272,78.11583179770683,,,,,OBJECT,2022,2,2
191,February,2022-02-16,Wednesday,2022-02-16,Narayanpur,Nil,Uttar Pradesh,"25.19145275727694, 83.02887846513721",CAR,TRUCK,6,0,"34,28,28,8,10",BOTH,SH,With Parked Vehicle,25.19145275727694,83.02887846513721,5.0,21.6,8.0,34.0,VEHICLE,2022,2,2
196,February,2022-02-16,Wednesday,2022-02-17,SIDCO IND. Estate,Coimbatore,Tamil Nadu,"10.938080599081948, 76.98016337449293",CAR,TRUCK,2,1,"28,50",BOTH,NH,Head On Collision,10.938080599081948,76.98016337449293,2.0,39.0,28.0,50.0,VEHICLE,2022,2,2
197,February,2022-02-15,Tuesday,2022-02-17,Kishanganj,Nil,Madhya Pradesh,"22.578983326258918, 75.77721150442704",TWO WHEELER,UNIDENTIFIED,1,0,45,MALE,NH,Hit and Run,22.57898332625892,75.77721150442704,1.0,45.0,45.0,45.0,UNKNOWN,2022,2,1
198,February,2022-02-18,Friday,2022-02-18,Golden Temple,Nil,Tamil Nadu,"12.869718563956598, 79.087678239575",CAR,TRUCK,4,1,"23,25,25,2",BOTH,SH,Hit From Back,12.869718563956598,79.087678239575,4.0,18.75,2.0,25.0,VEHICLE,2022,2,4
199,February,2022-02-17,Thursday,2022-02-18,Nokh,Nil,Rajasthan,"27.568099266809714, 72.2475957764855",CAR,UNIDENTIFIED,2,2,65,FEMALE,NH,Hit and Run,27.568099266809718,72.2475957764855,1.0,65.0,65.0,65.0,UNKNOWN,2022,2,3
201,February,2022-02-19,Saturday,2022-02-19,Gattamma Temple,Nil,Telangana,"18.188326947884857, 79.91491551269137",CAR,BUS,4,4,,BOTH,NH,Head On Collision,18.188326947884857,79.91491551269137,,,,,VEHICLE,2022,2,5
202,February,2022-02-19,Saturday,2022-02-19,Nathdwara,Nil,Rajasthan,"24.9308253171582, 73.82617210519453",TWO WHEELER,UNIDENTIFIED,3,0,"30,14,38",MALE,NH,Hit and Run,24.9308253171582,73.82617210519453,3.0,27.333333333333332,14.0,38.0,UNKNOWN,2022,2,5
204,February,2022-02-17,Thursday,2022-02-19,Dhank,Nil,Chhattisgarh,"21.22049960531919, 82.40670193772387",TWO WHEELER,UNIDENTIFIED,4,0,"45,18,18,18",BOTH,NH,Hit and Run,21.22049960531919,82.40670193772387,4.0,24.75,18.0,45.0,UNKNOWN,2022,2,3
205,February,2022-02-19,Saturday,2022-02-19,Kisagar,Nil,Bihar,"25.589870746053073, 84.25004814353804",SUV,BUS,5,10,"37,75",BOTH,NH,Head On Collision,25.589870746053077,84.25004814353804,2.0,56.0,37.0,75.0,VEHICLE,2022,2,5
206,February,2022-02-20,Sunday,2022-02-20,Chambal Bridge Kota,Kota,Rajasthan,"25.195967165236652, 75.84516315344385",SUV,RIVER,9,0,,BOTH,NH,Vehicle Overturn,25.19596716523665,75.84516315344385,,,,,OBJECT,2022,2,6
207,February,2022-02-18,Friday,2022-02-20,Dolu,Nil,Assam,"24.92149865757436, 92.78156696643879",CAR,BRIDGE,1,3,,FEMALE,NH,Fixed Object Collision,24.92149865757436,92.7815669664388,,,,,VEHICLE,2022,2,4
209,February,2022-02-18,Friday,2022-02-20,Jivrajpark,Ahmedabad,Gujarat,"23.00544441957308, 72.53338811590844",TWO WHEELER,CRANE,1,1,23,MALE,NH,With Parked Vehicle,23.00544441957308,72.53338811590844,1.0,23.0,23.0,23.0,VEHICLE,2022,2,4
210,February,2022-02-21,Monday,2022-02-21,Chevella,Nil,Telangana,"17.313601040235092, 78.13928501548331",CAR,SUV,3,7,,BOTH,NH,Others,17.313601040235092,78.13928501548331,,,,,VEHICLE,2022,2,0
213,February,2022-02-20,Sunday,2022-02-21,Yanam-Yedurlanka Bridge,Nil,Andhra Pradesh,"16.726270377838905, 82.20194318234546",TWO WHEELER,VAN,4,3,"38,35,10,9",BOTH,NH,Head On Collision,16.726270377838905,82.20194318234546,4.0,23.0,9.0,38.0,VEHICLE,2022,2,6
214,February,2022-02-20,Sunday,2022-02-21,Pullagampalle,Nil,Andhra Pradesh,"14.08097302776957, 78.06890620844874",BUS,NIL,3,0,"45,40,18",BOTH,SH,Run Off Road,14.08097302776957,78.06890620844874,3.0,34.333333333333336,18.0,45.0,UNKNOWN,2022,2,6
215,February,2022-02-19,Saturday,2022-02-21,PiparCity,Nil,Rajasthan,"26.38744492359492, 73.53981947509264",TWO WHEELER,CAR,2,0,"21,20",BOTH,SH,Head On Collision,26.38744492359492,73.53981947509264,2.0,20.5,20.0,21.0,VEHICLE,2022,2,5
216,February,2022-02-22,Tuesday,2022-02-22,Tanakpur,Nil,Uttarakhand,"29.057010000030033, 80.1021978906326",PICK UP,GORGE,14,2,,,NH,Vehicle Overturn,29.057010000030036,80.1021978906326,,,,,OBJECT,2022,2,1
217,February,2022-02-20,Sunday,2022-02-22,Agar Road,Nil,Madhya Pradesh,"23.456187625116055, 75.88182763022814",CAR,TRACTOR,2,1,"68,23",MALE,SH,Head On Collision,23.45618762511605,75.88182763022814,2.0,45.5,23.0,68.0,VEHICLE,2022,2,6
221,February,2022-02-22,Tuesday,2022-02-23,Fatehbad Road,Agra,Uttar Pradesh,"27.158435724776187, 78.06272867574049",CAR,BUS,2,7,,,SH,Others,27.158435724776187,78.06272867574049,,,,,VEHICLE,2022,2,1
222,February,2022-02-21,Monday,2022-02-23,Kotdwar,Nil,Uttarakhand,"29.75842648666641, 78.54244677611753",CAR,GORGE,3,2,,,NH,Vehicle Overturn,29.75842648666641,78.54244677611753,,,,,OBJECT,2022,2,0
223,February,2022-02-21,Monday,2022-02-23,Mandala,Nil,Rajasthan,"28.315880502085022, 75.42778059962849",CAR,CAR,3,0,"59,80,63",BOTH,SH,Head On Collision,28.315880502085022,75.42778059962849,3.0,67.33333333333333,59.0,80.0,VEHICLE,2022,2,0
224,February,2022-02-22,Tuesday,2022-02-23,Khetolai,Nil,Rajasthan,"27.015212450599027, 71.70535690266628",SUV,NIL,3,2,"43,40,47",BOTH,NH,Vehicle Overturn,27.015212450599027,71.70535690266628,3.0,43.333333333333336,40.0,47.0,UNKNOWN,2022,2,1
226,February,2022-02-22,Tuesday,2022-02-23,Moinabad,Hyderabad,Telangana,"17.329662439312923, 78.27425994433521",TWO WHEELER,BUS,2,0,"60,45",BOTH,NH,Hit From Back,17.329662439312923,78.27425994433521,2.0,52.5,45.0,60.0,VEHICLE,2022,2,1
227,February,2022-02-21,Monday,2022-02-24,NH 360 Vani,Nil,Maharashtra,"20.33283598716889, 73.88779870315513",TWO WHEELER,BUS,1,0,23,MALE,NH,Head On Collision,20.33283598716889,73.88779870315513,1.0,23.0,23.0,23.0,VEHICLE,2022,2,0
228,February,2022-02-20,Sunday,2022-02-24,Dangsaundane,Nil,Maharashtra,"20.628825370716992, 74.03792201888484",TWO WHEELER,TWO WHEELER,1,0,18,MALE,SH,Others,20.628825370716992,74.03792201888484,1.0,18.0,18.0,18.0,VEHICLE,2022,2,6
229,February,2022-02-23,Wednesday,2022-02-24,Kasturbagram,Indore,Madhya Pradesh,"22.64951001448067, 75.88658250405783",TWO WHEELER,TRUCK,1,0,50,MALE,SH,Head On Collision,22.64951001448067,75.88658250405783,1.0,50.0,50.0,50.0,VEHICLE,2022,2,2
230,February,2022-02-24,Thursday,2022-02-25,Shindewadi Tunnel,Nil,Maharashtra,"18.391701123992394, 73.85593140292903",TWO WHEELER,TRUCK,2,0,"29,50",BOTH,NH,Hit From Back,18.391701123992394,73.85593140292903,2.0,39.5,29.0,50.0,VEHICLE,2022,2,3
233,February,2022-02-24,Thursday,2022-02-26,Shamshabad,Hyderabad,Telangana,"17.26200439015837, 78.38814180946548",TWO WHEELER,NIL,1,0,30,MALE,NH,Vehicle Overturn,17.26200439015837,78.38814180946548,1.0,30.0,30.0,30.0,UNKNOWN,2022,2,3
234,February,2022-02-24,Thursday,2022-02-26,Bhatan Tunnel,Nil,Maharashtra,"18.91367527325495, 73.17852135553856",PEDESTRIAN,UNIDENTIFIED,1,0,53,MALE,NH,Hit and Run,18.91367527325495,73.17852135553856,1.0,53.0,53.0,53.0,UNKNOWN,2022,2,3
235,February,2022-02-24,Thursday,2022-02-26,Sankeshwar,Nil,Karnataka,"16.263716185019536, 74.47309535046699",TWO WHEELER,TWO WHEELER,4,0,"24,23,23,21",MALE,SH,Head On Collision,16.263716185019536,74.47309535046699,4.0,22.75,21.0,24.0,VEHICLE,2022,2,3
236,February,2022-02-27,Sunday,2022-02-27,Budhana,Nil,Uttar Pradesh,"29.29006598210077, 77.47378345407694",TWO WHEELER,CAR,1,3,,MALE,SH,Head On Collision,29.29006598210077,77.47378345407694,,,,,VEHICLE,2022,2,6
240,February,2022-02-27,Sunday,2022-02-28,Bellary Road,Bengaluru,Karnataka,"13.134571102347406, 77.61675186207687",TWO WHEELER,CAR,2,0,"22,22",MALE,NH,Others,13.134571102347406,77.61675186207687,2.0,22.0,22.0,22.0,VEHICLE,2022,2,6
241,February,2022-02-27,Sunday,2022-02-28,Hebbal,Bengaluru,Karnataka,"13.035500082682866, 77.58892000253744",TWO WHEELER,DIVIDER,1,0,27,MALE,NH,Fixed Object Collision,13.035500082682866,77.58892000253744,1.0,27.0,27.0,27.0,OBJECT,2022,2,6
244,March,2022-02-27,Sunday,2022-03-01,Sinnar,Nil,Maharashtra,"19.846577303394984, 73.97107766153536",TWO WHEELER,TRUCK,1,0,25,MALE,NH,Others,19.846577303394984,73.97107766153536,1.0,25.0,25.0,25.0,VEHICLE,2022,2,6
245,March,2022-03-01,Tuesday,2022-03-01,Bhor Ghat,Nil,Maharashtra,"18.77063933979836, 73.36590938508034",TRUCK,WALL,1,22,,MALE,NH,Fixed Object Collision,18.77063933979836,73.36590938508034,,,,,OBJECT,2022,3,1
247,March,2022-02-27,Sunday,2022-03-01,Veerasandra Junction,Bengaluru,Karnataka,"12.846453600857831, 77.67215941964415",VAN,DIVIDER,1,1,23,MALE,NH,Fixed Object Collision,12.846453600857831,77.67215941964415,1.0,23.0,23.0,23.0,OBJECT,2022,2,6
249,March,2022-02-28,Monday,2022-03-02,Karad,Nil,Maharashtra,"17.286690427411575, 74.18447132552234",CAR,TRUCK,1,3,32,FEMALE,NH,Hit From Back,17.286690427411575,74.18447132552234,1.0,32.0,32.0,32.0,VEHICLE,2022,2,0
252,March,2022-02-28,Monday,2022-03-02,Punawale,Pune,Maharashtra,"18.632987304673655, 73.74146182222104",CAR,TRUCK,1,2,30,MALE,NH,Hit From Back,18.63298730467365,73.74146182222104,1.0,30.0,30.0,30.0,VEHICLE,2022,2,0
253,March,2022-03-02,Wednesday,2022-03-03,Kazhakkottam,Nil,Kerala,"8.560349800808412, 76.875886925318",TWO WHEELER,TRUCK,1,1,19,MALE,NH,Hit From Back,8.560349800808412,76.875886925318,1.0,19.0,19.0,19.0,VEHICLE,2022,3,2
254,March,2022-03-02,Wednesday,2022-03-03,Ayyankavu,Nil,Kerala,"10.058505914678154, 76.64636492554786",CAR,POLE,2,4,"75,31",MALE,NH,Fixed Object Collision,10.058505914678154,76.64636492554786,2.0,53.0,31.0,75.0,OBJECT,2022,3,2
258,March,2022-03-02,Wednesday,2022-03-04,Hotel Highway King Binola,Nil,Haryana,"28.29757364132327, 76.86837399663595",CAR,TRUCK,5,0,,MALE,NH,With Parked Vehicle,28.29757364132327,76.86837399663595,,,,,VEHICLE,2022,3,2
260,March,2022-03-04,Friday,2022-03-04,Green Chowk,Nil,Chhattisgarh,"21.199324620235608, 81.2887682600112",TRUCK,NIL,4,0,"26,26,23",MALE,SH,Run Off Road,21.199324620235608,81.2887682600112,3.0,25.0,23.0,26.0,UNKNOWN,2022,3,4
261,March,2022-03-03,Thursday,2022-03-04,Manoharpur,Nil,Rajasthan,"27.298943064764845, 75.95762115840584",TWO WHEELER,BUS,3,0,"20,28,18",MALE,NH,Hit From Side,27.298943064764845,75.95762115840584,3.0,22.0,18.0,28.0,VEHICLE,2022,3,3
263,March,2022-03-04,Friday,2022-03-05,MHKS Petrol Pump,Nagpur,Maharashtra,"21.20426880104254, 79.14620422583027",TWO WHEELER,TRUCK,1,2,17,MALE,NH,Head On Collision,21.20426880104254,79.14620422583027,1.0,17.0,17.0,17.0,VEHICLE,2022,3,4
266,March,2022-03-05,Saturday,2022-03-06,Katraj Tunnel,Nil,Maharashtra,"18.39892041913737, 73.84935979276045",TWO WHEELER,SUV,1,3,,MALE,NH,Hit From Back,18.39892041913737,73.84935979276045,,,,,VEHICLE,2022,3,5
267,March,2022-03-06,Sunday,2022-03-06,KG Chavadi,Nil,Tamil Nadu,"10.87206032990684, 76.89348210572516",VAN,TRUCK,2,7,"7,5",BOTH,NH,With Parked Vehicle,10.87206032990684,76.89348210572516,2.0,6.0,5.0,7.0,VEHICLE,2022,3,6
268,March,2022-03-05,Saturday,2022-03-06,Kishanganj,Nil,Rajasthan,"25.10031536069514, 76.67646540999337",CAR,TRUCK,1,1,30,MALE,NH,Others,25.10031536069514,76.67646540999337,1.0,30.0,30.0,30.0,VEHICLE,2022,3,5
269,March,2022-03-05,Saturday,2022-03-06,Kishanganj,Nil,Rajasthan,"25.101947583026973, 76.6731180130028",TRACTOR,TRUCK,1,2,35,MALE,NH,Others,25.101947583026973,76.6731180130028,1.0,35.0,35.0,35.0,VEHICLE,2022,3,5
270,March,2022-03-04,Friday,2022-03-06,Poonamallee High rd,Chennai,Tamil Nadu,"13.050848763275782, 80.0947979752743",TWO WHEELER,NIL,1,2,20,MALE,SH,Run Off Road,13.050848763275782,80.0947979752743,1.0,20.0,20.0,20.0,UNKNOWN,2022,3,4
271,March,2022-03-06,Sunday,2022-03-07,Degaon,Nil,Maharashtra,"17.609504860432846, 74.02802490439436",TRUCK,NIL,4,15,,BOTH,NH,Run Off Road,17.609504860432846,74.02802490439436,,,,,UNKNOWN,2022,3,6
272,March,2022-03-06,Sunday,2022-03-07,Elamanchili,Nil,Andhra Pradesh,"17.555017076256856, 82.84478078739808",PEDESTRIAN,LORRY,2,1,20,MALE,NH,Hit and Run,17.555017076256856,82.84478078739808,1.0,20.0,20.0,20.0,VEHICLE,2022,3,6
276,March,2022-03-06,Sunday,2022-03-08,Manpur,Nil,Madhya Pradesh,"22.430437925963222, 75.61669537388278",CAR,BUS,1,2,42,MALE,NH,With Parked Vehicle,22.430437925963226,75.61669537388278,1.0,42.0,42.0,42.0,VEHICLE,2022,3,6
278,March,2022-03-08,Tuesday,2022-03-09,Putharachal,Nil,Tamil Nadu,"10.90188754347919, 77.35709665574765",TWO WHEELER,TRUCK,4,0,"45,40,3,26",BOTH,SH,Others,10.90188754347919,77.35709665574765,4.0,28.5,3.0,45.0,VEHICLE,2022,3,1
281,March,2022-03-10,Thursday,2022-03-10,Chengalpattu Bridge,Nil,Tamil Nadu,"12.682730874771801, 79.98521902790553",TWO WHEELER,TRUCK,2,0,"45,51",MALE,SH,Hit From Back,12.6827308747718,79.98521902790553,2.0,48.0,45.0,51.0,VEHICLE,2022,3,3
282,March,2022-03-08,Tuesday,2022-03-10,Modinagar,Nil,Uttar Pradesh,"28.833243263781426, 77.57414318476498",TWO WHEELER,TRUCK,1,1,44,MALE,SH,Hit From Back,28.833243263781423,77.57414318476498,1.0,44.0,44.0,44.0,VEHICLE,2022,3,1
285,March,2022-03-09,Wednesday,2022-03-11,Bangaramma,Nil,Andhra Pradesh,"18.534999658377465, 83.19826114137548",TWO WHEELER,LORRY,1,0,25,MALE,SH,Others,18.534999658377465,83.19826114137548,1.0,25.0,25.0,25.0,VEHICLE,2022,3,2
286,March,2022-03-10,Thursday,2022-03-11,Amba Ghat,Nil,Maharashtra,"17.000592653821027, 73.77712806029851",SUV,GORGE,2,4,,FEMALE,NH,Vehicle Overturn,17.000592653821027,73.77712806029851,,,,,OBJECT,2022,3,3
287,March,2022-03-11,Friday,2022-03-12,Nerul Flyover,Mumbai,Maharashtra,"19.032645423077586, 73.02942374993484",TRUCK,TRUCK,1,1,23,MALE,NH,Hit From Back,19.032645423077582,73.02942374993484,1.0,23.0,23.0,23.0,VEHICLE,2022,3,4
288,March,2022-03-11,Friday,2022-03-12,Balurgi,Nil,Karnataka,"17.29688453077931, 76.37495067788755",CAR,TREE,5,0,,FEMALE,NH,Fixed Object Collision,17.29688453077931,76.37495067788755,,,,,OBJECT,2022,3,4
289,March,2022-03-11,Friday,2022-03-12,Rice Technology park,Nil,Karnataka,"15.633147275421006, 76.56589681159844",TRACTOR,NIL,4,16,"55,45,60,40",FEMALE,SH,Run Off Road,15.633147275421006,76.56589681159844,4.0,50.0,40.0,60.0,UNKNOWN,2022,3,4
290,March,2022-03-11,Friday,2022-03-12,Dudhia,Indore,Madhya Pradesh,"22.67603178168848, 75.94522481989529",TWO WHEELER,TRUCK,1,0,26,MALE,NH,Hit From Back,22.67603178168848,75.94522481989529,1.0,26.0,26.0,26.0,VEHICLE,2022,3,4
292,March,2022-03-13,Sunday,2022-03-13,Jaggaiahpet,Nil,Andhra Pradesh,"16.895063126476742, 80.11560317781093",CAR,CULVERT,5,1,1,BOTH,SH,Fixed Object Collision,16.895063126476742,80.11560317781093,1.0,1.0,1.0,1.0,VEHICLE,2022,3,6
294,March,2022-03-12,Saturday,2022-03-13,Lamna,Nil,Chhattisgarh,"22.710742787060603, 82.50931693292135",CAR,TRUCK,3,0,,,SH,Head On Collision,22.710742787060603,82.50931693292135,,,,,VEHICLE,2022,3,5
295,March,2022-03-11,Friday,2022-03-13,Desapatrunipalem Junction,Nil,Andhra Pradesh,"17.86628118850109, 83.19152640175578",TWO WHEELER,LORRY,3,0,"32,32,30",MALE,SH,Head On Collision,17.86628118850109,83.19152640175578,3.0,31.333333333333332,30.0,32.0,VEHICLE,2022,3,4
296,March,2022-03-12,Saturday,2022-03-14,Kundadam,Nil,Tamil Nadu,"10.84905403327252, 77.44744409508702",TWO WHEELER,DITCH,1,0,32,MALE,SH,Vehicle Overturn,10.84905403327252,77.44744409508702,1.0,32.0,32.0,32.0,OBJECT,2022,3,5
297,March,2022-03-12,Saturday,2022-03-14,Epcon Junction,Kolkata,West Bengal,"22.601893290143234, 88.37383577308988",PEDESTRIAN,TRUCK,1,0,65,MALE,SH,Hit and Run,22.601893290143234,88.37383577308988,1.0,65.0,65.0,65.0,VEHICLE,2022,3,5
304,March,2022-03-15,Tuesday,2022-03-16,Joba,Nil,Chhattisgarh,"19.42937203559203, 81.76036041919969",TRACTOR,TRUCK,5,17,,,NH,Head On Collision,19.42937203559203,81.76036041919969,,,,,VEHICLE,2022,3,1
305,March,2022-03-16,Wednesday,2022-03-16,Masana,Nil,Haryana,"30.05735761999651, 76.87996493850258",CAR,TRUCK,2,10,,,NH,Head On Collision,30.05735761999651,76.87996493850258,,,,,VEHICLE,2022,3,2
306,March,2022-03-16,Wednesday,2022-03-16,Tekkalivalasa,Nil,Andhra Pradesh,"18.449707400024923, 83.57664217942568",TWO WHEELER,BUS,3,1,"10,8,8",BOTH,SH,Head On Collision,18.449707400024923,83.57664217942568,3.0,8.666666666666666,8.0,10.0,VEHICLE,2022,3,2
309,March,2022-03-15,Tuesday,2022-03-17,Mahadevapura,Bengaluru,Karnataka,"12.98598086079149, 77.6906853405282",BUS,TRUCK,1,7,26,FEMALE,NH,With Parked Vehicle,12.98598086079149,77.6906853405282,1.0,26.0,26.0,26.0,VEHICLE,2022,3,1
313,March,2022-03-19,Saturday,2022-03-19,Pavagada,Nil,Karnataka,"14.091201794191328, 77.28334785048443",BUS,NIL,8,25,,,SH,Run Off Road,14.091201794191328,77.28334785048443,,,,,UNKNOWN,2022,3,5
318,March,2022-03-19,Saturday,2022-03-20,Gurugram-Alwar Rd,Nil,Haryana,"28.45316731819581, 77.03035134919776",PEDESTRIAN,TRUCK,2,0,"11,26",MALE,NH,Hit and Run,28.45316731819581,77.03035134919776,2.0,18.5,11.0,26.0,VEHICLE,2022,3,5
319,March,2022-03-18,Friday,2022-03-20,Chimrawali,Nil,Rajasthan,"27.36293399918115, 76.76680149484488",PEDESTRIAN,SUV,2,0,"25,23",MALE,SH,Hit and Run,27.36293399918115,76.76680149484488,2.0,24.0,23.0,25.0,VEHICLE,2022,3,4
320,March,2022-03-19,Saturday,2022-03-20,Behror,Nil,Rajasthan,"27.89165081734564, 76.29406000600738",CAR,TRUCK,3,3,"40,40,35",MALE,SH,With Parked Vehicle,27.89165081734564,76.29406000600738,3.0,38.333333333333336,35.0,40.0,VEHICLE,2022,3,5
321,March,2022-03-18,Friday,2022-03-20,Dera,Nil,Rajasthan,"27.15788653014015, 76.70106350691624",PEDESTRIAN,CAR,1,0,59,MALE,NH,Hit and Run,27.15788653014015,76.70106350691624,1.0,59.0,59.0,59.0,VEHICLE,2022,3,4
322,March,2022-03-19,Saturday,2022-03-20,Kanjar Colony,Nil,Rajasthan,"25.604216362643452, 75.16468547655597",TWO WHEELER,TWO WHEELER,2,5,,MALE,SH,Head On Collision,25.60421636264345,75.16468547655597,,,,,VEHICLE,2022,3,5
323,March,2022-03-19,Saturday,2022-03-20,Dulabh Nagar,Nil,Punjab,"30.83528544322029, 76.19317304364307",TWO WHEELER,CAR,1,2,30,MALE,NH,Others,30.83528544322029,76.19317304364307,1.0,30.0,30.0,30.0,VEHICLE,2022,3,5
324,March,2022-03-19,Saturday,2022-03-21,Khajrana,Indore,Madhya Pradesh,"22.730638864745796, 75.90297829499102",TWO WHEELER,UNIDENTIFIED,1,1,,FEMALE,SH,Hit and Run,22.7306388647458,75.90297829499102,,,,,UNKNOWN,2022,3,5
326,March,2022-03-20,Sunday,2022-03-21,Othukkungal,Nil,Kerala,"11.022633201492063, 76.02460531758915",TWO WHEELER,TRUCK,2,0,"22,20",MALE,SH,Hit From Back,11.022633201492065,76.02460531758915,2.0,21.0,20.0,22.0,VEHICLE,2022,3,6
327,March,2022-03-20,Sunday,2022-03-21,BITS Pilani Vasco,Nil,Goa,"15.386857225098757, 73.87488157173907",TWO WHEELER,BUS,2,1,"19,18",MALE,NH,Head On Collision,15.386857225098757,73.87488157173907,2.0,18.5,18.0,19.0,VEHICLE,2022,3,6
328,March,2022-03-19,Saturday,2022-03-21,Chakan,Nil,Maharashtra,"18.74894959298032, 73.87303015246229",TRUCK,TRUCK,1,0,25,MALE,NH,Head On Collision,18.74894959298032,73.87303015246229,1.0,25.0,25.0,25.0,VEHICLE,2022,3,5
329,March,2022-03-18,Friday,2022-03-21,Kuruli,Nil,Maharashtra,"18.712167579022104, 73.84833083894642",PEDESTRIAN,UNIDENTIFIED,1,0,36,MALE,NH,Hit and Run,18.712167579022104,73.84833083894642,1.0,36.0,36.0,36.0,UNKNOWN,2022,3,4
330,March,2022-03-19,Saturday,2022-03-21,Pachalloor,Thiruvananthapuram,Kerala,"8.425114026256335, 76.96239452051852",PEDESTRIAN,UNIDENTIFIED,2,0,"30,32",FEMALE,NH,Hit and Run,8.425114026256335,76.96239452051852,2.0,31.0,30.0,32.0,UNKNOWN,2022,3,5
332,March,2022-03-20,Sunday,2022-03-22,Malihabad,Nil,Uttar Pradesh,"26.925601417475015, 80.71326575663424",CAR,TRUCK,3,1,"22,20,21",MALE,NH,Head On Collision,26.92560141747501,80.71326575663424,3.0,21.0,20.0,22.0,VEHICLE,2022,3,6
333,March,2022-03-21,Monday,2022-03-22,Chandni Chowk Pune,Pune,Maharashtra,"18.50775263416563, 73.78094308026502",TWO WHEELER,UNIDENTIFIED,1,0,39,MALE,NH,Hit and Run,18.50775263416563,73.78094308026502,1.0,39.0,39.0,39.0,UNKNOWN,2022,3,0
334,March,2022-03-22,Tuesday,2022-03-22,Paud,Nil,Maharashtra,"18.523643275656518, 73.61912720298396",TWO WHEELER,TRUCK,1,4,40,MALE,SH,Others,18.52364327565652,73.61912720298396,1.0,40.0,40.0,40.0,VEHICLE,2022,3,1
337,March,2022-03-21,Monday,2022-03-23,Bhojka,Nil,Rajasthan,"26.944745583993694, 71.17748065615804",CAR,TRUCK,1,0,35,MALE,NH,Head On Collision,26.944745583993694,71.17748065615804,1.0,35.0,35.0,35.0,VEHICLE,2022,3,0
338,March,2022-03-23,Wednesday,2022-03-24,Habibganj,Nil,Madhya Pradesh,"23.644894223234477, 77.37362362570198",PEDESTRIAN,UNIDENTIFIED,1,0,45,MALE,NH,Hit and Run,23.64489422323448,77.37362362570198,1.0,45.0,45.0,45.0,UNKNOWN,2022,3,2
339,March,2022-03-23,Wednesday,2022-03-24,Buchireddypalem,Nil,Andhra Pradesh,"14.538681632255633, 79.87098174140185",BUS,TRUCK,1,34,,FEMALE,SH,Others,14.538681632255631,79.87098174140185,,,,,VEHICLE,2022,3,2
342,March,2022-03-23,Wednesday,2022-03-25,Berasia,Nil,Madhya Pradesh,"23.622972151317818, 77.43896535202445",PEDESTRIAN,CAR,1,0,43,MALE,NH,Hit and Run,23.622972151317818,77.43896535202445,1.0,43.0,43.0,43.0,VEHICLE,2022,3,2
344,March,2022-03-25,Friday,2022-03-26,Murlipura,Jaipur,Rajasthan,"26.97329716136762, 75.75200510380681",PEDESTRIAN,PICK UP,2,3,,FEMALE,NH,Hit and Run,26.97329716136762,75.75200510380681,,,,,VEHICLE,2022,3,4
345,March,2022-03-24,Thursday,2022-03-26,Makhmalabad,Nashik,Maharashtra,"20.04600488961532, 73.78192209476408",TWO WHEELER,UNIDENTIFIED,1,1,69,FEMALE,SH,Hit and Run,20.04600488961532,73.78192209476408,1.0,69.0,69.0,69.0,UNKNOWN,2022,3,3
351,March,2022-03-26,Saturday,2022-03-28,Samon Ki Dhani,Nil,Rajasthan,"25.033442643350504, 71.15309353338016",SUV,UNIDENTIFIED,2,2,,MALE,NH,Hit and Run,25.033442643350504,71.15309353338016,,,,,UNKNOWN,2022,3,5
356,March,2022-03-23,Wednesday,2022-03-29,Nandur Naka,Nashik,Maharashtra,"19.997540139104622, 73.84619243807843",TWO WHEELER,CAR,1,0,84,MALE,SH,Hit From Back,19.997540139104625,73.84619243807843,1.0,84.0,84.0,84.0,VEHICLE,2022,3,2
357,March,2022-03-26,Saturday,2022-03-29,Dwarka Flyover,Nashik,Maharashtra,"19.995635061963444, 73.80014527715502",TWO WHEELER,UNIDENTIFIED,1,0,42,MALE,NH,Hit and Run,19.995635061963444,73.80014527715502,1.0,42.0,42.0,42.0,UNKNOWN,2022,3,5
358,March,2022-03-28,Monday,2022-03-29,Tagdi,Nil,Gujarat,"21.682811615194524, 72.18554626754947",PEDESTRIAN,BUS,1,0,17,FEMALE,SH,Hit and Run,21.682811615194524,72.18554626754947,1.0,17.0,17.0,17.0,VEHICLE,2022,3,0
359,March,2022-03-28,Monday,2022-03-29,Nagla,Nil,Uttarakhand,"28.997203705235954, 79.51982690464236",CAR,CAR,2,2,"42,40",BOTH,NH,Head On Collision,28.997203705235957,79.51982690464236,2.0,41.0,40.0,42.0,VEHICLE,2022,3,0
360,March,2022-03-28,Monday,2022-03-29,Kamareddy,Nil,Telangana,"18.325421308896082, 78.33671289159956",CAR,BUS,5,1,"45,40,62,40",BOTH,SH,With Parked Vehicle,18.32542130889608,78.33671289159956,4.0,46.75,40.0,62.0,VEHICLE,2022,3,0
361,March,2022-03-28,Monday,2022-03-30,Red Hills,Chennai,Tamil Nadu,"13.190783091478997, 80.19027658483105",TWO WHEELER,TWO WHEELER,1,1,40,MALE,NH,Others,13.190783091478997,80.19027658483105,1.0,40.0,40.0,40.0,VEHICLE,2022,3,0
362,March,2022-03-28,Monday,2022-03-30,R K Pet,Nil,Tamil Nadu,"13.151971575559946, 79.43306746420294",PEDESTRIAN,TRACTOR,1,0,68,FEMALE,SH,Hit and Run,13.151971575559946,79.43306746420294,1.0,68.0,68.0,68.0,VEHICLE,2022,3,0
364,March,2022-03-30,Wednesday,2022-03-30,BSF Quarters,Kolkata,West Bengal,"22.581638997335748, 88.43569962072566",TWO WHEELER,BUS,1,0,41,MALE,SH,Hit From Back,22.581638997335748,88.43569962072566,1.0,41.0,41.0,41.0,VEHICLE,2022,3,2
366,March,2022-03-29,Tuesday,2022-03-30,Seetharamapuram,Nil,Andhra Pradesh,"15.01307210074714, 79.1444151537734",CAR,LORRY,2,3,,,NH,With Parked Vehicle,15.01307210074714,79.1444151537734,,,,,VEHICLE,2022,3,1
367,March,2022-03-30,Wednesday,2022-03-31,Firozabad,Nil,Uttar Pradesh,"27.15083110001251, 78.40875398690227",PICK UP,TRUCK,5,1,"19,17,18,30,28",MALE,SH,With Parked Vehicle,27.15083110001251,78.40875398690227,5.0,22.4,17.0,30.0,VEHICLE,2022,3,2
371,April,2022-04-01,Friday,2022-04-01,Midthur,Nil,Andhra Pradesh,"15.771109039806735, 78.29277991268702",BUS,TRUCK,2,2,,,SH,Others,15.771109039806737,78.29277991268702,,,,,VEHICLE,2022,4,4
372,April,2022-03-31,Thursday,2022-04-01,Hastings Crossing,Kolkata,West Bengal,"22.5258797785175, 88.39572396277454",TRUCK,UNIDENTIFIED,1,1,27,MALE,SH,Others,22.5258797785175,88.39572396277454,1.0,27.0,27.0,27.0,UNKNOWN,2022,3,3
374,April,2022-04-02,Saturday,2022-04-02,Takara,Nil,Odisha,"20.386849301378763, 84.75951006419386",BUS,TRUCK,1,15,,MALE,NH,Others,20.386849301378763,84.75951006419386,,,,,VEHICLE,2022,4,5
377,April,2022-04-01,Friday,2022-04-02,Seebara,Nil,Karnataka,"14.259495209831883, 76.34745630421739",CAR,TRUCK,2,1,"30,43",MALE,NH,Hit From Back,14.259495209831885,76.34745630421739,2.0,36.5,30.0,43.0,VEHICLE,2022,4,4
378,April,2022-04-03,Sunday,2022-04-03,Padipeta,Nil,Andhra Pradesh,"13.5964583824096, 79.468585292512",TWO WHEELER,CAR,2,0,"60,36",MALE,SH,Head On Collision,13.5964583824096,79.468585292512,2.0,48.0,36.0,60.0,VEHICLE,2022,4,6
379,April,2022-04-02,Saturday,2022-04-03,Marrivalasa,Nil,Andhra Pradesh,"17.8740683869601, 83.0790461056656",TWO WHEELER,TREE,3,0,"22,19,20",MALE,SH,Fixed Object Collision,17.8740683869601,83.0790461056656,3.0,20.333333333333332,19.0,22.0,OBJECT,2022,4,5
380,April,2022-04-02,Saturday,2022-04-03,Sri Paidimamba Hotel,Nil,Andhra Pradesh,"17.62550225814061, 83.08718008575381",TWO WHEELER,LORRY,1,1,,MALE,SH,Head On Collision,17.62550225814061,83.08718008575381,,,,,VEHICLE,2022,4,5
382,April,2022-04-03,Sunday,2022-04-04,Jaitpur,Nil,Uttar Pradesh,"28.552632789117965, 79.90025737886869",VAN,CULVERT,2,8,"18,40",MALE,NH,Fixed Object Collision,28.552632789117965,79.90025737886869,2.0,29.0,18.0,40.0,VEHICLE,2022,4,6
383,April,2022-04-04,Monday,2022-04-05,Pandoh Dam,Nil,Himachal Pradesh,"31.66970962001833, 77.06586802710562",BUS,WALL,1,38,,MALE,NH,Fixed Object Collision,31.66970962001833,77.06586802710562,,,,,OBJECT,2022,4,0
384,April,2022-04-04,Monday,2022-04-05,Ranakpur,Nil,Rajasthan,"25.092960195726874, 73.46160638222635",CAR,GORGE,1,0,,MALE,SH,Vehicle Overturn,25.092960195726874,73.46160638222635,,,,,OBJECT,2022,4,0
385,April,2022-04-03,Sunday,2022-04-05,Konalai,Nil,Tamil Nadu,"10.981239408019409, 78.77209130515581",VAN,TRUCK,1,7,30,MALE,NH,Hit From Back,10.981239408019407,78.77209130515581,1.0,30.0,30.0,30.0,VEHICLE,2022,4,6
388,April,2022-04-05,Tuesday,2022-04-06,Vondh,Nil,Gujarat,"23.299427266699663, 70.40345904842641",TWO WHEELER,TRUCK,3,0,,MALE,NH,Hit From Back,23.299427266699663,70.40345904842641,,,,,VEHICLE,2022,4,1
389,April,2022-04-05,Tuesday,2022-04-06,Devprayag,Nil,Uttarakhand,"30.150608317979895, 78.59925397495051",TRUCK,GORGE,3,0,"20,22,22",MALE,NH,Vehicle Overturn,30.15060831797989,78.59925397495051,3.0,21.333333333333332,20.0,22.0,OBJECT,2022,4,1
393,April,2022-04-05,Tuesday,2022-04-07,Telaprolu,Nil,Andhra Pradesh,"16.580804903849405, 80.89312210420972",TWO WHEELER,NIL,1,1,,FEMALE,SH,Run Off Road,16.580804903849405,80.89312210420972,,,,,UNKNOWN,2022,4,1
396,April,2022-04-05,Tuesday,2022-04-07,Chalamatti,Nil,Karnataka,"15.281800721919511, 75.058526902019",CAR,TRUCK,3,2,"47,32,31",MALE,NH,Head On Collision,15.281800721919511,75.058526902019,3.0,36.666666666666664,31.0,47.0,VEHICLE,2022,4,1
399,April,2022-04-07,Thursday,2022-04-08,Katuru,Nil,Andhra Pradesh,"16.423952188523433, 80.86229319889544",CAR,TRACTOR,1,4,37,MALE,SH,Hit From Back,16.423952188523433,80.86229319889544,1.0,37.0,37.0,37.0,VEHICLE,2022,4,3
403,April,2022-04-07,Thursday,2022-04-09,Hatpipliya,Nil,Madhya Pradesh,"22.767739476550357, 76.30006755515738",TWO WHEELER,TRUCK,3,0,"23,18,35",MALE,SH,Hit From Back,22.76773947655036,76.30006755515738,3.0,25.333333333333332,18.0,35.0,VEHICLE,2022,4,3
404,April,2022-04-09,Saturday,2022-04-09,Gahunje Bridge,Nil,Maharashtra,"18.669361372986447, 73.70523150874553",CAR,TRUCK,4,0,"19,20,21,20",MALE,NH,Hit From Back,18.669361372986447,73.70523150874553,4.0,20.0,19.0,21.0,VEHICLE,2022,4,5
405,April,2022-04-07,Thursday,2022-04-09,Wagholi,Pune,Maharashtra,"18.576226529923478, 73.96439239883848",PEDESTRIAN,BUS,1,0,70,FEMALE,NH,Head On Collision,18.57622652992348,73.96439239883848,1.0,70.0,70.0,70.0,VEHICLE,2022,4,3
407,April,2022-04-07,Thursday,2022-04-09,Vandalur,Chennai,Tamil Nadu,"12.88591495582588, 80.08040687151578",TWO WHEELER,BUS,2,0,"32,52",MALE,NH,Hit From Back,12.88591495582588,80.08040687151578,2.0,42.0,32.0,52.0,VEHICLE,2022,4,3
411,April,2022-04-09,Saturday,2022-04-10,Kondagaon,Nil,Chhattisgarh,"19.598982977379222, 81.66725013695202",CAR,TREE,1,2,,MALE,NH,Fixed Object Collision,19.598982977379222,81.66725013695202,,,,,OBJECT,2022,4,5
412,April,2022-04-09,Saturday,2022-04-10,Bhesan,Nil,Gujarat,"21.561190838023762, 70.69380270430669",TWO WHEELER,TRUCK,1,1,16,FEMALE,SH,Hit From Back,21.56119083802376,70.69380270430669,1.0,16.0,16.0,16.0,VEHICLE,2022,4,5
413,April,2022-04-09,Saturday,2022-04-10,Yekkur,Nil,Karnataka,"12.872029863590946, 74.86383181736954",TWO WHEELER,TRUCK,1,0,55,MALE,NH,Hit From Back,12.872029863590946,74.86383181736954,1.0,55.0,55.0,55.0,VEHICLE,2022,4,5
414,April,2022-04-09,Saturday,2022-04-10,Bhognipur,Nil,Uttar Pradesh,"26.201229579749192, 79.81247657221951",TWO WHEELER,TRACTOR,3,4,,BOTH,NH,Head On Collision,26.201229579749192,79.81247657221951,,,,,VEHICLE,2022,4,5
415,April,2022-04-08,Friday,2022-04-11,Bhosari,Nil,Maharashtra,"18.637106819015163, 73.84988079329204",PEDESTRIAN,TRUCK,1,0,64,FEMALE,NH,Hit and Run,18.637106819015163,73.84988079329204,1.0,64.0,64.0,64.0,VEHICLE,2022,4,4
416,April,2022-04-09,Saturday,2022-04-11,Kurali,Nil,Maharashtra,"18.720052899904065, 73.85047660624807",TWO WHEELER,TRUCK,1,0,48,MALE,NH,Others,18.720052899904065,73.85047660624807,1.0,48.0,48.0,48.0,VEHICLE,2022,4,5
420,April,2022-04-10,Sunday,2022-04-11,Pune-Ahmedabad Highway,Pune,Maharashtra,"18.526761186241092, 73.85204922102443",CAR,BUS,1,25,,MALE,NH,Head On Collision,18.52676118624109,73.85204922102443,,,,,VEHICLE,2022,4,6
422,April,2022-04-11,Monday,2022-04-12,Kshipra Bypass Road,Nil,Madhya Pradesh,"22.902650161552707, 75.97796428673341",TWO WHEELER,TRUCK,1,2,34,FEMALE,NH,Others,22.902650161552707,75.97796428673341,1.0,34.0,34.0,34.0,VEHICLE,2022,4,0
423,April,2022-04-11,Monday,2022-04-12,Makkuva,Nil,Andhra Pradesh,"18.65945991780443, 83.26866378153295",TWO WHEELER,NIL,1,1,21,MALE,SH,Run Off Road,18.65945991780443,83.26866378153295,1.0,21.0,21.0,21.0,UNKNOWN,2022,4,0
425,April,2022-04-12,Tuesday,2022-04-13,Kushalgarh,Nil,Rajasthan,"23.19544452061331, 74.44391666904448",BUS,TRACTOR,3,20,"42,24",MALE,SH,Head On Collision,23.19544452061331,74.44391666904448,2.0,33.0,24.0,42.0,VEHICLE,2022,4,1
426,April,2022-04-12,Tuesday,2022-04-13,Garabandha,Nil,Odisha,"18.831068124242655, 84.27174561000847",TWO WHEELER,TWO WHEELER,2,2,"36,40",MALE,SH,Head On Collision,18.831068124242652,84.27174561000847,2.0,38.0,36.0,40.0,VEHICLE,2022,4,1
427,April,2022-04-11,Monday,2022-04-13,Chengalpet,Nil,Tamil Nadu,"12.676546999838553, 79.99978433372533",LORRY,TRUCK,3,0,,MALE,SH,Head On Collision,12.676546999838552,79.99978433372533,,,,,VEHICLE,2022,4,0
429,April,2022-04-12,Tuesday,2022-04-13,Malumichampatti,Nil,Tamil Nadu,"10.905377377294188, 76.9971740559451",AMBULANCE,NIL,2,2,"1,30",MALE,NH,Vehicle Overturn,10.905377377294188,76.9971740559451,2.0,15.5,1.0,30.0,UNKNOWN,2022,4,1
433,April,2022-04-12,Tuesday,2022-04-14,Ashta,Nil,Madhya Pradesh,"23.01785728193693, 76.72633917479718",CAR,LORRY,2,1,"40,14",MALE,SH,Hit From Back,23.01785728193693,76.72633917479718,2.0,27.0,14.0,40.0,VEHICLE,2022,4,1
434,April,2022-04-12,Tuesday,2022-04-14,Bihari,Nil,Uttar Pradesh,"26.359916220415354, 79.8593936761911",PICK UP,TRUCK,4,4,"40,30,50,42",MALE,NH,Hit From Back,26.359916220415357,79.8593936761911,4.0,40.5,30.0,50.0,VEHICLE,2022,4,1
437,April,2022-04-15,Friday,2022-04-15,Bhawi,Nil,Rajasthan,"26.227105879573745, 73.6201015735607",CAR,TRUCK,6,3,"19,20,30,40,19,6",BOTH,NH,Hit From Back,26.227105879573745,73.6201015735607,6.0,22.333333333333332,6.0,40.0,VEHICLE,2022,4,4
439,April,2022-04-15,Friday,2022-04-16,Ramwasa,Nil,Madhya Pradesh,"23.067434634722236, 75.82225197023755",CAR,NIL,1,4,55,MALE,SH,Run Off Road,23.06743463472224,75.82225197023755,1.0,55.0,55.0,55.0,UNKNOWN,2022,4,4
441,April,2022-04-14,Thursday,2022-04-16,EWS Flats Dhanas,Chandigarh,Chandigarh,"30.73480019932561, 76.75148064797337",PEDESTRIAN,TWO WHEELER,1,0,30,FEMALE,NH,Hit and Run,30.73480019932561,76.75148064797337,1.0,30.0,30.0,30.0,VEHICLE,2022,4,3
443,April,2022-04-17,Sunday,2022-04-17,Biswanath,Nil,Assam,"26.740171597463235, 93.13518556287205",SUV,NIL,5,7,"17,15,15,14,14",BOTH,NH,Run Off Road,26.740171597463235,93.13518556287204,5.0,15.0,14.0,17.0,UNKNOWN,2022,4,6
446,April,2022-04-15,Friday,2022-04-17,Shajapur,Nil,Madhya Pradesh,"23.41738772247104, 76.27213749049376",CAR,UNIDENTIFIED,1,1,35,FEMALE,SH,Hit and Run,23.41738772247104,76.27213749049376,1.0,35.0,35.0,35.0,UNKNOWN,2022,4,4
450,April,2022-04-16,Saturday,2022-04-18,Khara Mukh,Nil,Himachal Pradesh,"32.46665742303505, 76.44948547422419",CAR,GORGE,3,0,,,NH,Run Off Road,32.46665742303505,76.44948547422419,,,,,OBJECT,2022,4,5
454,April,2022-04-19,Tuesday,2022-04-19,Leela ki dhani,Nil,Rajasthan,"27.894518754260805, 75.5195796533422",CAR,TRACTOR,11,7,"50,45,16,16,50,45,35,35,20,20,15",BOTH,SH,With Parked Vehicle,27.894518754260805,75.5195796533422,11.0,31.545454545454547,15.0,50.0,VEHICLE,2022,4,1
456,April,2022-04-18,Monday,2022-04-19,Mehlan Junction Sangrur,Nil,Punjab,"30.159175616700445, 75.89198824181408",PEDESTRIAN,BUS,1,3,12,FEMALE,SH,Hit and Run,30.159175616700445,75.89198824181408,1.0,12.0,12.0,12.0,VEHICLE,2022,4,0
460,April,2022-04-19,Tuesday,2022-04-20,Begur,Bengaluru,Karnataka,"12.889272287739498, 77.62569230321775",TWO WHEELER,CAR,1,0,30,MALE,NH,Head On Collision,12.889272287739498,77.62569230321775,1.0,30.0,30.0,30.0,VEHICLE,2022,4,1
461,April,2022-04-18,Monday,2022-04-20,Bambora,Nil,Rajasthan,"27.799356605493642, 76.73894056278301",TWO WHEELER,CAR,4,0,,BOTH,SH,Others,27.79935660549364,76.73894056278301,,,,,VEHICLE,2022,4,0
462,April,2022-04-18,Monday,2022-04-20,Barmer,Nil,Rajasthan,"25.770276918729678, 71.42749308706475",TWO WHEELER,CAR,1,3,,MALE,NH,Others,25.77027691872968,71.42749308706475,,,,,VEHICLE,2022,4,0
465,April,2022-04-20,Wednesday,2022-04-21,Hunsur,Nil,Karnataka,"12.29501625188559, 76.28993924551796",SUV,TREE,6,3,"47,44,42,33,47,42",MALE,SH,Fixed Object Collision,12.29501625188559,76.28993924551796,6.0,42.5,33.0,47.0,OBJECT,2022,4,2
467,April,2022-04-20,Wednesday,2022-04-22,Desuri,Nil,Rajasthan,"25.274202246112697, 73.57923514893909",BUS,NIL,3,69,"22,55",MALE,SH,Fixed Object Collision,25.274202246112697,73.57923514893909,2.0,38.5,22.0,55.0,UNKNOWN,2022,4,2
469,April,2022-04-21,Thursday,2022-04-23,Mohanpur,Nil,Bihar,"25.8388962736232, 85.76681502036023",TWO WHEELER,TRUCK,2,0,35,MALE,SH,Others,25.8388962736232,85.76681502036023,1.0,35.0,35.0,35.0,VEHICLE,2022,4,3
473,April,2022-04-21,Thursday,2022-04-24,Aadhar Teerth,Nil,Maharashtra,"19.951734479385077, 73.56741328905738",TWO WHEELER,CAR,1,0,65,MALE,NH,Hit From Back,19.95173447938508,73.56741328905738,1.0,65.0,65.0,65.0,VEHICLE,2022,4,3
476,April,2022-04-22,Friday,2022-04-24,Sadalpur Junction,Nil,Madhya Pradesh,"22.73837868031073, 75.41630565076322",TWO WHEELER,UNIDENTIFIED,1,1,,MALE,NH,Hit and Run,22.73837868031073,75.41630565076322,,,,,UNKNOWN,2022,4,4
477,April,2022-04-22,Friday,2022-04-25,Dindori Road,Nashik,Maharashtra,"20.04593894486277, 73.80579635852874",TWO WHEELER,CAR,1,1,42,MALE,SH,Hit From Back,20.04593894486277,73.80579635852874,1.0,42.0,42.0,42.0,VEHICLE,2022,4,4
479,April,2022-04-24,Sunday,2022-04-25,Peddakalvala,Nil,Telangana,"18.578989016195717, 79.36551061472527",SUV,TRUCK,3,4,"43,22,21",BOTH,SH,With Parked Vehicle,18.57898901619572,79.36551061472527,3.0,28.666666666666668,21.0,43.0,VEHICLE,2022,4,6
480,April,2022-04-25,Monday,2022-04-26,Makroniya,Nil,Madhya Pradesh,"23.85444928204001, 78.79416489774007",TWO WHEELER,CAR,1,1,15,MALE,SH,Hit From Back,23.85444928204001,78.79416489774007,1.0,15.0,15.0,15.0,VEHICLE,2022,4,0
481,April,2022-04-25,Monday,2022-04-26,Srikalahasti,Nil,Andhra Pradesh,"13.750992856158822, 79.6934139700201",VAN,TRUCK,4,8,"70,60",BOTH,NH,Head On Collision,13.750992856158822,79.6934139700201,2.0,65.0,60.0,70.0,VEHICLE,2022,4,0
487,April,2022-04-25,Monday,2022-04-27,Jhammat Bridge,Nil,Punjab,"30.700775777548813, 75.87145147031943",SUV,CANAL,5,1,"42,45,52,49,25",MALE,SH,Vehicle Overturn,30.700775777548813,75.87145147031943,5.0,42.6,25.0,52.0,OBJECT,2022,4,0
489,April,2022-04-28,Thursday,2022-04-28,Padmavati Junction,Pune,Maharashtra,"18.47447111558917, 73.85625672943155",TWO WHEELER,BUS,1,5,52,MALE,NH,Others,18.47447111558917,73.85625672943155,1.0,52.0,52.0,52.0,VEHICLE,2022,4,3
493,April,2022-04-28,Thursday,2022-04-29,Rajiv Rahadari,Nil,Telangana,"18.167944800968232, 78.98399312247022",CAR,DIVIDER,2,0,"42,40",BOTH,SH,Fixed Object Collision,18.167944800968232,78.98399312247022,2.0,41.0,40.0,42.0,OBJECT,2022,4,3
494,April,2022-04-29,Friday,2022-04-30,Thol,Nil,Haryana,"30.16966929895964, 76.7142578185512",TWO WHEELER,SUV,1,1,34,MALE,SH,Head On Collision,30.16966929895964,76.7142578185512,1.0,34.0,34.0,34.0,VEHICLE,2022,4,4
497,April,2022-04-29,Friday,2022-04-30,Ranebennur,Nil,Karnataka,"14.605618858349239, 75.646646142623",CAR,CAR,4,4,"38,36,40,25",MALE,SH,Head On Collision,14.60561885834924,75.646646142623,4.0,34.75,25.0,40.0,VEHICLE,2022,4,4
500,May,2022-04-29,Friday,2022-05-01,Kapariwas Chowk,Nil,Haryana,"28.240730315261757, 76.81172053351116",TWO WHEELER,BUS,1,0,32,MALE,NH,Head On Collision,28.24073031526176,76.81172053351116,1.0,32.0,32.0,32.0,VEHICLE,2022,4,4
501,May,2022-04-30,Saturday,2022-05-01,KVSR College,Nil,Andhra Pradesh,"15.73886532453066, 78.00883490269743",TWO WHEELER,TRUCK,1,0,58,MALE,NH,Others,15.73886532453066,78.00883490269743,1.0,58.0,58.0,58.0,VEHICLE,2022,4,5
503,May,2022-05-01,Sunday,2022-05-02,Hindoli,Nil,Rajasthan,"25.572132505563157, 75.49769646588867",TWO WHEELER,CAR,3,0,"25,17,20",MALE,NH,Head On Collision,25.57213250556316,75.49769646588867,3.0,20.666666666666668,17.0,25.0,VEHICLE,2022,5,6
506,May,2022-05-02,Monday,2022-05-02,Kasbapar,Nil,Gujarat,"20.972379664461112, 72.94042110106639",CAR,TRUCK,5,0,,,SH,Hit From Side,20.972379664461112,72.94042110106639,,,,,VEHICLE,2022,5,0
507,May,2022-05-01,Sunday,2022-05-02,Aganampudi Junction,Vizag,Andhra Pradesh,"17.6896933088262, 83.13800493452116",TWO WHEELER,LORRY,2,0,42,BOTH,SH,Others,17.6896933088262,83.13800493452116,1.0,42.0,42.0,42.0,VEHICLE,2022,5,6
509,May,2022-04-30,Saturday,2022-05-02,Chuhurpur Underpass,Nil,Uttar Pradesh,"28.42761857627242, 77.5108676583755",PEDESTRIAN,TRUCK,2,0,,MALE,NH,Hit and Run,28.42761857627242,77.5108676583755,,,,,VEHICLE,2022,4,5
510,May,2022-05-01,Sunday,2022-05-03,Navelim,Nil,Goa,"15.25354820713187, 73.96832229254049",TWO WHEELER,TRUCK,2,0,"24,52",MALE,NH,Hit From Back,15.25354820713187,73.96832229254049,2.0,38.0,24.0,52.0,VEHICLE,2022,5,6
512,May,2022-05-01,Sunday,2022-05-03,Rajarhat Expressway,Kolkata,West Bengal,"22.63282196747591, 88.47722056198232",TWO WHEELER,DIVIDER,1,0,27,MALE,SH,Fixed Object Collision,22.63282196747591,88.47722056198232,1.0,27.0,27.0,27.0,OBJECT,2022,5,6
514,May,2022-05-02,Monday,2022-05-03,Dhodar,Nil,Madhya Pradesh,"23.777091927177892, 75.10357459411742",BUS,NIL,1,43,,MALE,NH,Run Off Road,23.77709192717789,75.10357459411742,,,,,UNKNOWN,2022,5,0
518,May,2022-05-02,Monday,2022-05-04,Papaya's Nursery,Nashik,Maharashtra,"19.986226675027623, 73.72427000478474",PEDESTRIAN,UNIDENTIFIED,1,0,42,MALE,NH,Hit and Run,19.986226675027623,73.72427000478474,1.0,42.0,42.0,42.0,UNKNOWN,2022,5,0
521,May,2022-05-02,Monday,2022-05-05,Wakad,Nil,Maharashtra,"18.59495056442222, 73.75604351884867",PEDESTRIAN,TRUCK,1,0,24,MALE,NH,Hit and Run,18.59495056442222,73.75604351884867,1.0,24.0,24.0,24.0,VEHICLE,2022,5,0
523,May,2022-05-04,Wednesday,2022-05-05,Kharsod,Nil,Madhya Pradesh,"23.11807752039203, 75.46407547714456",CAR,TRACTOR,2,1,"55,45",FEMALE,SH,Others,23.11807752039203,75.46407547714456,2.0,50.0,45.0,55.0,VEHICLE,2022,5,2
527,May,2022-05-04,Wednesday,2022-05-06,Raisen,Nil,Madhya Pradesh,"23.326057720477177, 77.78323501672479",AUTO RICKSHAW,BUS,5,6,"35,36,22,19,24",BOTH,NH,Head On Collision,23.326057720477177,77.78323501672479,5.0,27.2,19.0,36.0,VEHICLE,2022,5,2
528,May,2022-05-06,Friday,2022-05-07,Umargaon,Nil,Maharashtra,"21.41739426604872, 74.12288272195988",SUV,TRUCK,7,1,,BOTH,SH,Hit From Back,21.41739426604872,74.12288272195988,,,,,VEHICLE,2022,5,4
530,May,2022-05-06,Friday,2022-05-07,Tehsil Office,Nil,Rajasthan,"24.546249333417336, 76.17053028498194",TWO WHEELER,PICK UP,3,2,"35,24,2",BOTH,NH,Head On Collision,24.546249333417336,76.17053028498194,3.0,20.333333333333332,2.0,35.0,VEHICLE,2022,5,4
531,May,2022-05-05,Thursday,2022-05-08,Vidisha,Nil,Madhya Pradesh,"23.509171942775687, 77.78835661293982",TWO WHEELER,NIL,1,0,24,MALE,NH,Run Off Road,23.509171942775687,77.78835661293982,1.0,24.0,24.0,24.0,UNKNOWN,2022,5,3
533,May,2022-05-07,Saturday,2022-05-08,Bilhaur,Nil,Uttar Pradesh,"26.843753078055684, 80.05730563196957",CAR,TRUCK,1,3,40,MALE,SH,Hit From Back,26.843753078055684,80.05730563196957,1.0,40.0,40.0,40.0,VEHICLE,2022,5,5
539,May,2022-05-05,Thursday,2022-05-09,Aluva,Nil,Kerala,"10.10300239442941, 76.34921112217255",PEDESTRIAN,UNIDENTIFIED,1,0,37,MALE,NH,Hit and Run,10.10300239442941,76.34921112217255,1.0,37.0,37.0,37.0,UNKNOWN,2022,5,3
541,May,2022-05-08,Sunday,2022-05-10,Vaiyampatti,Nil,Tamil Nadu,"10.550878056041286, 78.30319449051245",CAR,DIVIDER,2,2,"34,29",MALE,NH,Fixed Object Collision,10.550878056041286,78.30319449051245,2.0,31.5,29.0,34.0,OBJECT,2022,5,6
542,May,2022-05-10,Tuesday,2022-05-10,Baran,Nil,Rajasthan,"25.073389007726288, 76.50665915927111",TRACTOR,TRUCK,4,13,"65,55,40,60",BOTH,NH,Hit From Back,25.073389007726288,76.50665915927111,4.0,55.0,40.0,65.0,VEHICLE,2022,5,1
543,May,2022-05-10,Tuesday,2022-05-10,Zaheerabad,Nil,Telangana,"17.69115982171781, 77.60837662178527",PICK UP,BUS,1,7,,MALE,NH,Head On Collision,17.69115982171781,77.60837662178527,,,,,VEHICLE,2022,5,1
548,May,2022-05-11,Wednesday,2022-05-12,Anakwade,Nil,Maharashtra,"20.203697639564613, 74.44080082484251",CAR,TREE,4,1,,MALE,SH,Fixed Object Collision,20.203697639564613,74.44080082484251,,,,,OBJECT,2022,5,2
549,May,2022-05-11,Wednesday,2022-05-12,Kivarali,Nil,Rajasthan,"24.543746111111346, 72.84649963022653",CAR,TRUCK,4,0,"72,65,52,40",BOTH,NH,With Parked Vehicle,24.543746111111343,72.84649963022653,4.0,57.25,40.0,72.0,VEHICLE,2022,5,2
550,May,2022-05-10,Tuesday,2022-05-12,GaneshKhind,Pune,Maharashtra,"18.55155531894663, 73.82130109671685",BUS,DITCH,3,17,"45,58,4",BOTH,SH,Vehicle Overturn,18.55155531894663,73.82130109671685,3.0,35.666666666666664,4.0,58.0,OBJECT,2022,5,1
551,May,2022-05-11,Wednesday,2022-05-13,Waterfall Point,Nil,Maharashtra,"19.684382247271774, 73.51307575663338",CAR,WALL,1,6,11,FEMALE,NH,Fixed Object Collision,19.68438224727177,73.51307575663338,1.0,11.0,11.0,11.0,OBJECT,2022,5,2
554,May,2022-05-11,Wednesday,2022-05-13,Abu Road,Nil,Rajasthan,"24.44651654208099, 72.74707664039552",PEDESTRIAN,TRUCK,4,2,"72,65,52,40",BOTH,NH,Head On Collision,24.44651654208099,72.74707664039552,4.0,57.25,40.0,72.0,VEHICLE,2022,5,2
556,May,2022-05-13,Friday,2022-05-14,Buchirajupalem,Vizag,Andhra Pradesh,"17.743685955669505, 83.23133769944204",PEDESTRIAN,BUS,1,0,17,MALE,SH,Hit and Run,17.743685955669505,83.23133769944204,1.0,17.0,17.0,17.0,VEHICLE,2022,5,4
558,May,2022-05-14,Saturday,2022-05-15,NH 544 Angamaly,Nil,Kerala,"10.19544529148008, 76.385954818015",PEDESTRIAN,TRUCK,1,1,20,MALE,NH,Hit and Run,10.19544529148008,76.385954818015,1.0,20.0,20.0,20.0,VEHICLE,2022,5,5
559,May,2022-05-15,Sunday,2022-05-15,Paldi,Jaipur,Rajasthan,"26.882724779328758, 75.90358755515705",CAR,TRUCK,6,9,"47,18,30,60,50,1",BOTH,NH,Others,26.88272477932876,75.90358755515705,6.0,34.333333333333336,1.0,60.0,VEHICLE,2022,5,6
560,May,2022-05-15,Sunday,2022-05-15,Nareli,Nil,Rajasthan,"26.46894502713314, 74.71138723875984",BUS,TRUCK,2,4,,BOTH,NH,Head On Collision,26.46894502713314,74.71138723875984,,,,,VEHICLE,2022,5,6
561,May,2022-05-15,Sunday,2022-05-15,Surer,Nil,Rajasthan,"27.192183084330974, 76.61110009421967",AUTO RICKSHAW,TRUCK,4,0,,BOTH,SH,Others,27.19218308433097,76.61110009421967,,,,,VEHICLE,2022,5,6
563,May,2022-05-14,Saturday,2022-05-15,Nanpara Road,Nil,Uttar Pradesh,"27.93132132286943, 81.13886070926094",CAR,SUV,3,2,"38,22",MALE,NH,Head On Collision,27.93132132286943,81.13886070926094,2.0,30.0,22.0,38.0,VEHICLE,2022,5,5
564,May,2022-05-12,Thursday,2022-05-15,Ojhar,Nil,Maharashtra,"20.101925235020726, 73.93152734494723",TWO WHEELER,TRUCK,2,0,"79,78",MALE,NH,Hit From Back,20.10192523502073,73.93152734494723,2.0,78.5,78.0,79.0,VEHICLE,2022,5,3
565,May,2022-05-14,Saturday,2022-05-16,Mahasrul,Nashik,Maharashtra,"20.053177692119505, 73.80500197185006",TWO WHEELER,UNIDENTIFIED,1,0,20,MALE,SH,Hit and Run,20.053177692119505,73.80500197185006,1.0,20.0,20.0,20.0,UNKNOWN,2022,5,5
568,May,2022-05-16,Monday,2022-05-16,Ghiyagi,Nil,Himachal Pradesh,"31.577913906049712, 77.35941405794472",SUV,GORGE,4,3,,BOTH,NH,Vehicle Overturn,31.577913906049712,77.35941405794472,,,,,OBJECT,2022,5,0
569,May,2022-05-14,Saturday,2022-05-16,Devguradia,Indore,Madhya Pradesh,"22.671794394071348, 75.918089949171",CAR,NIL,1,0,,MALE,NH,Run Off Road,22.671794394071348,75.918089949171,,,,,UNKNOWN,2022,5,5
571,May,2022-05-15,Sunday,2022-05-16,Tadubi,Nil,Manipur,"25.477662972636836, 94.13632029737813",TRUCK,GORGE,2,0,,MALE,NH,Vehicle Overturn,25.47766297263684,94.13632029737812,,,,,OBJECT,2022,5,6
572,May,2022-05-17,Tuesday,2022-05-17,Odhi,Nil,Haryana,"28.057112633830748, 76.53551845040089",SUV,TRUCK,5,11,"50,35,16,45,70",BOTH,NH,With Parked Vehicle,28.057112633830748,76.53551845040089,5.0,43.2,16.0,70.0,VEHICLE,2022,5,1
573,May,2022-05-17,Tuesday,2022-05-17,Mundi,Nil,Madhya Pradesh,"22.067179456684197, 76.49031909208674",PEDESTRIAN,TRUCK,3,10,"62,5",BOTH,SH,Others,22.0671794566842,76.49031909208674,2.0,33.5,5.0,62.0,VEHICLE,2022,5,1
576,May,2022-05-17,Tuesday,2022-05-18,Sector 25 Panchkula,Nil,Haryana,"30.671221259827167, 76.88999539410526",TWO WHEELER,CAR,1,0,,MALE,NH,Head On Collision,30.671221259827167,76.88999539410526,,,,,VEHICLE,2022,5,1
577,May,2022-05-17,Tuesday,2022-05-18,Purmepada,Nil,Maharashtra,"20.72823115621517, 74.70037694353343",AUTO RICKSHAW,TRUCK,3,10,"28,51,48",MALE,NH,Others,20.72823115621517,74.70037694353343,3.0,42.333333333333336,28.0,51.0,VEHICLE,2022,5,1
579,May,2022-05-19,Thursday,2022-05-19,Rohad Toll Plaza,Nil,Haryana,"28.754327124318575, 76.7952203240415",PEDESTRIAN,TRUCK,3,15,,MALE,NH,Hit and Run,28.75432712431857,76.7952203240415,,,,,VEHICLE,2022,5,3
580,May,2022-05-17,Tuesday,2022-05-19,Naujheel,Nil,Uttar Pradesh,"27.881762542999425, 77.66609822093308",BUS,TRUCK,3,31,"55,60",MALE,SH,With Parked Vehicle,27.881762542999425,77.66609822093308,2.0,57.5,55.0,60.0,VEHICLE,2022,5,1
583,May,2022-05-18,Wednesday,2022-05-20,Khudel,Nil,Madhya Pradesh,"22.68762302544426, 76.02893113430558",PEDESTRIAN,UNIDENTIFIED,1,0,16,MALE,NH,Hit and Run,22.68762302544426,76.02893113430558,1.0,16.0,16.0,16.0,UNKNOWN,2022,5,2
584,May,2022-05-20,Friday,2022-05-20,Tulsipur,Nil,Uttar Pradesh,"27.52172053183818, 82.41235769557638",SUV,TRACTOR,6,3,,,NH,Others,27.52172053183818,82.41235769557638,,,,,VEHICLE,2022,5,4
585,May,2022-05-20,Friday,2022-05-20,Phoolpur,Nil,Uttar Pradesh,"25.550649693378844, 82.08572387562211",TRUCK,TRUCK,3,9,"8,15,35",BOTH,NH,Head On Collision,25.550649693378844,82.08572387562211,3.0,19.333333333333332,8.0,35.0,VEHICLE,2022,5,4
586,May,2022-05-19,Thursday,2022-05-20,Devikulam,Nil,Kerala,"10.052362937218437, 77.10900568693022",CAR,GORGE,2,7,"32,1",BOTH,NH,Vehicle Overturn,10.052362937218437,77.10900568693022,2.0,16.5,1.0,32.0,OBJECT,2022,5,3
587,May,2022-05-18,Wednesday,2022-05-20,Bharatpur,Nil,Rajasthan,"27.204043277713968, 77.51521609091031",CAR,SUV,5,2,"18,20,16,18,16",MALE,NH,Head On Collision,27.204043277713968,77.51521609091031,5.0,17.6,16.0,20.0,VEHICLE,2022,5,2
588,May,2022-05-19,Thursday,2022-05-20,Balaji Temple,Nil,Rajasthan,"28.39348444862294, 74.53522041330635",TRUCK,TRUCK,1,1,,MALE,SH,Head On Collision,28.39348444862294,74.53522041330635,,,,,VEHICLE,2022,5,3
592,May,2022-05-21,Saturday,2022-05-21,Bad Cross,Nil,Karnataka,"15.403185532896078, 74.94871527223813",SUV,TREE,9,12,"14,13,34,60,20,11,35",BOTH,SH,Fixed Object Collision,15.403185532896078,74.94871527223813,7.0,26.714285714285715,11.0,60.0,OBJECT,2022,5,5
593,May,2022-05-20,Friday,2022-05-21,New Sarada Bridge,Nil,Andhra Pradesh,"17.69064089159312, 82.9963702178825",CAR,DIVIDER,1,5,,MALE,SH,Fixed Object Collision,17.69064089159312,82.9963702178825,,,,,OBJECT,2022,5,4
594,May,2022-05-20,Friday,2022-05-21,Thiruporur,Nil,Tamil Nadu,"12.720451344575162, 80.22874420186511",TWO WHEELER,TRUCK,1,2,15,MALE,SH,Hit From Back,12.720451344575162,80.22874420186511,1.0,15.0,15.0,15.0,VEHICLE,2022,5,4
596,May,2022-05-21,Saturday,2022-05-21,Amrapur,Nil,Gujarat,"23.40338740944115, 72.91766547164153",TRUCK,TRUCK,2,2,,,SH,Others,23.40338740944115,72.91766547164153,,,,,VEHICLE,2022,5,5
597,May,2022-05-20,Friday,2022-05-21,Jarhagaon,Nil,Chhattisgarh,"22.11624018077627, 81.83013784997301",PICK UP,TRUCK,4,0,"36,22,24,40",MALE,NH,Hit From Back,22.11624018077627,81.83013784997301,4.0,30.5,22.0,40.0,VEHICLE,2022,5,4
599,May,2022-05-22,Sunday,2022-05-22,Bhindoosi,Nil,Rajasthan,"27.8986323679581, 76.78800883305775",CAR,TREE,3,1,"40,36,12",BOTH,SH,Fixed Object Collision,27.8986323679581,76.78800883305775,3.0,29.333333333333332,12.0,40.0,OBJECT,2022,5,6
600,May,2022-05-22,Sunday,2022-05-22,Narava,Nil,Andhra Pradesh,"18.137699542148816, 83.32743542368257",TWO WHEELER,NIL,1,0,50,MALE,NH,Run Off Road,18.137699542148816,83.32743542368257,1.0,50.0,50.0,50.0,UNKNOWN,2022,5,6
601,May,2022-05-22,Sunday,2022-05-22,Tekkali,Nil,Andhra Pradesh,"18.60336510138477, 84.22527114802753",TWO WHEELER,CAR,1,1,45,FEMALE,SH,Hit From Back,18.60336510138477,84.22527114802753,1.0,45.0,45.0,45.0,VEHICLE,2022,5,6
602,May,2022-05-22,Sunday,2022-05-22,Katya,Nil,Uttar Pradesh,"25.643551452860763, 83.27729612961552",SUV,TRUCK,8,3,"16,35,26,18,19,25,35,22",BOTH,NH,With Parked Vehicle,25.643551452860763,83.27729612961552,8.0,24.5,16.0,35.0,VEHICLE,2022,5,6
605,May,2022-05-22,Sunday,2022-05-23,Guttapalli,Nil,Andhra Pradesh,"13.86819759021567, 78.77461262053599",TWO WHEELER,TWO WHEELER,2,0,"18,19",BOTH,NH,Head On Collision,13.86819759021567,78.77461262053599,2.0,18.5,18.0,19.0,VEHICLE,2022,5,6
608,May,2022-05-22,Sunday,2022-05-23,Kakatiya Canal Bridge,Nil,Telangana,"18.006945956912094, 79.5901092116075",CAR,RIVER,2,2,"49,55",MALE,SH,Vehicle Overturn,18.006945956912094,79.5901092116075,2.0,52.0,49.0,55.0,OBJECT,2022,5,6
609,May,2022-05-24,Tuesday,2022-05-24,Gulaothi,Nil,Uttar Pradesh,"28.584515854011727, 77.79003248290203",CAR,TRUCK,5,5,,,SH,With Parked Vehicle,28.584515854011727,77.79003248290203,,,,,VEHICLE,2022,5,1
610,May,2022-05-24,Tuesday,2022-05-24,Tarihal Bypass Hubbali,Nil,Karnataka,"15.362913139180938, 75.04617176877429",LORRY,BUS,8,24,,BOTH,NH,Others,15.362913139180938,75.04617176877429,,,,,VEHICLE,2022,5,1
614,May,2022-05-25,Wednesday,2022-05-25,Palhari,Nil,Uttar Pradesh,"26.924781146967202, 81.21674603315309",CAR,TRUCK,4,0,,,SH,Head On Collision,26.9247811469672,81.21674603315309,,,,,VEHICLE,2022,5,2
615,May,2022-05-24,Tuesday,2022-05-25,Kandela,Nil,Haryana,"29.380654201283967, 76.34064669325195",SUV,TRUCK,6,17,,BOTH,SH,Head On Collision,29.380654201283967,76.34064669325195,,,,,VEHICLE,2022,5,1
616,May,2022-05-24,Tuesday,2022-05-25,Thiruverumbur,Trichy,Tamil Nadu,"10.782139133310102, 78.78119451775756",TWO WHEELER,TRUCK,2,0,"23,26",MALE,NH,Hit From Back,10.782139133310102,78.78119451775756,2.0,24.5,23.0,26.0,VEHICLE,2022,5,1
618,May,2022-05-25,Wednesday,2022-05-26,Moravapalli,Nil,Andhra Pradesh,"13.620821614553691, 78.24049514806525",CAR,DIVIDER,4,0,"45,35,4,3",BOTH,SH,Fixed Object Collision,13.620821614553693,78.24049514806525,4.0,21.75,3.0,45.0,OBJECT,2022,5,2
619,May,2022-05-25,Wednesday,2022-05-26,Kotigad,Nil,Uttarakhand,"30.374375138949954, 78.39255813167205",CAR,GORGE,6,0,"24,23,61,59,43,36",BOTH,NH,Vehicle Overturn,30.374375138949954,78.39255813167205,6.0,41.0,23.0,61.0,OBJECT,2022,5,2
620,May,2022-05-25,Wednesday,2022-05-26,Nandigama Bypass,Nil,Andhra Pradesh,"16.789162736432047, 80.27281226724797",AUTO RICKSHAW,LORRY,2,0,,MALE,NH,Others,16.789162736432047,80.27281226724797,,,,,VEHICLE,2022,5,2
622,May,2022-05-26,Thursday,2022-05-27,Mopidevi,Nil,Andhra Pradesh,"16.065948412909762, 80.9215953574275",CAR,DIVIDER,4,3,"50,52,50,70",MALE,NH,Fixed Object Collision,16.065948412909762,80.9215953574275,4.0,55.5,50.0,70.0,OBJECT,2022,5,3
627,May,2022-05-26,Thursday,2022-05-28,Autonagar,Vijayawada,Andhra Pradesh,"16.491462412431225, 80.66894989089407",TWO WHEELER,LORRY,3,0,"34,29,5",BOTH,NH,Head On Collision,16.491462412431225,80.66894989089407,3.0,22.666666666666668,5.0,34.0,VEHICLE,2022,5,3
629,May,2022-05-26,Thursday,2022-05-28,Barkot,Nil,Uttarakhand,"30.80689279355813, 78.20420198159802",SUV,GORGE,3,10,"40,42,23",BOTH,NH,Vehicle Overturn,30.80689279355813,78.20420198159802,3.0,35.0,23.0,42.0,OBJECT,2022,5,3
630,May,2022-05-29,Sunday,2022-05-29,Nainiha,Nil,Uttar Pradesh,"28.016454798886496, 81.31789301824823",BUS,TRUCK,7,9,"60,36,30,48,47,45,47",BOTH,NH,Head On Collision,28.016454798886496,81.31789301824823,7.0,44.714285714285715,30.0,60.0,VEHICLE,2022,5,6
634,May,2022-05-29,Sunday,2022-05-29,Khamdong,Nil,Sikkim,"27.25894051998348, 88.45985559791545",CAR,GORGE,6,0,,BOTH,SH,Vehicle Overturn,27.25894051998348,88.45985559791545,,,,,OBJECT,2022,5,6
635,May,2022-05-29,Friday,2022-05-30,Bekariya,Nil,Rajasthan,"24.711856481447, 73.22791031897731",BUS,TRUCK,2,15,"55,27",BOTH,NH,With Parked Vehicle,24.711856481447,73.22791031897731,2.0,41.0,27.0,55.0,VEHICLE,2022,5,6
636,May,2022-05-28,Saturday,2022-05-30,Lunawada,Nil,Gujarat,"23.129551575290876, 73.60547304334649",TWO WHEELER,TRUCK,4,0,"30,24,5,1",BOTH,SH,Hit From Back,23.12955157529088,73.60547304334649,4.0,15.0,1.0,30.0,VEHICLE,2022,5,5
637,May,2022-05-28,Saturday,2022-05-30,Sola Bhagwat,Ahmedabad,Gujarat,"23.088775010841232, 72.52882841657133",TWO WHEELER,CAR,2,0,"34,32",BOTH,NH,Others,23.088775010841232,72.52882841657133,2.0,33.0,32.0,34.0,VEHICLE,2022,5,5
638,May,2022-05-28,Saturday,2022-05-30,Panjriya,Nil,Madhya Pradesh,"22.566176366809227, 75.64855895145381",CAR,TRUCK,2,1,,MALE,NH,Head On Collision,22.566176366809227,75.64855895145381,,,,,VEHICLE,2022,5,5
639,May,2022-05-29,Sunday,2022-05-31,Bapat Junction,Indore,Madhya Pradesh,"22.754986077654113, 75.87853274338192",CAR,DIVIDER,1,3,30,MALE,SH,Fixed Object Collision,22.754986077654117,75.87853274338192,1.0,30.0,30.0,30.0,OBJECT,2022,5,6
641,May,2022-05-29,Sunday,2022-05-31,Rentachintala,Nil,Andhra Pradesh,"16.553717107957826, 79.5669647203101",LORRY,TRUCK,7,18,"70,50,70,50,32,60,40",BOTH,SH,With Parked Vehicle,16.553717107957826,79.5669647203101,7.0,53.142857142857146,32.0,70.0,VEHICLE,2022,5,6
644,June,2022-05-31,Tuesday,2022-06-01,Kesar Hotel,Nil,Madhya Pradesh,"21.809840627336214, 76.37687237616558",CAR,TREE,3,3,"28,30,5",MALE,SH,Fixed Object Collision,21.80984062733621,76.37687237616558,3.0,21.0,5.0,30.0,OBJECT,2022,5,1
645,June,2022-05-30,Monday,2022-06-01,Mugaliya Hat,Nil,Madhya Pradesh,"23.347097950679085, 77.25918848605697",SUV,TRUCK,2,0,"57,32",BOTH,NH,With Parked Vehicle,23.347097950679085,77.25918848605697,2.0,44.5,32.0,57.0,VEHICLE,2022,5,0
646,June,2022-05-31,Tuesday,2022-06-01,Kishan Ghat,Nil,Rajasthan,"26.915699517136556, 70.89697169768434",PEDESTRIAN,SUV,1,0,5,MALE,SH,Hit and Run,26.91569951713656,70.89697169768434,1.0,5.0,5.0,5.0,VEHICLE,2022,5,1
648,June,2022-06-02,Thursday,2022-06-02,Kasbe Vani,Nil,Maharashtra,"20.329656892867114, 73.89217606845048",CAR,TRACTOR,7,9,,,NH,With Parked Vehicle,20.329656892867117,73.89217606845048,,,,,VEHICLE,2022,6,3
649,June,2022-06-02,Thursday,2022-06-03,Khamalpur,Nil,Madhya Pradesh,"22.01081464760876, 77.98420074749231",CAR,TREE,1,0,39,MALE,SH,Fixed Object Collision,22.01081464760876,77.98420074749231,1.0,39.0,39.0,39.0,OBJECT,2022,6,3
652,June,2022-06-03,Friday,2022-06-04,Suvarna Vidhana Soudha,Nil,Karnataka,"15.814044464114778, 74.56729689574281",TWO WHEELER,UNIDENTIFIED,1,0,29,MALE,NH,Hit and Run,15.814044464114778,74.56729689574281,1.0,29.0,29.0,29.0,UNKNOWN,2022,6,4
656,June,2022-06-04,Saturday,2022-06-05,Sub Jail Neemuch,Nil,Madhya Pradesh,"24.489426562017265, 74.85483398272432",TWO WHEELER,UNIDENTIFIED,1,0,45,MALE,SH,Hit and Run,24.489426562017265,74.85483398272432,1.0,45.0,45.0,45.0,UNKNOWN,2022,6,5
657,June,2022-06-04,Saturday,2022-06-05,Kasegaon,Nil,Maharashtra,"17.12572168069846, 74.19127777864087",CAR,TRUCK,5,0,"35,38,14,9,4",BOTH,NH,With Parked Vehicle,17.12572168069846,74.19127777864087,5.0,20.0,4.0,38.0,VEHICLE,2022,6,5
659,June,2022-06-03,Friday,2022-06-05,Kamba Perumal Temple,Nil,Tamil Nadu,"10.003957226637306, 77.6341600810625",PEDESTRIAN,UNIDENTIFIED,1,0,65,MALE,NH,Hit and Run,10.003957226637306,77.6341600810625,1.0,65.0,65.0,65.0,UNKNOWN,2022,6,4
662,June,2022-06-03,Friday,2022-06-05,Borawde,Nil,Maharashtra,"16.42736453357851, 74.1379363663469",TWO WHEELER,TRUCK,2,0,"45,40",BOTH,SH,Head On Collision,16.42736453357851,74.1379363663469,2.0,42.5,40.0,45.0,VEHICLE,2022,6,4
665,June,2022-06-06,Monday,2022-06-06,Tikamgarh,Nil,Madhya Pradesh,"24.73970254600168, 78.83286181028619",TWO WHEELER,TRUCK,2,0,"22,30",MALE,NH,Others,24.73970254600168,78.83286181028619,2.0,26.0,22.0,30.0,VEHICLE,2022,6,0
666,June,2022-06-05,Sunday,2022-06-06,Damta,Nil,Uttarakhand,"30.607009907833316, 77.92334486813934",BUS,GORGE,26,4,,,NH,Vehicle Overturn,30.60700990783332,77.92334486813934,,,,,OBJECT,2022,6,6
668,June,2022-06-05,Sunday,2022-06-06,Pandav Nagar,Delhi,Delhi,"28.604788629384398, 77.27089969675745",CAR,TRUCK,1,4,42,MALE,NH,With Parked Vehicle,28.6047886293844,77.27089969675745,1.0,42.0,42.0,42.0,VEHICLE,2022,6,6
669,June,2022-06-06,Monday,2022-06-07,NH 754K Gudamalani,Nil,Rajasthan,"25.197726924004595, 71.71201875826284",SUV,TRUCK,8,2,,,SH,Head On Collision,25.197726924004595,71.71201875826284,,,,,VEHICLE,2022,6,0
675,June,2022-06-08,Wednesday,2022-06-08,Bishankheda,Nil,Madhya Pradesh,"23.021397236302818, 77.57139574905625",CAR,TRUCK,4,0,"45,55,40,5",BOTH,NH,Others,23.021397236302818,77.57139574905625,4.0,36.25,5.0,55.0,VEHICLE,2022,6,2
676,June,2022-06-07,Tuesday,2022-06-08,Igyar,Nil,Uttarakhand,"29.544815632725147, 80.18018430174787",CAR,GORGE,2,5,"28,25",MALE,NH,Vehicle Overturn,29.544815632725147,80.18018430174787,2.0,26.5,25.0,28.0,OBJECT,2022,6,1
677,June,2022-06-08,Wednesday,2022-06-09,Jagahedi,Nil,Uttar Pradesh,"29.47283678032048, 77.70853161890987",TWO WHEELER,TRUCK,5,0,"25,22,23,24,22",BOTH,SH,Others,29.47283678032048,77.70853161890987,5.0,23.2,22.0,25.0,VEHICLE,2022,6,2
680,June,2022-06-07,Tuesday,2022-06-09,Janjgir,Nil,Chhattisgarh,"22.01035749836458, 82.58599721304581",VAN,NIL,2,3,"17,14",MALE,NH,Run Off Road,22.01035749836458,82.58599721304581,2.0,15.5,14.0,17.0,UNKNOWN,2022,6,1
682,June,2022-06-08,Wednesday,2022-06-09,Ampapuram,Nil,Andhra Pradesh,"16.59875151445646, 80.8944792633032",CAR,WALL,2,2,"22,27",MALE,NH,Fixed Object Collision,16.59875151445646,80.8944792633032,2.0,24.5,22.0,27.0,OBJECT,2022,6,2
683,June,2022-06-09,Thursday,2022-06-10,ITC Sonar,Kolkata,West Bengal,"22.544311210043418, 88.39890503031775",BICYCLE,UNIDENTIFIED,1,0,72,MALE,SH,Hit and Run,22.544311210043418,88.39890503031775,1.0,72.0,72.0,72.0,UNKNOWN,2022,6,3
684,June,2022-06-08,Wednesday,2022-06-10,Binjger,Nil,Maharashtra,"17.42351210964127, 76.30204082041193",CAR,TRUCK,3,0,"29,28,23",MALE,NH,Head On Collision,17.42351210964127,76.30204082041193,3.0,26.666666666666668,23.0,29.0,VEHICLE,2022,6,2
685,June,2022-06-09,Thursday,2022-06-10,Survey Park,Kolkata,West Bengal,"22.487576871396016, 88.39408350639546",TWO WHEELER,POLE,2,0,"20,22",MALE,SH,Fixed Object Collision,22.487576871396016,88.39408350639546,2.0,21.0,20.0,22.0,OBJECT,2022,6,3
688,June,2022-06-09,Thursday,2022-06-11,Mhow,Nil,Madhya Pradesh,"22.553608768631015, 75.76871631788185",TWO WHEELER,TRUCK,1,0,,MALE,SH,Hit From Back,22.553608768631012,75.76871631788185,,,,,VEHICLE,2022,6,3
689,June,2022-06-10,Friday,2022-06-11,Bidhuna Road,Nil,Uttar Pradesh,"26.824227561796622, 79.58801099182983",CAR,BUS,4,5,"24,42,45,8",MALE,NH,Head On Collision,26.824227561796626,79.58801099182983,4.0,29.75,8.0,45.0,VEHICLE,2022,6,4
691,June,2022-06-10,Friday,2022-06-12,Malewada,Nil,Maharashtra,"20.488917635786787, 80.37200741396082",TRUCK,TRUCK,1,0,38,MALE,SH,With Parked Vehicle,20.488917635786787,80.37200741396082,1.0,38.0,38.0,38.0,VEHICLE,2022,6,4
693,June,2022-06-12,Sunday,2022-06-12,Vandalur,Nil,Tamil Nadu,"12.889403720908282, 80.08417600449853",TWO WHEELER,TWO WHEELER,1,1,60,FEMALE,NH,Hit From Back,12.889403720908282,80.08417600449853,1.0,60.0,60.0,60.0,VEHICLE,2022,6,6
694,June,2022-06-11,Saturday,2022-06-13,Chikkasettikere,Nil,Karnataka,"13.058460611238306, 76.7494479289059",TWO WHEELER,CAR,1,0,41,MALE,NH,Head On Collision,13.058460611238306,76.7494479289059,1.0,41.0,41.0,41.0,VEHICLE,2022,6,5
695,June,2022-06-12,Sunday,2022-06-13,Swaroop Nagar,Delhi,Delhi,"28.758982298235107, 77.14780488503342",CAR,TRUCK,2,3,"26,26",MALE,NH,With Parked Vehicle,28.758982298235107,77.14780488503342,2.0,26.0,26.0,26.0,VEHICLE,2022,6,6
697,June,2022-06-12,Sunday,2022-06-13,Thal,Nil,Uttarakhand,"29.739018265867422, 80.04729161837417",CAR,GORGE,4,2,"53,50,50,90",FEMALE,NH,Vehicle Overturn,29.739018265867426,80.04729161837417,4.0,60.75,50.0,90.0,OBJECT,2022,6,6
699,June,2022-06-12,Sunday,2022-06-13,Rasipuram,Nil,Tamil Nadu,"11.460151503251813, 78.18452570801001",PEDESTRIAN,VAN,2,0,"55,35",MALE,SH,Hit and Run,11.460151503251812,78.18452570801001,2.0,45.0,35.0,55.0,VEHICLE,2022,6,6
700,June,2022-06-13,Monday,2022-06-14,Marwa,Nil,Bihar,"25.407253287536825, 86.91995408209277",AUTO RICKSHAW,TRUCK,5,7,"40,35,50,55,43",MALE,NH,Head On Collision,25.407253287536825,86.91995408209277,5.0,44.6,35.0,55.0,VEHICLE,2022,6,0
702,June,2022-06-12,Sunday,2022-06-14,Pillaichathiram,Nil,Tamil Nadu,"12.904043861103126, 79.8186047855074",CAR,RAILING,2,1,"45,65",BOTH,NH,Fixed Object Collision,12.904043861103126,79.8186047855074,2.0,55.0,45.0,65.0,VEHICLE,2022,6,6
705,June,2022-06-13,Monday,2022-06-14,Edugurallapalli,Nil,Andhra Pradesh,"17.74308695588915, 81.17859541513889",BUS,NIL,5,35,,,NH,Run Off Road,17.74308695588915,81.17859541513889,,,,,UNKNOWN,2022,6,0
706,June,2022-06-15,Wednesday,2022-06-15,Arasankulam,Nil,Tamil Nadu,"8.712696172048279, 77.5610187479597",BUS,NIL,3,27,,,SH,Run Off Road,8.712696172048279,77.5610187479597,,,,,UNKNOWN,2022,6,2
711,June,2022-06-15,Wednesday,2022-06-16,Sukhadhana,Nil,Madhya Pradesh,"22.123217949169135, 78.08725001776396",TWO WHEELER,TWO WHEELER,3,1,"22,24,23",MALE,SH,Head On Collision,22.12321794916913,78.08725001776396,3.0,23.0,22.0,24.0,VEHICLE,2022,6,2
712,June,2022-06-15,Wednesday,2022-06-16,Betma,Nil,Madhya Pradesh,"22.681471723633074, 75.61653095236426",TWO WHEELER,UNIDENTIFIED,1,1,55,MALE,NH,Hit and Run,22.681471723633077,75.61653095236426,1.0,55.0,55.0,55.0,UNKNOWN,2022,6,2
714,June,2022-06-16,Thursday,2022-06-17,Porunthamon,Nil,Kerala,"8.755006853393292, 76.89401865081159",CAR,TREE,1,3,21,MALE,SH,Fixed Object Collision,8.755006853393292,76.89401865081159,1.0,21.0,21.0,21.0,OBJECT,2022,6,3
718,June,2022-06-18,Saturday,2022-06-18,Banthra,Nil,Uttar Pradesh,"27.919215943809085, 79.82156315624165",VAN,TRUCK,7,5,"35,15,23,16,13,13",BOTH,NH,Head On Collision,27.919215943809085,79.82156315624165,6.0,19.166666666666668,13.0,35.0,VEHICLE,2022,6,5
719,June,2022-06-17,Friday,2022-06-18,Police training school,Kolkata,West Bengal,"22.540617881487176, 88.33483201192526",PEDESTRIAN,BUS,1,0,45,MALE,NH,Hit and Run,22.540617881487176,88.33483201192526,1.0,45.0,45.0,45.0,VEHICLE,2022,6,4
723,June,2022-06-19,Sunday,2022-06-19,Mukkola,Nil,Kerala,"8.383775135535078, 77.00765850120908",TWO WHEELER,TWO WHEELER,2,0,,MALE,NH,Head On Collision,8.383775135535078,77.00765850120908,,,,,VEHICLE,2022,6,6
724,June,2022-06-20,Monday,2022-06-20,Hamira,Nil,Punjab,"31.45917259295232, 75.44308835486723",CAR,TRUCK,5,2,,,NH,With Parked Vehicle,31.45917259295232,75.44308835486723,,,,,VEHICLE,2022,6,0
727,June,2022-06-19,Sunday,2022-06-20,Madhavaram,Chennai,Tamil Nadu,"13.144252476160666, 80.22079711417277",TWO WHEELER,WALL,1,1,25,MALE,NH,Fixed Object Collision,13.144252476160666,80.22079711417277,1.0,25.0,25.0,25.0,OBJECT,2022,6,6
729,June,2022-06-17,Friday,2022-06-20,Ghalu Wal,Nil,Himachal Pradesh,"31.516174765446653, 76.21153257214968",TWO WHEELER,TRUCK,1,0,55,MALE,NH,Head On Collision,31.516174765446653,76.21153257214968,1.0,55.0,55.0,55.0,VEHICLE,2022,6,4
731,June,2022-06-20,Monday,2022-06-21,Khudel,Nil,Madhya Pradesh,"22.687702214652454, 76.0234808853594",TWO WHEELER,TRUCK,2,0,,MALE,NH,Head On Collision,22.68770221465245,76.0234808853594,,,,,VEHICLE,2022,6,0
732,June,2022-06-19,Sunday,2022-06-21,Sankalakariya,Nil,Karnataka,"13.100764084068198, 74.87746982376122",SUV,NIL,1,2,18,FEMALE,NH,Run Off Road,13.100764084068198,74.87746982376122,1.0,18.0,18.0,18.0,UNKNOWN,2022,6,6
734,June,2022-06-22,Wednesday,2022-06-22,Navali,Nil,Madhya Pradesh,"24.587976597222077, 75.70261053450251",SUV,SUV,4,13,"60,55",BOTH,SH,Head On Collision,24.58797659722208,75.70261053450251,2.0,57.5,55.0,60.0,VEHICLE,2022,6,2
735,June,2022-06-20,Monday,2022-06-22,NTTF Junction,Bengaluru,Karnataka,"12.847483722753953, 77.67080028948838",TWO WHEELER,TRUCK,1,0,48,MALE,NH,Hit From Back,12.847483722753951,77.67080028948838,1.0,48.0,48.0,48.0,VEHICLE,2022,6,0
738,June,2022-06-23,Thursday,2022-06-23,Goalbari,Nil,West Bengal,"22.82371598065521, 87.00897651665815",AUTO RICKSHAW,VAN,4,5,"4,35,40,40",BOTH,SH,Head On Collision,22.82371598065521,87.00897651665815,4.0,29.75,4.0,40.0,VEHICLE,2022,6,3
747,June,2022-06-23,Thursday,2022-06-24,Aushapur,Nil,Telangana,"17.461431854583598, 78.73478348257953",TWO WHEELER,UNIDENTIFIED,3,0,"25,21,23",MALE,NH,Hit and Run,17.461431854583598,78.73478348257953,3.0,23.0,21.0,25.0,UNKNOWN,2022,6,3
749,June,2022-06-21,Tuesday,2022-06-25,Mumbai Naka,Nashik,Maharashtra,"19.98791733008655, 73.78509283065542",AUTO RICKSHAW,CAR,1,0,57,FEMALE,NH,Head On Collision,19.98791733008655,73.78509283065542,1.0,57.0,57.0,57.0,VEHICLE,2022,6,1
750,June,2022-06-22,Wednesday,2022-06-25,Dwarka Flyover,Nashik,Maharashtra,"19.99390201399, 73.79693369619416",TWO WHEELER,UNIDENTIFIED,1,0,36,MALE,NH,Hit and Run,19.99390201399,73.79693369619416,1.0,36.0,36.0,36.0,UNKNOWN,2022,6,2
751,June,2022-06-25,Saturday,2022-06-25,Dharamtul Vishnu Temple,Nil,Assam,"26.154467016159845, 92.35321244165476",PEDESTRIAN,CAR,1,6,,,NH,Hit and Run,26.154467016159845,92.35321244165476,,,,,VEHICLE,2022,6,5
752,June,2022-06-25,Saturday,2022-06-26,Agarpani,Nil,Chhattisgarh,"22.44078812784517, 81.38729302075325",BUS,DITCH,2,20,"9,3",FEMALE,SH,Vehicle Overturn,22.44078812784517,81.38729302075325,2.0,6.0,3.0,9.0,OBJECT,2022,6,5
753,June,2022-06-26,Sunday,2022-06-26,Saach Pass,Nil,Himachal Pradesh,"33.0057291641876, 76.23978717952649",BUS,BOULDER,1,7,,,SH,Fixed Object Collision,33.0057291641876,76.23978717952649,,,,,VEHICLE,2022,6,6
757,June,2022-06-25,Saturday,2022-06-27,Veerapandi Pirivu,Coimbatore,Tamil Nadu,"11.17034084300654, 76.95224526691806",PEDESTRIAN,BUS,1,0,75,FEMALE,NH,Hit and Run,11.17034084300654,76.95224526691806,1.0,75.0,75.0,75.0,VEHICLE,2022,6,5
759,June,2022-06-26,Sunday,2022-06-27,Mokal Gaon,Nil,Madhya Pradesh,"21.794187261819545, 76.2363213038457",TWO WHEELER,TRUCK,1,0,29,MALE,SH,Head On Collision,21.794187261819545,76.2363213038457,1.0,29.0,29.0,29.0,VEHICLE,2022,6,6
760,June,2022-06-27,Monday,2022-06-28,Sedariya,Nil,Rajasthan,"26.419793569420616, 74.67315301086593",CAR,TRUCK,5,0,"23,24,24,24,30",MALE,NH,With Parked Vehicle,26.419793569420616,74.67315301086593,5.0,25.0,23.0,30.0,VEHICLE,2022,6,0
762,June,2022-06-29,Wednesday,2022-06-29,Nashirabad,Nil,Maharashtra,"21.00372816744372, 75.65463240054079",PICK UP,TRUCK,4,0,,MALE,NH,Head On Collision,21.00372816744372,75.65463240054079,,,,,VEHICLE,2022,6,2
763,June,2022-06-28,Tuesday,2022-06-29,Kanchanjuri,Nil,Assam,"26.57641694935181, 93.17244312223875",CAR,GORGE,4,1,"23,19,20,20",MALE,NH,Vehicle Overturn,26.57641694935181,93.17244312223876,4.0,20.5,19.0,23.0,OBJECT,2022,6,1
766,June,2022-06-29,Wednesday,2022-06-30,Surguja,Nil,Chhattisgarh,"23.09801552032268, 83.23081845910845",CAR,TRUCK,2,3,"56,57",BOTH,NH,Head On Collision,23.09801552032268,83.23081845910845,2.0,56.5,56.0,57.0,VEHICLE,2022,6,2
769,July,2022-06-29,Wednesday,2022-07-01,Koh E Fiza Hospital,Bhopal,Madhya Pradesh,"23.26507953283944, 77.38068804042345",PEDESTRIAN,CAR,1,0,,MALE,SH,Hit and Run,23.26507953283944,77.38068804042345,,,,,VEHICLE,2022,6,2
771,July,2022-07-02,Saturday,2022-07-02,Kini,Nil,Maharashtra,"16.86488967953178, 74.29674180561348",SUV,TRUCK,3,1,"42,27,11",BOTH,NH,Hit From Back,16.86488967953178,74.29674180561348,3.0,26.666666666666668,11.0,42.0,VEHICLE,2022,7,5
772,July,2022-06-28,Tuesday,2022-07-02,Peth Vadgaon,Nil,Maharashtra,"16.828713200092736, 74.30574962148575",TWO WHEELER,TRUCK,3,0,"28,28,18",BOTH,SH,Hit From Side,16.828713200092736,74.30574962148575,3.0,24.666666666666668,18.0,28.0,VEHICLE,2022,6,1
773,July,2022-07-01,Friday,2022-07-02,Kondathamarapalle,Nil,Andhra Pradesh,"18.16850396246933, 83.2461004723039",AUTO RICKSHAW,BUS,1,0,48,MALE,SH,Others,18.16850396246933,83.2461004723039,1.0,48.0,48.0,48.0,VEHICLE,2022,7,4
775,July,2022-07-02,Saturday,2022-07-03,Chumoukedima,Nil,Nagaland,"25.80663634381753, 93.79110809700175",AUTO RICKSHAW,TRUCK,5,3,"19,20,21,22,24",MALE,NH,Others,25.80663634381753,93.79110809700175,5.0,21.2,19.0,24.0,VEHICLE,2022,7,5
776,July,2022-07-01,Friday,2022-07-03,Belur Industrial Area,Nil,Karnataka,"15.516875304272405, 74.92508140009917",TWO WHEELER,CAR,1,0,24,MALE,NH,Hit From Back,15.516875304272403,74.92508140009917,1.0,24.0,24.0,24.0,VEHICLE,2022,7,4
777,July,2022-07-01,Friday,2022-07-03,Panjurli Hotel,Nil,Karnataka,"15.463930720847475, 75.00043404088755",TWO WHEELER,CAR,1,0,,MALE,SH,Hit From Side,15.463930720847475,75.00043404088755,,,,,VEHICLE,2022,7,4
779,July,2022-07-04,Monday,2022-07-04,Focal Point,Nil,Punjab,"31.65259814136989, 75.63849801551531",CAR,PARAPET,3,1,,BOTH,NH,Fixed Object Collision,31.65259814136989,75.63849801551531,,,,,VEHICLE,2022,7,0
780,July,2022-07-03,Sunday,2022-07-04,Lavale Phata,Nil,Maharashtra,"18.510937783558102, 73.69488554452028",TWO WHEELER,TRUCK,3,4,"35,25,1",BOTH,SH,Others,18.510937783558106,73.69488554452028,3.0,20.333333333333332,1.0,35.0,VEHICLE,2022,7,6
781,July,2022-07-03,Sunday,2022-07-04,Indira Park,Nil,Uttar Pradesh,"28.00824552804398, 80.80548354667",TWO WHEELER,BUS,4,0,"22,4,30,52",BOTH,SH,Head On Collision,28.00824552804398,80.80548354667,4.0,27.0,4.0,52.0,VEHICLE,2022,7,6
782,July,2022-07-05,Tuesday,2022-07-05,Bapi,Nil,Rajasthan,"26.97494026952045, 76.28433925663929",CAR,SUV,4,3,,MALE,NH,Head On Collision,26.97494026952045,76.28433925663929,,,,,VEHICLE,2022,7,1
783,July,2022-07-05,Tuesday,2022-07-05,Khaliar,Nil,Himachal Pradesh,"31.719513402350213, 76.93497966491516",TRUCK,NIL,3,1,,,NH,Run Off Road,31.719513402350213,76.93497966491516,,,,,UNKNOWN,2022,7,1
787,July,2022-07-04,Monday,2022-07-06,Kullakada,Nil,Kerala,"9.081480613966917, 76.75265542620777",CAR,CAR,2,1,"32,30",BOTH,NH,Others,9.081480613966916,76.75265542620777,2.0,31.0,30.0,32.0,VEHICLE,2022,7,0
788,July,2022-07-04,Monday,2022-07-06,SN Junction,Kochi,Kerala,"9.954367080798487, 76.34492145824956",TWO WHEELER,TRUCK,2,1,"20,20",MALE,NH,Hit From Side,9.954367080798487,76.34492145824956,2.0,20.0,20.0,20.0,VEHICLE,2022,7,0
789,July,2022-07-04,Monday,2022-07-06,Devprayag,Nil,Uttarakhand,"30.145191943175526, 78.60436682200809",CAR,GORGE,1,3,23,MALE,NH,Vehicle Overturn,30.14519194317553,78.60436682200809,1.0,23.0,23.0,23.0,OBJECT,2022,7,0
790,July,2022-07-04,Monday,2022-07-06,Hanuman Chhati,Nil,Uttarakhand,"30.93236887735729, 78.39899532682544",CAR,GORGE,3,0,"30,35",FEMALE,NH,Vehicle Overturn,30.93236887735729,78.39899532682544,2.0,32.5,30.0,35.0,OBJECT,2022,7,0
791,July,2022-07-06,Wednesday,2022-07-07,Pamgarh,Nil,Chhattisgarh,"21.873499451221, 82.45015803172682",TWO WHEELER,VAN,1,1,2,MALE,SH,Hit From Back,21.873499451221,82.45015803172682,1.0,2.0,2.0,2.0,VEHICLE,2022,7,2
792,July,2022-07-06,Wednesday,2022-07-07,Buchirajupalem,Vizag,Andhra Pradesh,"17.74376770331953, 83.2314235301341",TWO WHEELER,LORRY,2,0,,MALE,SH,Others,17.74376770331953,83.2314235301341,,,,,VEHICLE,2022,7,2
796,July,2022-07-06,Wednesday,2022-07-08,Barkot,Nil,Uttarakhand,"30.80812377794836, 78.21010887386656",PICK UP,GORGE,1,5,43,MALE,NH,Vehicle Overturn,30.80812377794836,78.21010887386656,1.0,43.0,43.0,43.0,OBJECT,2022,7,2
803,July,2022-07-08,Friday,2022-07-09,Halol,Nil,Gujarat,"22.501220695617526, 73.48311850001448",TWO WHEELER,TRUCK,3,0,,MALE,NH,With Parked Vehicle,22.501220695617526,73.48311850001448,,,,,VEHICLE,2022,7,4
804,July,2022-07-08,Friday,2022-07-09,Honnakatte,Nil,Karnataka,"12.969759681379283, 74.80477918965846",VAN,TRUCK,1,0,40,MALE,NH,Hit From Side,12.969759681379283,74.80477918965846,1.0,40.0,40.0,40.0,VEHICLE,2022,7,4
806,July,2022-07-10,Sunday,2022-07-10,Nagaur,Nil,Rajasthan,"27.189910951383663, 73.73178246564869",CAR,TRUCK,1,5,,FEMALE,SH,Others,27.189910951383663,73.73178246564869,,,,,VEHICLE,2022,7,6
809,July,2022-07-10,Sunday,2022-07-10,Langolpota,Kolkata,West Bengal,"22.625983068705604, 88.51289893730716",CAR,BUS,1,0,22,MALE,SH,With Parked Vehicle,22.625983068705604,88.51289893730716,1.0,22.0,22.0,22.0,VEHICLE,2022,7,6
811,July,2022-07-10,Sunday,2022-07-10,Batala,Nil,Punjab,"31.823734052480386, 75.17505278764587",CAR,DIVIDER,3,2,,MALE,NH,Fixed Object Collision,31.823734052480383,75.17505278764587,,,,,OBJECT,2022,7,6
812,July,2022-07-07,Thursday,2022-07-10,Lucknow-Sultanpur Highway,Lucknow,Uttar Pradesh,"26.796373817934697, 81.01197823523033",CAR,TRUCK,2,2,"23,25",BOTH,NH,With Parked Vehicle,26.796373817934697,81.01197823523033,2.0,24.0,23.0,25.0,VEHICLE,2022,7,3
813,July,2022-07-10,Sunday,2022-07-11,Gagalheri,Nil,Uttar Pradesh,"29.97728356993806, 77.6632346561554",TWO WHEELER,TRACTOR,1,1,28,MALE,NH,Head On Collision,29.97728356993806,77.6632346561554,1.0,28.0,28.0,28.0,VEHICLE,2022,7,6
815,July,2022-07-10,Sunday,2022-07-11,Bhandari Resort,Indore,Madhya Pradesh,"22.72911823192714, 75.93317337333046",TWO WHEELER,CAR,1,1,,MALE,NH,Others,22.72911823192714,75.93317337333046,,,,,VEHICLE,2022,7,6
817,July,2022-07-12,Tuesday,2022-07-12,Badbahal,Nil,Odisha,"21.811169049664613, 84.20562287672573",AUTO RICKSHAW,SUV,3,3,,,NH,Others,21.811169049664613,84.20562287672573,,,,,VEHICLE,2022,7,1
822,July,2022-07-13,Wednesday,2022-07-13,Deepak Tal,Nil,Himachal Pradesh,"32.75245602481399, 77.25571991130239",TRUCK,GORGE,3,3,,,NH,Vehicle Overturn,32.75245602481399,77.25571991130239,,,,,OBJECT,2022,7,2
824,July,2022-07-11,Monday,2022-07-13,Maduranthkam,Nil,Tamil Nadu,"12.500351971025927, 79.87519711357636",CAR,TRUCK,1,4,40,MALE,NH,With Parked Vehicle,12.500351971025928,79.87519711357636,1.0,40.0,40.0,40.0,VEHICLE,2022,7,0
825,July,2022-07-11,Monday,2022-07-13,Nelamangala,Nil,Karnataka,"13.098492041784795, 77.38569255067814",TWO WHEELER,TRUCK,1,1,25,MALE,NH,With Parked Vehicle,13.098492041784796,77.38569255067814,1.0,25.0,25.0,25.0,VEHICLE,2022,7,0
827,July,2022-07-13,Wednesday,2022-07-14,Kaudiyala,Nil,Uttarakhand,"30.074442159413845, 78.50161094097407",CAR,GORGE,4,0,"52,40,25,19",BOTH,NH,Vehicle Overturn,30.074442159413845,78.50161094097407,4.0,34.0,19.0,52.0,OBJECT,2022,7,2
828,July,2022-07-13,Wednesday,2022-07-14,Nakkalla Palli,Nil,Telangana,"16.084111910361987, 77.89860863476197",CAR,LORRY,3,0,"12,8,25",BOTH,NH,With Parked Vehicle,16.084111910361987,77.89860863476197,3.0,15.0,8.0,25.0,VEHICLE,2022,7,2
830,July,2022-07-13,Wednesday,2022-07-15,Lalru,Nil,Punjab,"30.48476329448971, 76.79816771294107",BICYCLE,BUS,1,0,75,MALE,NH,Hit From Back,30.48476329448971,76.79816771294107,1.0,75.0,75.0,75.0,VEHICLE,2022,7,2
833,July,2022-07-15,Friday,2022-07-17,Kanchipuram,Nil,Tamil Nadu,"12.818966368687125, 79.69401125195076",PEDESTRIAN,TRUCK,2,0,"37,60",BOTH,SH,Hit and Run,12.818966368687123,79.69401125195076,2.0,48.5,37.0,60.0,VEHICLE,2022,7,4
836,July,2022-07-17,Sunday,2022-07-18,Kirimanjeshwara,Nil,Karnataka,"13.772641713352378, 74.63597248633671",TWO WHEELER,DIVIDER,2,0,"19,18",MALE,NH,Fixed Object Collision,13.772641713352378,74.63597248633671,2.0,18.5,18.0,19.0,OBJECT,2022,7,6
837,July,2022-07-16,Saturday,2022-07-18,Patan,Nil,Chhattisgarh,"21.037069311134164, 81.54797912885542",TWO WHEELER,TRUCK,2,0,"27,20",MALE,SH,Hit From Back,21.037069311134164,81.54797912885542,2.0,23.5,20.0,27.0,VEHICLE,2022,7,5
838,July,2022-07-17,Sunday,2022-07-18,Khandepar,Nil,Goa,"15.460091179207675, 74.0477027181453",TWO WHEELER,TRUCK,1,0,55,MALE,SH,Head On Collision,15.460091179207677,74.0477027181453,1.0,55.0,55.0,55.0,VEHICLE,2022,7,6
839,July,2022-07-16,Saturday,2022-07-18,Punjapura,Nil,Madhya Pradesh,"22.542103844573163, 76.36552318518942",TWO WHEELER,TRUCK,3,0,"26,22,22",MALE,SH,Head On Collision,22.542103844573163,76.36552318518942,3.0,23.333333333333332,22.0,26.0,VEHICLE,2022,7,5
840,July,2022-07-16,Saturday,2022-07-18,AB Road,Indore,Madhya Pradesh,"22.64647852782518, 75.81923095698617",CAR,PILLAR,1,1,,MALE,NH,Fixed Object Collision,22.64647852782518,75.81923095698617,,,,,VEHICLE,2022,7,5
844,July,2022-07-18,Monday,2022-07-19,Narmada Bridge,Nil,Madhya Pradesh,"22.151916886063812, 75.44344933833077",BUS,RIVER,14,20,,,NH,Vehicle Overturn,22.15191688606381,75.44344933833077,,,,,OBJECT,2022,7,0
847,July,2022-07-18,Monday,2022-07-20,Kadrabad,Nil,Uttar Pradesh,"28.86590154001807, 77.59911645209652",TWO WHEELER,CAR,1,1,,MALE,NH,Hit From Back,28.86590154001807,77.59911645209652,,,,,VEHICLE,2022,7,0
850,July,2022-07-20,Wednesday,2022-07-21,Shiroor Toll Plaza,Nil,Karnataka,"13.933637241943957, 74.5967215030597",AMBULANCE,POLE,4,4,"45,40,42,32",BOTH,NH,Fixed Object Collision,13.933637241943956,74.5967215030597,4.0,39.75,32.0,45.0,OBJECT,2022,7,2
851,July,2022-07-20,Wednesday,2022-07-21,Gholu Majra,Nil,Punjab,"30.53476289307007, 76.81639741792141",PEDESTRIAN,UNIDENTIFIED,1,0,45,FEMALE,NH,Hit and Run,30.53476289307007,76.81639741792141,1.0,45.0,45.0,45.0,UNKNOWN,2022,7,2
853,July,2022-07-22,Friday,2022-07-22,Naugaja Peer,Nil,Haryana,"30.163379919274046, 76.86375481675898",CAR,UNIDENTIFIED,2,1,,BOTH,NH,Hit and Run,30.16337991927405,76.86375481675898,,,,,UNKNOWN,2022,7,4
854,July,2022-07-21,Thursday,2022-07-22,Yelahanka,Nil,Karnataka,"13.11764235472505, 77.6084193444187",CAR,BUS,1,0,21,MALE,NH,Head On Collision,13.11764235472505,77.6084193444187,1.0,21.0,21.0,21.0,VEHICLE,2022,7,3
855,July,2022-07-23,Saturday,2022-07-23,Badar Chowk,Nil,Uttar Pradesh,"27.541229923475033, 78.04514179668632",PEDESTRIAN,TRUCK,5,1,"28,30,30,30,45",MALE,NH,Hit and Run,27.541229923475036,78.04514179668632,5.0,32.6,28.0,45.0,VEHICLE,2022,7,5
856,July,2022-07-22,Friday,2022-07-23,Punhana,Nil,Haryana,"27.8674332750505, 77.20858812005018",AUTO RICKSHAW,CRANE,7,2,,,SH,Hit From Side,27.8674332750505,77.20858812005018,,,,,VEHICLE,2022,7,4
859,July,2022-07-24,Sunday,2022-07-24,Kothakotta,Nil,Andhra Pradesh,"13.3958876290453, 79.09851659006976",CAR,DIVIDER,3,4,"29,26,30",MALE,NH,Fixed Object Collision,13.3958876290453,79.09851659006976,3.0,28.333333333333332,26.0,30.0,OBJECT,2022,7,6
860,July,2022-07-22,Friday,2022-07-24,Samba Bus Stand,Nil,Jammu,"32.559624979021876, 75.12050899406216",CAR,TRUCK,4,15,"40,8,5,5",BOTH,NH,Others,32.55962497902188,75.12050899406216,4.0,14.5,5.0,40.0,VEHICLE,2022,7,4
861,July,2022-07-24,Sunday,2022-07-24,Satrundi,Nil,Himachal Pradesh,"32.99261617636575, 76.21056273695888",CAR,GORGE,5,2,,,SH,Vehicle Overturn,32.99261617636575,76.21056273695888,,,,,OBJECT,2022,7,6
865,July,2022-07-23,Saturday,2022-07-25,Bamhani,Nil,Madhya Pradesh,"22.475812300533164, 80.36759789701637",PEDESTRIAN,BUS,2,3,"2,26",FEMALE,NH,Hit and Run,22.475812300533164,80.36759789701637,2.0,14.0,2.0,26.0,VEHICLE,2022,7,5
866,July,2022-07-25,Monday,2022-07-25,Barabanki,Nil,Uttar Pradesh,"26.927293576261384, 81.2001030162083",BUS,BUS,8,18,"42,33,25,23,17,24",BOTH,SH,Head On Collision,26.927293576261384,81.2001030162083,6.0,27.333333333333332,17.0,42.0,VEHICLE,2022,7,0
868,July,2022-07-25,Monday,2022-07-25,Nangli Puna,Delhi,Delhi,"28.771698294788195, 77.1438149431766",CAR,BUS,3,2,"27,32,62",FEMALE,NH,With Parked Vehicle,28.771698294788195,77.1438149431766,3.0,40.333333333333336,27.0,62.0,VEHICLE,2022,7,0
869,July,2022-07-24,Sunday,2022-07-26,RTO Office Bilkhiriya,Bhopal,Madhya Pradesh,"23.267080937045094, 77.51617118103837",TWO WHEELER,UNIDENTIFIED,1,0,50,MALE,NH,Hit and Run,23.26708093704509,77.51617118103837,1.0,50.0,50.0,50.0,UNKNOWN,2022,7,6
870,July,2022-07-24,Sunday,2022-07-26,Megra Kalan,Nil,Madhya Pradesh,"23.680123872219358, 77.46032132791763",TWO WHEELER,UNIDENTIFIED,1,0,22,MALE,SH,Hit and Run,23.68012387221936,77.46032132791763,1.0,22.0,22.0,22.0,UNKNOWN,2022,7,6
871,July,2022-07-20,Wednesday,2022-07-26,Koothattukulam,Nil,Kerala,"9.860746543042406, 76.59740276583467",TWO WHEELER,POLE,1,0,18,MALE,SH,Fixed Object Collision,9.860746543042406,76.59740276583467,1.0,18.0,18.0,18.0,OBJECT,2022,7,2
872,July,2022-07-24,Sunday,2022-07-26,Bilkhiriya,Nil,Madhya Pradesh,"23.256073185414806, 77.58298153658785",TWO WHEELER,UNIDENTIFIED,1,0,50,MALE,NH,Hit and Run,23.25607318541481,77.58298153658785,1.0,50.0,50.0,50.0,UNKNOWN,2022,7,6
873,July,2022-07-24,Sunday,2022-07-26,Megraa,Nil,Madhya Pradesh,"23.681334215884217, 77.46066505698248",TWO WHEELER,CAR,1,0,26,MALE,SH,Hit and Run,23.681334215884217,77.46066505698248,1.0,26.0,26.0,26.0,VEHICLE,2022,7,6
874,July,2022-07-27,Wednesday,2022-07-27,Kurnool Ring Road,Nil,Andhra Pradesh,"15.761981976291281, 78.0205006532582",CAR,TRUCK,3,3,,BOTH,NH,Hit From Back,15.76198197629128,78.0205006532582,,,,,VEHICLE,2022,7,2
876,July,2022-07-26,Tuesday,2022-07-27,Masuri,Nil,Uttar Pradesh,"28.68880790698141, 77.55244731315047",TWO WHEELER,DIVIDER,3,0,,MALE,NH,Fixed Object Collision,28.68880790698141,77.55244731315047,,,,,OBJECT,2022,7,1
877,July,2022-07-26,Tuesday,2022-07-27,Bamheta,Ghaziabad,Uttar Pradesh,"28.649244391742904, 77.46967064490445",TWO WHEELER,DIVIDER,1,0,20,MALE,NH,Fixed Object Collision,28.649244391742904,77.46967064490445,1.0,20.0,20.0,20.0,OBJECT,2022,7,1
879,July,2022-07-26,Tuesday,2022-07-28,Chandrama Chowk,Nil,Bihar,"25.577565237623467, 87.579481648749",TWO WHEELER,BUS,1,1,31,MALE,NH,Others,25.577565237623467,87.579481648749,1.0,31.0,31.0,31.0,VEHICLE,2022,7,1
880,July,2022-07-27,Wednesday,2022-07-28,Hiranagar,Nil,Himachal Pradesh,"31.113145309002686, 77.10432524742168",BUS,GORGE,1,22,30,MALE,NH,Run Off Road,31.11314530900269,77.10432524742168,1.0,30.0,30.0,30.0,OBJECT,2022,7,2
881,July,2022-07-27,Wednesday,2022-07-28,Acharapakkam,Nil,Tamil Nadu,"12.407262812658416, 79.81736834538259",TWO WHEELER,TRUCK,2,0,"16,17",MALE,NH,Head On Collision,12.407262812658416,79.81736834538259,2.0,16.5,16.0,17.0,VEHICLE,2022,7,2
882,July,2022-07-29,Friday,2022-07-29,Naraini,Nil,Uttar Pradesh,"25.187145377591197, 80.47401054681619",AUTO RICKSHAW,SUV,6,7,,,SH,Head On Collision,25.1871453775912,80.47401054681619,,,,,VEHICLE,2022,7,4
884,July,2022-07-28,Thursday,2022-07-29,Salasar Highway,Nil,Rajasthan,"28.004360488461323, 74.94392415519748",TWO WHEELER,SUV,1,0,35,MALE,NH,Others,28.004360488461323,74.94392415519748,1.0,35.0,35.0,35.0,VEHICLE,2022,7,3
886,July,2022-07-30,Saturday,2022-07-30,Chinnar Bridge,Nil,Tamil Nadu,"10.353407760645622, 77.2196448074345",BUS,TRUCK,2,3,"40,40",MALE,SH,With Parked Vehicle,10.353407760645622,77.2196448074345,2.0,40.0,40.0,40.0,VEHICLE,2022,7,5
887,July,2022-07-30,Saturday,2022-07-31,Sector 12 Panchkula,Nil,Haryana,"30.67837434350798, 76.86002240403681",TWO WHEELER,TRUCK,2,1,,,NH,Hit From Back,30.67837434350798,76.86002240403681,,,,,VEHICLE,2022,7,5
889,August,2022-07-31,Sunday,2022-08-01,Tiuni,Nil,Uttarakhand,"30.939362031695072, 77.84815764793379",PICK UP,GORGE,3,0,"22,20,65",MALE,NH,Vehicle Overturn,30.939362031695072,77.84815764793379,3.0,35.666666666666664,20.0,65.0,OBJECT,2022,7,6
890,August,2022-07-31,Sunday,2022-08-01,Tiuni Bridge,Nil,Uttarakhand,"30.945197917122762, 77.8515850791922",TWO WHEELER,RAILING,1,1,26,MALE,NH,Fixed Object Collision,30.94519791712276,77.8515850791922,1.0,26.0,26.0,26.0,VEHICLE,2022,7,6
891,August,2022-07-30,Saturday,2022-08-01,Paddapai,Nil,Tamil Nadu,"12.888856784533612, 80.02941404006906",TWO WHEELER,CAR,2,1,"18,19",MALE,SH,Hit From Side,12.888856784533612,80.02941404006906,2.0,18.5,18.0,19.0,VEHICLE,2022,7,5
892,August,2022-08-01,Monday,2022-08-02,Swala,Nil,Uttarakhand,"29.260722990772237, 80.07439203496646",CAR,GORGE,1,1,46,MALE,NH,Vehicle Overturn,29.26072299077224,80.07439203496646,1.0,46.0,46.0,46.0,OBJECT,2022,8,0
893,August,2022-08-01,Monday,2022-08-02,Shamshabad,Hyderabad,Telangana,"17.255340256368513, 78.38134141799141",CAR,DIVIDER,1,2,21,FEMALE,NH,Fixed Object Collision,17.255340256368513,78.38134141799141,1.0,21.0,21.0,21.0,OBJECT,2022,8,0
894,August,2022-08-01,Monday,2022-08-03,Swarag Dham Ashram,Nil,Madhya Pradesh,"23.254865875546862, 77.57396822342128",TWO WHEELER,TRUCK,1,0,26,MALE,NH,Head On Collision,23.254865875546862,77.57396822342128,1.0,26.0,26.0,26.0,VEHICLE,2022,8,0
895,August,2022-08-02,Tuesday,2022-08-03,Navelim,Nil,Goa,"15.252273017920528, 73.96876094773741",CAR,DIVIDER,2,3,"72,74",BOTH,NH,Fixed Object Collision,15.252273017920528,73.96876094773741,2.0,73.0,72.0,74.0,OBJECT,2022,8,1
897,August,2022-08-03,Wednesday,2022-08-04,Bahuara Chowk,Nil,Bihar,"25.84611417232703, 85.5986218975968",PEDESTRIAN,TRUCK,5,7,,,SH,Hit and Run,25.84611417232703,85.5986218975968,,,,,VEHICLE,2022,8,2
899,August,2022-08-03,Wednesday,2022-08-04,Jugiyana,Ludhiana,Punjab,"30.851348195494523, 75.94820155476005",TWO WHEELER,TRUCK,1,1,35,FEMALE,SH,Others,30.851348195494523,75.94820155476005,1.0,35.0,35.0,35.0,VEHICLE,2022,8,2
900,August,2022-08-02,Tuesday,2022-08-04,Bherughat,Nil,Madhya Pradesh,"22.480575141185227, 75.94390693213485",CAR,TRUCK,1,4,,MALE,SH,Others,22.480575141185227,75.94390693213485,,,,,VEHICLE,2022,8,1
904,August,2022-08-04,Thursday,2022-08-06,Jaleelpur Road,Nil,Uttar Pradesh,"29.142339160066125, 78.2697179981714",CAR,TREE,3,2,"41,40,38",MALE,SH,Fixed Object Collision,29.142339160066125,78.2697179981714,3.0,39.666666666666664,38.0,41.0,OBJECT,2022,8,3
905,August,2022-08-04,Thursday,2022-08-06,Bhootpuri,Nil,Uttar Pradesh,"29.322011984558028, 78.65378108142265",TWO WHEELER,CAR,2,0,"40,39",MALE,NH,Others,29.322011984558028,78.65378108142265,2.0,39.5,39.0,40.0,VEHICLE,2022,8,3
906,August,2022-08-05,Friday,2022-08-06,Ankinayanapalli,Nil,Tamil Nadu,"12.53456018087644, 78.39113093997939",PEDESTRIAN,CAR,4,0,"43,40,43,47",MALE,SH,Hit and Run,12.53456018087644,78.39113093997939,4.0,43.25,40.0,47.0,VEHICLE,2022,8,4
907,August,2022-08-04,Thursday,2022-08-06,Koduvai,Nil,Tamil Nadu,"10.938561165704384, 77.44021576561727",SUV,BUS,5,1,"34,34,36,40,38",MALE,NH,Head On Collision,10.938561165704384,77.44021576561727,5.0,36.4,34.0,40.0,VEHICLE,2022,8,3
910,August,2022-08-07,Sunday,2022-08-07,Ballygunge,Kolkata,West Bengal,"22.52951965698945, 88.3657621945832",PEDESTRIAN,CAR,1,0,45,FEMALE,SH,Hit and Run,22.52951965698945,88.3657621945832,1.0,45.0,45.0,45.0,VEHICLE,2022,8,6
912,August,2022-08-05,Friday,2022-08-07,Turf Club Chowk,Pune,Maharashtra,"18.50646197538379, 73.88988097872114",TWO WHEELER,TRUCK,2,0,"43,40",MALE,NH,Hit From Side,18.50646197538379,73.88988097872114,2.0,41.5,40.0,43.0,VEHICLE,2022,8,4
913,August,2022-08-07,Sunday,2022-08-08,Shivgarh,Nil,Uttar Pradesh,"25.58143154317199, 81.83963789136295",TWO WHEELER,TWO WHEELER,1,1,46,MALE,NH,Head On Collision,25.58143154317199,81.83963789136295,1.0,46.0,46.0,46.0,VEHICLE,2022,8,6
917,August,2022-08-08,Monday,2022-08-09,Sahsoon Bypass,Nil,Uttar Pradesh,"25.48899557055542, 81.9895773259544",BICYCLE,BUS,1,1,10,MALE,SH,Others,25.48899557055542,81.9895773259544,1.0,10.0,10.0,10.0,VEHICLE,2022,8,0
920,August,2022-08-10,Wednesday,2022-08-10,Mupkal,Nil,Telangana,"18.91469965911996, 78.36007559482111",CAR,NIL,4,3,,,NH,Run Off Road,18.91469965911996,78.36007559482111,,,,,UNKNOWN,2022,8,2
922,August,2022-08-08,Monday,2022-08-10,Dhapa,Kolkata,West Bengal,"22.539868429713746, 88.39806868254642",PEDESTRIAN,TRUCK,1,0,45,MALE,SH,Hit and Run,22.539868429713746,88.39806868254642,1.0,45.0,45.0,45.0,VEHICLE,2022,8,0
927,August,2022-08-09,Tuesday,2022-08-11,Tarapur Flyover,Ahmedabad,Gujarat,"22.491182868063923, 72.6611407729859",TWO WHEELER,CAR,2,1,"17,34",MALE,NH,Hit From Back,22.491182868063923,72.6611407729859,2.0,25.5,17.0,34.0,VEHICLE,2022,8,1
928,August,2022-08-10,Wednesday,2022-08-12,Chander Hospital,Nil,Punjab,"30.583126877573964, 76.84334244893928",PEDESTRIAN,CAR,1,0,26,FEMALE,NH,Hit and Run,30.583126877573964,76.84334244893928,1.0,26.0,26.0,26.0,VEHICLE,2022,8,2
930,August,2022-08-10,Wednesday,2022-08-12,Sector 7 Panchkula,Nil,Haryana,"30.711627831657793, 76.85053500524437",TWO WHEELER,CAR,1,0,,MALE,NH,Others,30.711627831657797,76.85053500524437,,,,,VEHICLE,2022,8,2
932,August,2022-08-11,Thursday,2022-08-13,Sutarwadi Flyover,Pune,Maharashtra,"18.54044513250428, 73.78018713277599",TWO WHEELER,UNIDENTIFIED,1,0,24,MALE,NH,Hit and Run,18.54044513250428,73.78018713277599,1.0,24.0,24.0,24.0,UNKNOWN,2022,8,3
933,August,2022-08-11,Thursday,2022-08-13,Kiwale,Nil,Maharashtra,"18.661623680075248, 73.72996840293237",TWO WHEELER,TRACTOR,1,1,21,MALE,NH,Hit From Back,18.661623680075248,73.72996840293237,1.0,21.0,21.0,21.0,VEHICLE,2022,8,3
936,August,2022-08-12,Friday,2022-08-13,Grayaspur,Nil,Madhya Pradesh,"23.678312106155037, 78.11121940894049",TWO WHEELER,CAR,4,0,"37,12,15,35",MALE,NH,Others,23.67831210615504,78.11121940894049,4.0,24.75,12.0,37.0,VEHICLE,2022,8,4
937,August,2022-08-14,Sunday,2022-08-14,New Highway,Nil,Maharashtra,"18.976587724865837, 75.76628565332618",CAR,TRUCK,6,0,,,NH,Head On Collision,18.97658772486584,75.76628565332618,,,,,VEHICLE,2022,8,6
938,August,2022-08-14,Sunday,2022-08-14,ISKCON Flyover,Ahmedabad,Gujarat,"23.027163319878326, 72.50731200268955",PEDESTRIAN,UNIDENTIFIED,1,0,20,MALE,NH,Hit and Run,23.027163319878326,72.50731200268955,1.0,20.0,20.0,20.0,UNKNOWN,2022,8,6
939,August,2022-08-13,Saturday,2022-08-14,Vallabhipur,Nil,Gujarat,"21.888208848667126, 71.87584738690651",CAR,TRUCK,4,0,"15,18",BOTH,SH,Hit From Back,21.888208848667126,71.87584738690651,2.0,16.5,15.0,18.0,VEHICLE,2022,8,5
940,August,2022-08-12,Friday,2022-08-14,Etawah Expressway,Nil,Uttar Pradesh,"26.79163187649792, 79.03551506188178",CAR,DIVIDER,1,4,34,MALE,NH,Fixed Object Collision,26.79163187649792,79.03551506188178,1.0,34.0,34.0,34.0,OBJECT,2022,8,4
942,August,2022-08-15,Monday,2022-08-15,Mandap Tunnel,Nil,Maharashtra,"18.842584082178334, 73.23739750475224",CAR,TRUCK,1,0,52,MALE,SH,Hit From Back,18.84258408217833,73.23739750475224,1.0,52.0,52.0,52.0,VEHICLE,2022,8,0
944,August,2022-08-16,Tuesday,2022-08-16,Sidhrawli,Nil,Haryana,"28.264056864663388, 76.8301177836652",SUV,TRUCK,4,2,"22,23,25,35",BOTH,NH,Hit From Side,28.264056864663388,76.8301177836652,4.0,26.25,22.0,35.0,VEHICLE,2022,8,1
945,August,2022-08-15,Monday,2022-08-16,Chromepet,Nil,Tamil Nadu,"12.950716960809633, 80.13984549691799",PEDESTRIAN,BUS,1,0,17,FEMALE,SH,Hit and Run,12.950716960809633,80.13984549691799,1.0,17.0,17.0,17.0,VEHICLE,2022,8,0
946,August,2022-08-17,Wednesday,2022-08-17,Ranjangaon,Nil,Maharashtra,"18.75570378002915, 74.24743723636944",BUS,TRUCK,5,1,"53,45,16,7,4",BOTH,SH,Head On Collision,18.75570378002915,74.24743723636944,5.0,25.0,4.0,53.0,VEHICLE,2022,8,2
947,August,2022-08-16,Tuesday,2022-08-17,Padeghar,Mumbai,Maharashtra,"18.959068088846323, 73.03725870845345",TWO WHEELER,TRUCK,1,0,35,MALE,NH,With Parked Vehicle,18.959068088846323,73.03725870845345,1.0,35.0,35.0,35.0,VEHICLE,2022,8,1
949,August,2022-08-16,Tuesday,2022-08-17,Tummalapalem,Nil,Andhra Pradesh,"16.57282209537555, 80.5322742786052",CAR,LORRY,4,0,,MALE,NH,With Parked Vehicle,16.57282209537555,80.5322742786052,,,,,VEHICLE,2022,8,1
950,August,2022-08-16,Tuesday,2022-08-18,Tinokhal,Nil,Assam,"24.576822817114092, 92.31447808157061",TWO WHEELER,TRUCK,1,3,24,MALE,NH,Others,24.57682281711409,92.3144780815706,1.0,24.0,24.0,24.0,VEHICLE,2022,8,1
951,August,2022-08-18,Thursday,2022-08-18,Bhilwara,Nil,Rajasthan,"25.315813522132284, 74.63310835858479",CAR,TRUCK,4,0,"40,37,11,40",BOTH,NH,Hit From Back,25.315813522132284,74.63310835858479,4.0,32.0,11.0,40.0,VEHICLE,2022,8,3
952,August,2022-08-18,Thursday,2022-08-18,Kushaliya,Nil,Uttar Pradesh,"28.71053747751953, 77.53414573056509",SUV,UNIDENTIFIED,4,1,"34,7,48,40",BOTH,NH,Hit and Run,28.71053747751953,77.53414573056509,4.0,32.25,7.0,48.0,UNKNOWN,2022,8,3
953,August,2022-08-18,Thursday,2022-08-19,Manali,Nil,Himachal Pradesh,"32.21421210952723, 77.18881761206093",CAR,TRUCK,2,0,"23,23",BOTH,NH,Head On Collision,32.21421210952723,77.18881761206093,2.0,23.0,23.0,23.0,VEHICLE,2022,8,3
954,August,2022-08-19,Friday,2022-08-19,Metawara,Nil,Chhattisgarh,"19.143212422997077, 82.01659462110628",CAR,BUS,5,0,,,NH,Head On Collision,19.14321242299708,82.01659462110628,,,,,VEHICLE,2022,8,4
956,August,2022-08-20,Saturday,2022-08-20,Athani,Nil,Karnataka,"16.726003255008884, 75.06098320133205",BUS,TRUCK,2,10,,MALE,NH,Head On Collision,16.726003255008884,75.06098320133205,,,,,VEHICLE,2022,8,5
958,August,2022-08-19,Friday,2022-08-20,Kasara Ghat,Nil,Maharashtra,"19.665589044933387, 73.50063272085029",CAR,NIL,1,2,23,MALE,NH,Run Off Road,19.665589044933387,73.50063272085029,1.0,23.0,23.0,23.0,UNKNOWN,2022,8,4
959,August,2022-08-19,Friday,2022-08-20,Mannapparai,Nil,Tamil Nadu,"10.608956878284548, 78.42341800501377",TWO WHEELER,CAR,2,1,"40,2",MALE,SH,Hit From Side,10.608956878284548,78.42341800501377,2.0,21.0,2.0,40.0,VEHICLE,2022,8,4
962,August,2022-08-21,Sunday,2022-08-21,Kondhali,Nil,Maharashtra,"21.135114424478765, 78.6394714598024",TWO WHEELER,TRUCK,1,4,1,FEMALE,NH,Hit From Back,21.135114424478765,78.6394714598024,1.0,1.0,1.0,1.0,VEHICLE,2022,8,6
965,August,2022-08-22,Monday,2022-08-22,Palkhi,Nil,Madhya Pradesh,"23.41171116675694, 75.48403343721121",TRUCK,TRUCK,4,11,,,SH,Others,23.41171116675694,75.48403343721121,,,,,VEHICLE,2022,8,0
966,August,2022-08-21,Sunday,2022-08-22,Sarahanpur,Nil,Uttar Pradesh,"29.960305462335533, 77.55709242351591",SUV,TRUCK,6,6,"25,24,26,27,38,35",BOTH,NH,With Parked Vehicle,29.960305462335533,77.55709242351591,6.0,29.166666666666668,24.0,38.0,VEHICLE,2022,8,6
967,August,2022-08-22,Monday,2022-08-22,Laxmangarh,Nil,Rajasthan,"27.811572450985334, 75.02095342198635",CAR,TRUCK,4,0,"32,28,2,8",BOTH,NH,Head On Collision,27.81157245098533,75.02095342198635,4.0,17.5,2.0,32.0,VEHICLE,2022,8,0
968,August,2022-08-22,Monday,2022-08-22,Valluru,Nil,Andhra Pradesh,"16.557731034204064, 81.83028092243659",CAR,CANAL,3,2,"50,55,45",,SH,Vehicle Overturn,16.557731034204064,81.83028092243659,3.0,50.0,45.0,55.0,OBJECT,2022,8,0
971,August,2022-08-21,Sunday,2022-08-23,Mavikala Toll Plaza,Nil,Uttar Pradesh,"28.877093982745233, 77.25098427500454",TWO WHEELER,TRUCK,5,0,"30,35,8,6,5",BOTH,NH,Head On Collision,28.877093982745237,77.25098427500454,5.0,16.8,5.0,35.0,VEHICLE,2022,8,6
972,August,2022-08-22,Monday,2022-08-23,Garhi Harsaru,Nil,Haryana,"28.44960177047333, 76.96100609651029",CAR,TRUCK,1,1,23,FEMALE,NH,With Parked Vehicle,28.44960177047333,76.96100609651029,1.0,23.0,23.0,23.0,VEHICLE,2022,8,0
973,August,2022-08-23,Tuesday,2022-08-24,Mohadari Ghat,Nil,Maharashtra,"19.885274960176368, 73.94177560345305",CAR,DIVIDER,1,1,45,FEMALE,NH,Fixed Object Collision,19.885274960176368,73.94177560345305,1.0,45.0,45.0,45.0,OBJECT,2022,8,1
974,August,2022-08-23,Tuesday,2022-08-24,Vivekanand College,Nil,Madhya Pradesh,"22.59663648362726, 75.89634578737964",AUTO RICKSHAW,TRUCK,3,15,"19,19",BOTH,SH,Head On Collision,22.59663648362726,75.89634578737964,2.0,19.0,19.0,19.0,VEHICLE,2022,8,1
977,August,2022-08-25,Thursday,2022-08-25,Balenahalli Gate,Nil,Karnataka,"13.362972731995939, 77.10330230352852",SUV,TRUCK,9,14,,BOTH,NH,Hit From Back,13.36297273199594,77.10330230352852,,,,,VEHICLE,2022,8,3
978,August,2022-08-23,Tuesday,2022-08-25,Injambakkam,Chennai,Tamil Nadu,"12.921172824561957, 80.25129808708131",TWO WHEELER,DIVIDER,2,0,"21,25",MALE,NH,Fixed Object Collision,12.921172824561957,80.25129808708131,2.0,23.0,21.0,25.0,OBJECT,2022,8,1
982,August,2022-08-26,Friday,2022-08-27,Chaupal,Nil,Himachal Pradesh,"30.949330125762117, 77.5928195680066",CAR,GORGE,4,1,"55,42,54,50",BOTH,SH,Vehicle Overturn,30.94933012576212,77.5928195680066,4.0,50.25,42.0,55.0,OBJECT,2022,8,4
985,August,2022-08-26,Friday,2022-08-28,Army Public School,Pune,Maharashtra,"18.57750697763386, 73.8764039940463",TWO WHEELER,BUS,1,0,40,MALE,SH,Hit From Back,18.57750697763386,73.8764039940463,1.0,40.0,40.0,40.0,VEHICLE,2022,8,4
991,August,2022-08-27,Saturday,2022-08-29,Bhagwanpur,Nil,Uttar Pradesh,"28.871034366683634, 77.74104853527804",SUV,DIVIDER,6,0,"20,22,30,3,25,30",BOTH,NH,Fixed Object Collision,28.871034366683634,77.74104853527804,6.0,21.666666666666668,3.0,30.0,OBJECT,2022,8,5
992,August,2022-08-28,Sunday,2022-08-29,Patharakhumba,Nil,Odisha,"20.937340687598365, 85.47144947154864",AUTO RICKSHAW,TRUCK,5,0,"48,45,54,13,35",BOTH,NH,Head On Collision,20.937340687598365,85.47144947154864,5.0,39.0,13.0,54.0,VEHICLE,2022,8,6
994,August,2022-08-28,Sunday,2022-08-30,Gokulpura,Nil,Rajasthan,"27.576033844445412, 75.18900536726449",CAR,BUS,2,12,,,NH,Head On Collision,27.57603384444541,75.18900536726449,,,,,VEHICLE,2022,8,6
995,August,2022-08-28,Sunday,2022-08-30,Manpur,Nil,Rajasthan,"26.95860693491009, 76.68415878172634",PEDESTRIAN,CAR,1,0,15,MALE,NH,Hit and Run,26.95860693491009,76.68415878172634,1.0,15.0,15.0,15.0,VEHICLE,2022,8,6
997,August,2022-08-30,Tuesday,2022-08-31,Makrown,Nil,Uttar Pradesh,"25.718353533382025, 80.10015215149183",PEDESTRIAN,TRUCK,2,0,"72,30",MALE,NH,Hit and Run,25.718353533382025,80.10015215149183,2.0,51.0,30.0,72.0,VEHICLE,2022,8,1
998,August,2022-08-30,Tuesday,2022-08-31,Paniyala Flyover,Nil,Rajasthan,"27.784237288595175, 76.22986539404629",BUS,NIL,3,13,"65,45,1",BOTH,NH,Run Off Road,27.784237288595172,76.22986539404629,3.0,37.0,1.0,65.0,UNKNOWN,2022,8,1
999,August,2022-08-30,Tuesday,2022-08-31,Sirsala,Nil,Maharashtra,"18.973810245442227, 76.37588017389284",CAR,SUV,2,2,"35,9",BOTH,SH,Head On Collision,18.973810245442227,76.37588017389284,2.0,22.0,9.0,35.0,VEHICLE,2022,8,1
1000,August,2022-08-30,Tuesday,2022-08-31,Nadigaon,Nil,Uttarakhand,"29.83922690925442, 79.77706855378689",TWO WHEELER,BOULDER,1,0,57,MALE,NH,Fixed Object Collision,29.83922690925442,79.77706855378689,1.0,57.0,57.0,57.0,VEHICLE,2022,8,1
1001,August,2022-08-29,Monday,2022-08-31,Jamthi,Nil,Maharashtra,"20.809524840584373, 75.97061786368732",PICK UP,NIL,3,10,"17,19,22",MALE,SH,Run Off Road,20.809524840584373,75.97061786368732,3.0,19.333333333333332,17.0,22.0,UNKNOWN,2022,8,0
1003,September,2022-08-30,Tuesday,2022-09-01,Gondal Rd,Rajkot,Gujarat,"22.209340077984876, 70.80100442289556",PEDESTRIAN,CAR,2,0,"18,19",MALE,NH,Hit and Run,22.20934007798488,70.80100442289556,2.0,18.5,18.0,19.0,VEHICLE,2022,8,1
1009,September,2022-09-01,Thursday,2022-09-02,Parwaliya,Nil,Madhya Pradesh,"23.02341919002103, 74.52070834052253",CAR,CULVERT,1,3,28,MALE,SH,Fixed Object Collision,23.02341919002103,74.52070834052253,1.0,28.0,28.0,28.0,VEHICLE,2022,9,3
1010,September,2022-09-02,Friday,2022-09-03,Rajgurunagar Stretch,Nil,Maharashtra,"18.8494015889229, 73.89818034290536",TWO WHEELER,AMBULANCE,2,0,"23,23",MALE,NH,Head On Collision,18.8494015889229,73.89818034290536,2.0,23.0,23.0,23.0,VEHICLE,2022,9,4
1011,September,2022-09-02,Friday,2022-09-03,Chinchbhuvan Chowk,Nagpur,Maharashtra,"21.067406895480527, 79.05850935909434",CAR,DIVIDER,1,4,,MALE,NH,Fixed Object Collision,21.067406895480527,79.05850935909434,,,,,OBJECT,2022,9,4
1012,September,2022-09-02,Friday,2022-09-03,Manpur,Indore,Madhya Pradesh,"22.433194860521702, 75.62060067005532",TWO WHEELER,TRUCK,1,1,,FEMALE,NH,Others,22.433194860521706,75.62060067005532,,,,,VEHICLE,2022,9,4
1013,September,2022-09-03,Saturday,2022-09-04,Sundarapuram,Coimbatore,Tamil Nadu,"10.950785627863572, 76.97623851969175",PEDESTRIAN,BUS,1,0,22,TRANS,NH,Hit and Run,10.950785627863572,76.97623851969175,1.0,22.0,22.0,22.0,VEHICLE,2022,9,5
1015,September,2022-09-04,Sunday,2022-09-04,Saryu Bridge,Nil,Maharashtra,"19.89748574089612, 72.94096533384186",CAR,DIVIDER,1,2,54,MALE,NH,Fixed Object Collision,19.89748574089612,72.94096533384186,1.0,54.0,54.0,54.0,OBJECT,2022,9,6
1016,September,2022-09-04,Sunday,2022-09-05,Palse,Nil,Maharashtra,"19.929786200796077, 73.86816893229063",TWO WHEELER,UNIDENTIFIED,1,0,45,MALE,NH,Hit and Run,19.92978620079608,73.86816893229063,1.0,45.0,45.0,45.0,UNKNOWN,2022,9,6
1017,September,2022-09-04,Sunday,2022-09-05,Trimbak Vidya Mandir,Nil,Maharashtra,"19.97585050674122, 73.6913953141388",TWO WHEELER,NIL,1,0,20,MALE,NH,Run Off Road,19.97585050674122,73.6913953141388,1.0,20.0,20.0,20.0,UNKNOWN,2022,9,6
1019,September,2022-09-04,Sunday,2022-09-05,Tasimo,Nil,Rajasthan,"26.79640462667417, 77.78033605114946",PEDESTRIAN,UNIDENTIFIED,1,0,28,MALE,SH,Hit and Run,26.79640462667417,77.78033605114946,1.0,28.0,28.0,28.0,UNKNOWN,2022,9,6
1022,September,2022-09-04,Sunday,2022-09-06,Kaggalipura,Nil,Karnataka,"12.801987522673272, 77.50896962112277",PEDESTRIAN,TRUCK,1,1,13,MALE,NH,Hit and Run,12.801987522673272,77.50896962112277,1.0,13.0,13.0,13.0,VEHICLE,2022,9,6
1023,September,2022-09-05,Monday,2022-09-06,Nipania,Indore,Madhya Pradesh,"22.74463198606689, 75.93408549573431",TWO WHEELER,TRUCK,1,0,,MALE,NH,Hit From Back,22.74463198606689,75.93408549573431,,,,,VEHICLE,2022,9,0
1024,September,2022-09-07,Wednesday,2022-09-07,Maval,Nil,Rajasthan,"24.430462504845845, 72.70674163283152",CAR,TRUCK,6,0,10,BOTH,NH,Head On Collision,24.430462504845845,72.70674163283152,1.0,10.0,10.0,10.0,VEHICLE,2022,9,2
1025,September,2022-09-07,Wednesday,2022-09-07,Sadar Police Station,Nil,Rajasthan,"26.732171041018393, 77.89923914447503",TWO WHEELER,NIL,1,0,,MALE,NH,Run Off Road,26.732171041018397,77.89923914447503,,,,,UNKNOWN,2022,9,2
1026,September,2022-09-05,Monday,2022-09-07,Amrapura,Nil,Gujarat,"22.441979342857028, 73.58417184251353",BUS,TRUCK,4,11,"2,14",BOTH,NH,With Parked Vehicle,22.441979342857028,73.58417184251353,2.0,8.0,2.0,14.0,VEHICLE,2022,9,0
1027,September,2022-09-06,Tuesday,2022-09-07,Chandni Chowk,Pune,Maharashtra,"18.50735318742875, 73.78357201781958",TWO WHEELER,UNIDENTIFIED,1,0,28,MALE,NH,Hit and Run,18.50735318742875,73.78357201781958,1.0,28.0,28.0,28.0,UNKNOWN,2022,9,1
1028,September,2022-09-06,Tuesday,2022-09-08,Kharar Bus Stand,Nil,Punjab,"30.750286809972074, 76.64057672151587",PEDESTRIAN,TRUCK,1,0,64,MALE,NH,Hit and Run,30.750286809972074,76.64057672151587,1.0,64.0,64.0,64.0,VEHICLE,2022,9,1
1029,September,2022-09-06,Tuesday,2022-09-08,Morinda Highway,Nil,Punjab,"30.745288343677295, 76.65143581606183",PEDESTRIAN,CAR,1,0,54,MALE,NH,Hit and Run,30.74528834367729,76.65143581606183,1.0,54.0,54.0,54.0,VEHICLE,2022,9,1
1031,September,2022-09-06,Tuesday,2022-09-08,Koyaliya Kheda,Nil,Uttar Pradesh,"26.89363853230963, 80.53708001208369",TRUCK,BUS,1,4,,MALE,NH,Others,26.89363853230963,80.53708001208369,,,,,VEHICLE,2022,9,1
1033,September,2022-09-08,Thursday,2022-09-09,Gagsina,Nil,Haryana,"29.55522209307861, 76.87977066158835",TWO WHEELER,UNIDENTIFIED,1,0,55,MALE,SH,Hit and Run,29.55522209307861,76.87977066158835,1.0,55.0,55.0,55.0,UNKNOWN,2022,9,3
1035,September,2022-09-10,Saturday,2022-09-10,Gudamalani,Nil,Rajasthan,"25.198397188270906, 71.71244104453648",CAR,TRUCK,4,2,,BOTH,SH,Others,25.198397188270903,71.71244104453648,,,,,VEHICLE,2022,9,5
1036,September,2022-09-10,Saturday,2022-09-10,Chandimandir Toll Plaza,Nil,Haryana,"30.738582224630147, 76.8981208048847",TWO WHEELER,TRUCK,2,0,"73,69",BOTH,NH,Hit From Back,30.738582224630147,76.8981208048847,2.0,71.0,69.0,73.0,VEHICLE,2022,9,5
1037,September,2022-09-10,Saturday,2022-09-10,Sector 21,Nil,Haryana,"30.67761730430839, 76.85979178570341",TRACTOR,NIL,1,1,,FEMALE,NH,Run Off Road,30.67761730430839,76.85979178570341,,,,,UNKNOWN,2022,9,5
1038,September,2022-09-09,Friday,2022-09-10,Sakkardara,Nagpur,Maharashtra,"21.121740832696776, 79.12142851389376",TWO WHEELER,SUV,4,0,"45,65,5,11",BOTH,SH,Head On Collision,21.121740832696776,79.12142851389376,4.0,31.5,5.0,65.0,VEHICLE,2022,9,4
1039,September,2022-09-09,Friday,2022-09-10,Golahalli,Nil,Karnataka,"13.14742868472633, 77.41813858522167",TWO WHEELER,CAR,1,3,50,MALE,SH,Others,13.14742868472633,77.41813858522167,1.0,50.0,50.0,50.0,VEHICLE,2022,9,4
1040,September,2022-09-07,Wednesday,2022-09-10,Surpaliya,Nil,Rajasthan,"27.372268632145076, 73.98368298597157",SUV,TRUCK,5,12,"7,27,25,47,25",BOTH,NH,Head On Collision,27.37226863214508,73.98368298597157,5.0,26.2,7.0,47.0,VEHICLE,2022,9,2
1042,September,2022-09-08,Thursday,2022-09-11,Panchvati College,Nashik,Maharashtra,"20.00499772821469, 73.80337537492747",TWO WHEELER,TRUCK,1,0,45,MALE,NH,Hit From Back,20.00499772821469,73.80337537492747,1.0,45.0,45.0,45.0,VEHICLE,2022,9,3
1043,September,2022-09-09,Friday,2022-09-11,Kuvadva,Nil,Gujarat,"22.36394890903222, 70.94655156261628",CAR,TRUCK,2,0,"21,24",MALE,NH,Head On Collision,22.36394890903222,70.94655156261628,2.0,22.5,21.0,24.0,VEHICLE,2022,9,4
1044,September,2022-09-10,Saturday,2022-09-12,Charanmal,Nil,Maharashtra,"20.99690496730159, 73.87705208457449",BUS,NIL,2,8,1,BOTH,SH,Run Off Road,20.99690496730159,73.87705208457449,1.0,1.0,1.0,1.0,UNKNOWN,2022,9,5
1047,September,2022-09-12,Monday,2022-09-13,Behram,Nil,Punjab,"31.20278264394658, 75.89358394300896",CAR,TRUCK,3,0,,BOTH,NH,Head On Collision,31.20278264394658,75.89358394300896,,,,,VEHICLE,2022,9,0
1048,September,2022-09-12,Monday,2022-09-13,Medchal Bus Stop,Nil,Punjab,"31.202679076429085, 75.8942808549333",PEDESTRIAN,TWO WHEELER,3,0,"27,25,34",BOTH,NH,Hit and Run,31.202679076429085,75.8942808549333,3.0,28.666666666666668,25.0,34.0,VEHICLE,2022,9,0
1049,September,2022-09-11,Sunday,2022-09-13,Ramanagara,Nil,Karnataka,"12.71661239134448, 77.27499627288593",TWO WHEELER,DIVIDER,1,0,20,MALE,NH,Fixed Object Collision,12.71661239134448,77.27499627288593,1.0,20.0,20.0,20.0,OBJECT,2022,9,6
1053,September,2022-09-14,Wednesday,2022-09-14,Vathalai,Nil,Tamil Nadu,"10.893404927273082, 78.60016413819511",VAN,BUS,2,1,"42,2",FEMALE,SH,Hit From Side,10.893404927273082,78.60016413819511,2.0,22.0,2.0,42.0,VEHICLE,2022,9,2
1054,September,2022-09-13,Tuesday,2022-09-14,Mahindra Engine Plant,Nil,Maharashtra,"19.693051484080716, 73.54263536694057",PEDESTRIAN,VAN,1,0,49,MALE,NH,Hit and Run,19.69305148408072,73.54263536694057,1.0,49.0,49.0,49.0,VEHICLE,2022,9,1
1060,September,2022-09-15,Thursday,2022-09-15,SIdhauli,Nil,Uttar Pradesh,"27.2782612807225, 80.83835544261635",TRACTOR,TRUCK,4,20,,,NH,Head On Collision,27.2782612807225,80.83835544261635,,,,,VEHICLE,2022,9,3
1061,September,2022-09-14,Wednesday,2022-09-15,Navalur,Nil,Tamil Nadu,"12.846761446461745, 80.22649393887838",PEDESTRIAN,CAR,2,0,"23,23",FEMALE,SH,Hit and Run,12.846761446461745,80.22649393887838,2.0,23.0,23.0,23.0,VEHICLE,2022,9,2
1062,September,2022-09-15,Thursday,2022-09-15,Dehri Ralyot,Nil,Jammu,"33.49867036613933, 74.25560977711488",BUS,GORGE,11,27,,,SH,Vehicle Overturn,33.49867036613933,74.25560977711488,,,,,OBJECT,2022,9,3
1064,September,2022-09-14,Wednesday,2022-09-16,Lal Kuan,Nil,Uttar Pradesh,"28.632267292841565, 77.46683319186559",PEDESTRIAN,SUV,2,0,"24,26",MALE,NH,Head On Collision,28.632267292841565,77.46683319186559,2.0,25.0,24.0,26.0,VEHICLE,2022,9,2
1067,September,2022-09-15,Thursday,2022-09-17,Kamakshi Hospital Intersection,Chennai,Tamil Nadu,"12.948547849036212, 80.20982636366061",TWO WHEELER,CAR,1,0,24,MALE,SH,Hit From Side,12.948547849036212,80.20982636366061,1.0,24.0,24.0,24.0,VEHICLE,2022,9,3
1068,September,2022-09-15,Thursday,2022-09-17,Chitlapakkam,Chennai,Tamil Nadu,"12.940815590779762, 80.13145611584468",TWO WHEELER,BUS,1,0,24,MALE,SH,Head On Collision,12.940815590779762,80.13145611584468,1.0,24.0,24.0,24.0,VEHICLE,2022,9,3
1073,September,2022-09-18,Sunday,2022-09-18,Pethanaickenpalayam,Nil,Tamil Nadu,"11.647952361658895, 78.50986736230354",BUS,TRUCK,6,0,"63,60,41,46,40,41",BOTH,NH,Others,11.647952361658897,78.50986736230354,6.0,48.5,40.0,63.0,VEHICLE,2022,9,6
1077,September,2022-09-17,Saturday,2022-09-18,Hotel Pranav,Nil,Karnataka,"13.516680042546739, 77.76393276245939",CAR,TRUCK,2,2,"55,22",MALE,NH,Others,13.51668004254674,77.76393276245939,2.0,38.5,22.0,55.0,VEHICLE,2022,9,5
1078,September,2022-09-17,Saturday,2022-09-18,Khanpur Kolian,Nil,Haryana,"30.035181781819592, 76.88369753523199",TRACTOR,TRUCK,4,7,"60,14,60,18",FEMALE,NH,Head On Collision,30.035181781819592,76.88369753523199,4.0,38.0,14.0,60.0,VEHICLE,2022,9,5
1082,September,2022-09-18,Sunday,2022-09-20,Katraj Flyover,Pune,Maharashtra,"18.447699372819145, 73.86175028099042",TWO WHEELER,NIL,1,1,23,MALE,NH,Run Off Road,18.447699372819145,73.86175028099042,1.0,23.0,23.0,23.0,UNKNOWN,2022,9,6
1083,September,2022-09-18,Sunday,2022-09-20,Golur,Nil,Karnataka,"11.874783636911397, 76.15280048333706",TWO WHEELER,CAR,2,0,"44,43",MALE,SH,Head On Collision,11.874783636911395,76.15280048333706,2.0,43.5,43.0,44.0,VEHICLE,2022,9,6
1089,September,2022-09-19,Monday,2022-09-21,Mahalunge,Pune,Maharashtra,"18.57368309021931, 73.76382618201784",TWO WHEELER,TRUCK,1,1,36,MALE,NH,Hit From Side,18.57368309021931,73.76382618201784,1.0,36.0,36.0,36.0,VEHICLE,2022,9,0
1092,September,2022-09-20,Tuesday,2022-09-21,Boddavalasa,Nil,Andhra Pradesh,"18.046347718401993, 83.40456742581742",TWO WHEELER,DIVIDER,2,0,"47,42",MALE,NH,Fixed Object Collision,18.046347718401996,83.40456742581742,2.0,44.5,42.0,47.0,OBJECT,2022,9,1
1093,September,2022-09-19,Monday,2022-09-21,Barwala,Nil,Haryana,"29.356332426002403, 75.90990643867731",TRACTOR,AMBULANCE,2,0,45,MALE,SH,Hit From Side,29.356332426002403,75.90990643867731,1.0,45.0,45.0,45.0,VEHICLE,2022,9,0
1094,September,2022-09-19,Monday,2022-09-21,Tulapur Phata,Nil,Maharashtra,"18.62700632040177, 74.03381295776077",PEDESTRIAN,BUS,1,0,35,MALE,SH,Hit and Run,18.62700632040177,74.03381295776077,1.0,35.0,35.0,35.0,VEHICLE,2022,9,0
1096,September,2022-09-20,Tuesday,2022-09-23,Dehu Road,Nil,Maharashtra,"18.678816504449504, 73.73974509602084",TWO WHEELER,TRUCK,1,0,31,MALE,NH,Others,18.678816504449504,73.73974509602084,1.0,31.0,31.0,31.0,VEHICLE,2022,9,1
1097,September,2022-09-20,Tuesday,2022-09-23,Hivargaon Toll Plaza,Nil,Maharashtra,"19.516711250438, 74.20168005669247",CAR,DIVIDER,2,1,"29,23",MALE,NH,Fixed Object Collision,19.516711250438,74.20168005669247,2.0,26.0,23.0,29.0,OBJECT,2022,9,1
1098,September,2022-09-22,Thursday,2022-09-23,Sirumugai,Nil,Tamil Nadu,"11.326682732716154, 77.01213863141477",TWO WHEELER,BOAR,1,0,35,MALE,SH,Hit and Run,11.326682732716154,77.01213863141477,1.0,35.0,35.0,35.0,VEHICLE,2022,9,3
1102,September,2022-09-23,Friday,2022-09-24,Khandwa Chowk,Nil,Haryana,"30.118928366820413, 77.26644195822695",CAR,CAR,2,2,"30,1",FEMALE,NH,Head On Collision,30.118928366820413,77.26644195822695,2.0,15.5,1.0,30.0,VEHICLE,2022,9,4
1104,September,2022-09-23,Friday,2022-09-25,Nazirabad,Nil,Madhya Pradesh,"23.79807528906838, 77.25506091853237",TWO WHEELER,TRUCK,1,2,50,MALE,NH,Hit From Back,23.79807528906838,77.25506091853237,1.0,50.0,50.0,50.0,VEHICLE,2022,9,4
1106,September,2022-09-25,Sunday,2022-09-26,Ghiyagi,Nil,Himachal Pradesh,"31.576387479344483, 77.36182804615906",SUV,GORGE,7,10,,,NH,Vehicle Overturn,31.576387479344483,77.36182804615906,,,,,OBJECT,2022,9,6
1107,September,2022-09-26,Monday,2022-09-26,Itaunja,Nil,Uttar Pradesh,"27.081201386605976, 80.89154095699573",TRACTOR,NIL,10,20,"46,13,58,19,37,45,38,13,40,55",FEMALE,NH,Run Off Road,27.081201386605976,80.89154095699573,10.0,36.4,13.0,58.0,UNKNOWN,2022,9,0
1113,September,2022-09-25,Sunday,2022-09-27,Mecheri,Nil,Tamil Nadu,"11.833275720189599, 77.94107068459327",TWO WHEELER,SUV,3,0,"40,60,12",BOTH,SH,Hit From Back,11.8332757201896,77.94107068459327,3.0,37.333333333333336,12.0,60.0,VEHICLE,2022,9,6
1114,September,2022-09-27,Tuesday,2022-09-28,Torxem,Nil,Goa,"15.779829927552855, 73.85965708242867",SUV,TRUCK,2,3,"32,1",BOTH,NH,Head On Collision,15.779829927552855,73.85965708242867,2.0,16.5,1.0,32.0,VEHICLE,2022,9,1
1115,September,2022-09-28,Wednesday,2022-09-28,Kotwa Overbridge,Nil,Bihar,"26.51545933291969, 84.84293133404918",TRACTOR,TRUCK,2,34,"55,5",FEMALE,NH,Hit From Back,26.51545933291969,84.84293133404918,2.0,30.0,5.0,55.0,VEHICLE,2022,9,2
1118,September,2022-09-26,Monday,2022-09-28,Sathenahalli,Nil,Karnataka,"13.056514800758288, 76.3377279446593",VAN,NIL,1,4,45,MALE,SH,Run Off Road,13.056514800758288,76.3377279446593,1.0,45.0,45.0,45.0,UNKNOWN,2022,9,0
1119,September,2022-09-28,Wednesday,2022-09-28,Salhawas,Nil,Haryana,"28.147161272678723, 76.66708752962037",SUV,BUS,5,11,"23,25,24,20,21",MALE,SH,Head On Collision,28.147161272678723,76.66708752962037,5.0,22.6,20.0,25.0,VEHICLE,2022,9,2
1120,September,2022-09-28,Wednesday,2022-09-28,Era Bridge,Nil,Uttar Pradesh,"28.525874259987702, 80.05503712631379",BUS,TRUCK,8,18,"50,45,14,42",BOTH,NH,Head On Collision,28.525874259987702,80.05503712631379,4.0,37.75,14.0,50.0,VEHICLE,2022,9,2
1121,September,2022-09-28,Wednesday,2022-09-28,Bhadas,Nil,Haryana,"27.940331903334556, 77.00728291110148",PEDESTRIAN,SUV,3,2,"29,28,5",BOTH,NH,Hit and Run,27.94033190333456,77.00728291110148,3.0,20.666666666666668,5.0,29.0,VEHICLE,2022,9,2
1125,September,2022-09-29,Thursday,2022-09-30,Ravidarshan Chowk,Pune,Maharashtra,"18.499896554559506, 73.94576051467229",TWO WHEELER,TRUCK,1,3,27,MALE,NH,Others,18.499896554559506,73.94576051467229,1.0,27.0,27.0,27.0,VEHICLE,2022,9,3
1127,October,2022-09-29,Thursday,2022-10-01,Krishna Furniture Showroom,Nil,Haryana,"28.480475525265025, 77.08857092195932",TWO WHEELER,UNIDENTIFIED,1,0,39,MALE,SH,Hit and Run,28.480475525265025,77.08857092195932,1.0,39.0,39.0,39.0,UNKNOWN,2022,9,3
1128,October,2022-09-29,Thursday,2022-10-01,Rajiv Chowk Flyover,Nil,Haryana,"28.44570271656891, 77.0345214793636",PEDESTRIAN,UNIDENTIFIED,1,0,,MALE,NH,Hit and Run,28.44570271656891,77.0345214793636,,,,,UNKNOWN,2022,9,3
1130,October,2022-10-01,Saturday,2022-10-02,Ahirwan,Kanpur,Uttar Pradesh,"26.397126999706067, 80.40247514855193",PICK UP,TRUCK,5,10,,BOTH,NH,With Parked Vehicle,26.397126999706067,80.40247514855193,,,,,VEHICLE,2022,10,5
1132,October,2022-10-02,Sunday,2022-10-02,Lake Town Bypass Flyover,Kolkata,West Bengal,"22.6012761599167, 88.40872111526133",TWO WHEELER,WALL,1,1,23,MALE,NH,Fixed Object Collision,22.6012761599167,88.40872111526133,1.0,23.0,23.0,23.0,OBJECT,2022,10,6
1133,October,2022-10-01,Saturday,2022-10-02,Green Valley,Nil,Himachal Pradesh,"31.11185676357206, 77.21988862242812",CAR,TRUCK,3,1,"45,71,63",MALE,NH,Head On Collision,31.11185676357206,77.21988862242812,3.0,59.666666666666664,45.0,71.0,VEHICLE,2022,10,5
1134,October,2022-10-02,Sunday,2022-10-03,Chichala,Nil,Maharashtra,"20.75631345425501, 79.35731777195642",TWO WHEELER,TRUCK,2,1,"24,18",MALE,NH,Head On Collision,20.75631345425501,79.35731777195642,2.0,21.0,18.0,24.0,VEHICLE,2022,10,6
1138,October,2022-10-04,Tuesday,2022-10-04,Haibatpur,Nil,Maharashtra,"18.389179976613526, 77.0594764904303",CAR,BUS,5,1,"21,22,23,21,28",BOTH,NH,Head On Collision,18.389179976613526,77.0594764904303,5.0,23.0,21.0,28.0,VEHICLE,2022,10,1
1139,October,2022-10-04,Tuesday,2022-10-04,Sarawan,Nil,Haryana,"30.347195381301177, 77.19010940866012",TWO WHEELER,TRUCK,2,0,"19,22",MALE,SH,Hit From Side,30.347195381301177,77.19010940866012,2.0,20.5,19.0,22.0,VEHICLE,2022,10,1
1140,October,2022-10-03,Monday,2022-10-04,Mylapura,Nil,Karnataka,"13.107699209323624, 77.87405705416413",BUS,TRUCK,2,26,"35,29",BOTH,NH,With Parked Vehicle,13.107699209323624,77.87405705416413,2.0,32.0,29.0,35.0,VEHICLE,2022,10,0
1141,October,2022-10-01,Saturday,2022-10-04,Deshgaon Ghat,Nil,Madhya Pradesh,"21.883358366157655, 76.18567829407677",CAR,TRUCK,1,1,,MALE,NH,Hit From Side,21.88335836615765,76.18567829407677,,,,,VEHICLE,2022,10,5
1146,October,2022-10-04,Tuesday,2022-10-05,Sivani,Nil,Maharashtra,"21.357157758652466, 79.31465550259874",PEDESTRIAN,CAR,2,2,16,BOTH,SH,Hit and Run,21.357157758652463,79.31465550259874,1.0,16.0,16.0,16.0,VEHICLE,2022,10,1
1147,October,2022-10-03,Monday,2022-10-05,Dangarpura,Nil,Maharashtra,"21.072486758830916, 78.96483411958162",TWO WHEELER,NIL,1,0,55,MALE,SH,Run Off Road,21.07248675883092,78.96483411958162,1.0,55.0,55.0,55.0,UNKNOWN,2022,10,0
1149,October,2022-10-02,Sunday,2022-10-05,Bawal,Nil,Haryana,"28.095447481206847, 76.59247017181852",TWO WHEELER,TRUCK,1,0,45,MALE,NH,Head On Collision,28.095447481206847,76.59247017181852,1.0,45.0,45.0,45.0,VEHICLE,2022,10,6
1150,October,2022-10-03,Monday,2022-10-05,Police Headquarters,Nagpur,Maharashtra,"21.171508357803496, 79.06491075260524",TWO WHEELER,NIL,1,0,45,MALE,SH,Run Off Road,21.171508357803496,79.06491075260524,1.0,45.0,45.0,45.0,UNKNOWN,2022,10,0
1151,October,2022-10-05,Wednesday,2022-10-06,Sealdah Flyover,Kolkata,West Bengal,"22.566700939010946, 88.3692833913307",PEDESTRIAN,BUS,3,0,,BOTH,SH,Hit and Run,22.566700939010943,88.3692833913307,,,,,VEHICLE,2022,10,2
1152,October,2022-10-06,Thursday,2022-10-06,Vadakkencherry,Nil,Kerala,"10.596938836814287, 76.4849923338584",BUS,BUS,9,10,"25,13",BOTH,NH,Hit From Back,10.596938836814289,76.4849923338584,2.0,19.0,13.0,25.0,VEHICLE,2022,10,3
1153,October,2022-10-04,Tuesday,2022-10-06,Nipani,Nil,Karnataka,"16.407341458017818, 74.3714751616623",TWO WHEELER,DIVIDER,2,2,"23,26",BOTH,NH,Fixed Object Collision,16.407341458017818,74.3714751616623,2.0,24.5,23.0,26.0,OBJECT,2022,10,1
1155,October,2022-10-04,Tuesday,2022-10-06,Nawanagar,Nil,Haryana,"30.911579842931694, 76.81217993449769",PEDESTRIAN,UNIDENTIFIED,1,0,,MALE,NH,Hit and Run,30.91157984293169,76.81217993449769,,,,,UNKNOWN,2022,10,1
1159,October,2022-10-05,Wednesday,2022-10-07,Marsaiti,Nil,Bihar,"25.49966278174121, 85.95710608605971",PEDESTRIAN,TRUCK,1,0,,MALE,NH,Hit and Run,25.49966278174121,85.95710608605971,,,,,VEHICLE,2022,10,2
1161,October,2022-10-06,Thursday,2022-10-07,Choorakad,Nil,Kerala,"9.933876803993616, 76.35336772017932",TWO WHEELER,BUS,1,0,21,MALE,SH,Others,9.933876803993616,76.35336772017932,1.0,21.0,21.0,21.0,VEHICLE,2022,10,3
1167,October,2022-10-09,Sunday,2022-10-09,Thammaya Plame Rd,Nil,Andhra Pradesh,"18.09353351991126, 83.55373166362793",AUTO RICKSHAW,CAR,1,2,1,MALE,NH,Hit From Back,18.09353351991126,83.55373166362793,1.0,1.0,1.0,1.0,VEHICLE,2022,10,6
1168,October,2022-10-09,Sunday,2022-10-09,Pusapatirega,Nil,Andhra Pradesh,"18.090595137088847, 83.55307500593047",PEDESTRIAN,CAR,1,0,35,MALE,NH,Hit and Run,18.090595137088847,83.55307500593047,1.0,35.0,35.0,35.0,VEHICLE,2022,10,6
1172,October,2022-10-11,Tuesday,2022-10-11,Jalpa Mata Temple,Nil,Madhya Pradesh,"24.01613489959291, 76.691354071672",TWO WHEELER,UNIDENTIFIED,3,0,"37,35,7",BOTH,NH,Hit and Run,24.01613489959291,76.691354071672,3.0,26.333333333333332,7.0,37.0,UNKNOWN,2022,10,1
1174,October,2022-10-10,Monday,2022-10-11,HR Resort,Indore,Madhya Pradesh,"22.723680554496116, 75.93250041180868",TWO WHEELER,BUS,1,1,20,MALE,NH,Hit From Back,22.72368055449612,75.93250041180868,1.0,20.0,20.0,20.0,VEHICLE,2022,10,0
1175,October,2022-10-10,Monday,2022-10-11,Tanot Rd,Nil,Rajasthan,"27.775682397424788, 70.37494596641838",CAR,NIL,1,1,55,FEMALE,NH,Run Off Road,27.775682397424788,70.37494596641838,1.0,55.0,55.0,55.0,UNKNOWN,2022,10,0
1177,October,2022-10-11,Tuesday,2022-10-12,Charrumoodu,Nil,Kerala,"8.661069984907636, 76.84065745696591",TWO WHEELER,TRUCK,1,0,59,MALE,NH,Hit From Back,8.661069984907636,76.84065745696591,1.0,59.0,59.0,59.0,VEHICLE,2022,10,1
1178,October,2022-10-11,Tuesday,2022-10-12,Mohammadabad Kheda,Nil,Uttar Pradesh,"28.256440179678535, 77.5681649912406",BUS,TRUCK,1,69,25,MALE,NH,Hit From Back,28.25644017967853,77.5681649912406,1.0,25.0,25.0,25.0,VEHICLE,2022,10,1
1182,October,2022-10-13,Thursday,2022-10-13,Barwala,Nil,Haryana,"29.361693287582504, 75.89244549739433",PEDESTRIAN,UNIDENTIFIED,1,0,,MALE,SH,Hit and Run,29.361693287582504,75.89244549739433,,,,,UNKNOWN,2022,10,3
1183,October,2022-10-11,Tuesday,2022-10-13,Ayurveda Rasashala,Pune,Maharashtra,"18.511326219313656, 73.83678641223852",TWO WHEELER,TRUCK,2,0,"23,19",MALE,NH,Hit From Side,18.511326219313656,73.83678641223852,2.0,21.0,19.0,23.0,VEHICLE,2022,10,1
1184,October,2022-10-14,Friday,2022-10-14,Haliyapur,Nil,Uttar Pradesh,"26.519164799620615, 81.78623604629252",CAR,TRUCK,4,0,"35,35,37",MALE,NH,Head On Collision,26.51916479962061,81.78623604629252,3.0,35.666666666666664,35.0,37.0,VEHICLE,2022,10,4
1185,October,2022-10-13,Thursday,2022-10-14,Ravangaon,Nil,Maharashtra,"18.359004116555557, 74.62918260527765",TRACTOR,CANAL,3,6,,BOTH,NH,Vehicle Overturn,18.35900411655556,74.62918260527765,,,,,OBJECT,2022,10,3
1188,October,2022-10-14,Friday,2022-10-15,Moti Ki Beri,Nil,Rajasthan,"25.91539189424932, 70.212222564183",TWO WHEELER,SUV,1,0,25,MALE,NH,Head On Collision,25.91539189424932,70.212222564183,1.0,25.0,25.0,25.0,VEHICLE,2022,10,4
1189,October,2022-10-15,Saturday,2022-10-16,Kalayanad,Nil,Kerala,"9.015502563497243, 76.9407979704756",TRUCK,NIL,1,0,39,MALE,NH,Run Off Road,9.015502563497243,76.9407979704756,1.0,39.0,39.0,39.0,UNKNOWN,2022,10,5
1191,October,2022-10-15,Saturday,2022-10-17,GST Rd,Nil,Tamil Nadu,"12.775694715969477, 80.0098562699815",TWO WHEELER,AUTO RICKSHAW,1,0,43,MALE,NH,Hit From Back,12.775694715969475,80.0098562699815,1.0,43.0,43.0,43.0,VEHICLE,2022,10,5
1192,October,2022-10-15,Saturday,2022-10-17,Poonamallee,Chennai,Tamil Nadu,"13.05082584732971, 80.09417447043145",TWO WHEELER,BUS,1,0,24,MALE,SH,Others,13.05082584732971,80.09417447043145,1.0,24.0,24.0,24.0,VEHICLE,2022,10,5
1193,October,2022-10-15,Saturday,2022-10-17,Oragadam,Nil,Tamil Nadu,"12.648173514366075, 80.03797698376249",PEDESTRIAN,BUS,1,0,42,MALE,SH,Hit and Run,12.648173514366077,80.03797698376249,1.0,42.0,42.0,42.0,VEHICLE,2022,10,5
1194,October,2022-10-15,Saturday,2022-10-17,Manchala Peta,Nil,Andhra Pradesh,"18.53199289057515, 84.16289163061109",PEDESTRIAN,LORRY,1,0,60,MALE,NH,Hit and Run,18.53199289057515,84.16289163061109,1.0,60.0,60.0,60.0,VEHICLE,2022,10,5
1195,October,2022-10-16,Sunday,2022-10-17,Sector 20,Nil,Haryana,"30.666673038535397, 76.848148267909",PEDESTRIAN,UNIDENTIFIED,1,0,,FEMALE,NH,Hit and Run,30.6666730385354,76.848148267909,,,,,UNKNOWN,2022,10,6
1198,October,2022-10-16,Sunday,2022-10-18,Sriperumbudur,Nil,Tamil Nadu,"12.949570589851945, 79.96993027976443",VAN,NIL,1,5,,MALE,NH,Vehicle Overturn,12.949570589851945,79.96993027976443,,,,,UNKNOWN,2022,10,6
1202,October,2022-10-18,Tuesday,2022-10-19,Kapurai Crossroads,Vadodara,Gujarat,"22.275611722533696, 73.24030658251331",BUS,TRUCK,6,13,,BOTH,NH,Hit From Back,22.275611722533696,73.24030658251331,,,,,VEHICLE,2022,10,1
1206,October,2022-10-16,Sunday,2022-10-20,Ozar,Nil,Maharashtra,"20.10131308044171, 73.93151076923702",TWO WHEELER,TRUCK,1,0,57,MALE,NH,With Parked Vehicle,20.10131308044171,73.93151076923702,1.0,57.0,57.0,57.0,VEHICLE,2022,10,6
1211,October,2022-10-19,Wednesday,2022-10-22,Ajnala,Nil,Punjab,"31.84596794338421, 74.76018714779967",TWO WHEELER,UNIDENTIFIED,3,1,,BOTH,NH,Hit and Run,31.84596794338421,74.76018714779967,,,,,UNKNOWN,2022,10,2
1213,October,2022-10-23,Sunday,2022-10-23,Etawah,Nil,Uttar Pradesh,"26.788223890678776, 79.05080507227291",BUS,TRUCK,5,41,,BOTH,NH,Head On Collision,26.788223890678776,79.05080507227291,,,,,VEHICLE,2022,10,6
1215,October,2022-10-22,Saturday,2022-10-23,Dhari,Nil,Gujarat,"21.328656493978436, 71.02547054201479",AMBULANCE,BUS,3,4,"49,40",MALE,SH,Head On Collision,21.32865649397844,71.02547054201479,2.0,44.5,40.0,49.0,VEHICLE,2022,10,5
1217,October,2022-10-22,Saturday,2022-10-23,Mannarpuram,Nil,Tamil Nadu,"8.370454103313998, 77.81228636364663",TRUCK,TRUCK,1,0,32,MALE,SH,With Parked Vehicle,8.370454103313998,77.81228636364663,1.0,32.0,32.0,32.0,VEHICLE,2022,10,5
1218,October,2022-10-22,Saturday,2022-10-23,Edapally,Nil,Kerala,"10.026690545021431, 76.30619877870625",TWO WHEELER,BUS,1,0,54,FEMALE,NH,Hit From Back,10.026690545021433,76.30619877870625,1.0,54.0,54.0,54.0,VEHICLE,2022,10,5
1219,October,2022-10-21,Friday,2022-10-23,Golden Chowkdi,Vadodara,Gujarat,"22.351268963427145, 73.23101183040548",TWO WHEELER,TRUCK,1,0,32,MALE,NH,Hit From Back,22.351268963427145,73.23101183040548,1.0,32.0,32.0,32.0,VEHICLE,2022,10,4
1220,October,2022-10-23,Sunday,2022-10-24,Guna,Nil,Madhya Pradesh,"24.64765114425382, 77.33674247431341",BUS,NIL,4,26,,BOTH,SH,Run Off Road,24.64765114425382,77.33674247431341,,,,,UNKNOWN,2022,10,6
1223,October,2022-10-23,Sunday,2022-10-24,Baptist Hospital,Bengaluru,Karnataka,"13.035843638983387, 77.58910591124246",TWO WHEELER,POLE,1,1,45,MALE,NH,Fixed Object Collision,13.035843638983389,77.58910591124246,1.0,45.0,45.0,45.0,OBJECT,2022,10,6
1225,October,2022-10-24,Monday,2022-10-25,Hosur Rd,Bengaluru,Karnataka,"12.858105129212836, 77.6628555956384",TWO WHEELER,NIL,1,0,33,MALE,NH,Run Off Road,12.858105129212836,77.6628555956384,1.0,33.0,33.0,33.0,UNKNOWN,2022,10,0
1226,October,2022-10-25,Tuesday,2022-10-26,Nanakmatta,Nil,Uttarakhand,"28.940628037363673, 79.81376364970457",TWO WHEELER,VAN,2,1,"30,27",BOTH,SH,Head On Collision,28.940628037363677,79.81376364970457,2.0,28.5,27.0,30.0,VEHICLE,2022,10,1
1227,October,2022-10-24,Monday,2022-10-26,Pravasi Mandir,Nil,Karnataka,"13.311897876452, 76.25789561510426",CAR,DIVIDER,3,2,,BOTH,NH,Fixed Object Collision,13.311897876452,76.25789561510426,,,,,OBJECT,2022,10,0
1228,October,2022-10-26,Wednesday,2022-10-27,Hajipur,Nil,Bihar,"25.689591514874593, 85.23068023151018",BUS,TRUCK,2,20,,,NH,With Parked Vehicle,25.689591514874596,85.23068023151018,,,,,VEHICLE,2022,10,2
1229,October,2022-10-27,Thursday,2022-10-27,Handia Toll Plaza,Nil,Uttar Pradesh,"25.378684543924045, 82.15656781530603",SUV,POLE,6,4,"40,32,70,36,13,1",BOTH,NH,Fixed Object Collision,25.378684543924045,82.15656781530603,6.0,32.0,1.0,70.0,OBJECT,2022,10,3
1233,October,2022-10-26,Wednesday,2022-10-27,Anjangaon,Nil,Maharashtra,"21.174116425771757, 77.32206437894702",TRUCK,NIL,1,23,18,FEMALE,NH,Run Off Road,21.17411642577176,77.32206437894702,1.0,18.0,18.0,18.0,UNKNOWN,2022,10,2
1234,October,2022-10-26,Wednesday,2022-10-28,Poonam Resorts,Nil,Madhya Pradesh,"22.592942729347442, 75.78520197432613",VAN,PICK UP,1,7,50,MALE,SH,Others,22.59294272934744,75.78520197432613,1.0,50.0,50.0,50.0,VEHICLE,2022,10,2
1240,October,2022-10-28,Friday,2022-10-29,Dewas Bypass,Nil,Madhya Pradesh,"22.926332572622865, 76.0115211646357",CAR,SUV,1,2,42,MALE,NH,Hit and Run,22.926332572622865,76.0115211646357,1.0,42.0,42.0,42.0,VEHICLE,2022,10,4
1242,October,2022-10-28,Friday,2022-10-30,Sahyadri Nursery,Nashik,Maharashtra,"20.03323642706155, 73.85964826800533",PEDESTRIAN,TWO WHEELER,1,0,40,MALE,NH,Hit and Run,20.03323642706155,73.85964826800533,1.0,40.0,40.0,40.0,VEHICLE,2022,10,4
1244,October,2022-10-29,Saturday,2022-10-30,Bikram-Bihta Rd,Nil,Bihar,"25.50514359461877, 84.86510399568847",CAR,TRUCK,3,0,"65,60,70",BOTH,SH,Others,25.50514359461877,84.86510399568847,3.0,65.0,60.0,70.0,VEHICLE,2022,10,5
1245,October,2022-10-29,Saturday,2022-10-30,Bihta,Nil,Bihar,"25.55447358818071, 84.86617772481523",TWO WHEELER,TRUCK,1,1,26,MALE,SH,Head On Collision,25.55447358818071,84.86617772481523,1.0,26.0,26.0,26.0,VEHICLE,2022,10,5
1247,October,2022-10-29,Saturday,2022-10-30,Jhanjeri,Nil,Punjab,"30.68284480941984, 76.61719372787276",PEDESTRIAN,CAR,3,0,,BOTH,SH,Hit and Run,30.68284480941984,76.61719372787276,,,,,VEHICLE,2022,10,5
1249,October,2022-10-31,Monday,2022-10-31,Junoni,Nil,Maharashtra,"17.24338242804452, 75.00424475373016",PEDESTRIAN,CAR,4,4,,,NH,Hit and Run,17.24338242804452,75.00424475373016,,,,,VEHICLE,2022,10,0
1250,October,2022-10-29,Saturday,2022-10-31,PTS Rajnandgaon,Nil,Chhattisgarh,"21.09523014387065, 81.00741500393691",CAR,TREE,2,1,65,MALE,SH,Fixed Object Collision,21.09523014387065,81.00741500393691,1.0,65.0,65.0,65.0,OBJECT,2022,10,5
1252,November,2022-10-31,Monday,2022-11-01,Sargaon,Nil,Chhattisgarh,"21.900406301426102, 81.9815146263907",CAR,TRUCK,1,2,42,MALE,SH,With Parked Vehicle,21.900406301426106,81.9815146263907,1.0,42.0,42.0,42.0,VEHICLE,2022,10,0
1253,November,2022-10-29,Saturday,2022-11-01,Airia Mall,Nil,Haryana,"28.38378552681842, 77.05328822442098",TWO WHEELER,CAR,1,1,19,MALE,NH,Head On Collision,28.38378552681842,77.05328822442098,1.0,19.0,19.0,19.0,VEHICLE,2022,10,5
1256,November,2022-10-30,Sunday,2022-11-01,Medchal,Nil,Telangana,"17.635476518528307, 78.4851888279516",CAR,LORRY,3,9,,,NH,Hit From Back,17.635476518528307,78.4851888279516,,,,,VEHICLE,2022,10,6
1257,November,2022-11-02,Wednesday,2022-11-02,Ghuraiya Hotel,Nil,Madhya Pradesh,"26.420849039258535, 78.05370856131539",SUV,TRUCK,5,3,,,NH,Others,26.42084903925853,78.05370856131539,,,,,VEHICLE,2022,11,2
1258,November,2022-11-01,Tuesday,2022-11-02,Gamjal Toll Plaza,Nil,Telangana,"19.027063178328984, 78.36298370549322",SUV,TREE,1,3,,FEMALE,NH,Fixed Object Collision,19.027063178328984,78.36298370549322,,,,,OBJECT,2022,11,1
1260,November,2022-11-02,Wednesday,2022-11-02,Kurana,Nil,Uttar Pradesh,"28.028460686612323, 77.62333495442708",TWO WHEELER,TRUCK,5,8,"62,25,38,22,45",MALE,NH,Others,28.028460686612323,77.62333495442708,5.0,38.4,22.0,62.0,VEHICLE,2022,11,2
1261,November,2022-11-01,Tuesday,2022-11-03,Basti Jodhewal,Ludhiana,Punjab,"30.932516169629725, 75.8677287599747",SUV,TRUCK,2,1,"30,35",MALE,NH,Hit From Back,30.932516169629725,75.8677287599747,2.0,32.5,30.0,35.0,VEHICLE,2022,11,1
1262,November,2022-11-01,Tuesday,2022-11-03,Tappal,Nil,Uttar Pradesh,"28.04188431027413, 77.58330316350516",TWO WHEELER,TRUCK,5,6,,BOTH,NH,Hit and Run,28.04188431027413,77.58330316350516,,,,,VEHICLE,2022,11,1
1263,November,2022-11-01,Tuesday,2022-11-03,Kompally Bridge,Hyderabad,Telangana,"17.56429663919786, 78.49334533381393",TWO WHEELER,DIVIDER,2,0,"19,20",MALE,NH,Fixed Object Collision,17.56429663919786,78.49334533381393,2.0,19.5,19.0,20.0,OBJECT,2022,11,1
1264,November,2022-11-02,Wednesday,2022-11-03,Tadbanpally,Nil,Telangana,"17.705116700596818, 78.0941287496498",AUTO RICKSHAW,SUV,2,0,"28,20",MALE,NH,Head On Collision,17.705116700596818,78.0941287496498,2.0,24.0,20.0,28.0,VEHICLE,2022,11,2
1270,November,2022-11-04,Friday,2022-11-05,Dasna,Ghaziabad,Uttar Pradesh,"28.684720458145044, 77.52090636565661",AMBULANCE,TRUCK,2,0,"36,23",MALE,NH,Head On Collision,28.684720458145044,77.52090636565661,2.0,29.5,23.0,36.0,VEHICLE,2022,11,4
1272,November,2022-11-03,Thursday,2022-11-05,Kharghar Skywalk,Mumbai,Maharashtra,"19.0265073987421, 73.05742370796258",TWO WHEELER,TRUCK,1,1,45,FEMALE,NH,Hit From Back,19.0265073987421,73.05742370796258,1.0,45.0,45.0,45.0,VEHICLE,2022,11,3
1273,November,2022-11-04,Friday,2022-11-06,Mathura Cantonment,Nil,Uttar Pradesh,"27.484866638723137, 77.68776852076145",CAR,CAR,4,4,"65,40,48,26",MALE,NH,Head On Collision,27.484866638723137,77.68776852076145,4.0,44.75,26.0,65.0,VEHICLE,2022,11,4
1275,November,2022-11-05,Saturday,2022-11-06,Kalaghat,Nil,Madhya Pradesh,"22.16021606354261, 75.44686078799634",TWO WHEELER,BUS,4,0,"40,35,12,7",BOTH,NH,Hit From Back,22.16021606354261,75.44686078799634,4.0,23.5,7.0,40.0,VEHICLE,2022,11,5
1279,November,2022-11-05,Saturday,2022-11-07,Ganpati Ghat,Nil,Madhya Pradesh,"22.373075049293465, 75.52479322342779",TWO WHEELER,BUS,4,0,"35,32,5,10",BOTH,NH,Head On Collision,22.373075049293465,75.52479322342779,4.0,20.5,5.0,35.0,VEHICLE,2022,11,5
1282,November,2022-11-06,Sunday,2022-11-07,Kotmi,Nil,Chhattisgarh,"22.8151476870785, 82.09155502478767",TWO WHEELER,TRUCK,3,0,"22,24,26",MALE,SH,With Parked Vehicle,22.8151476870785,82.09155502478767,3.0,24.0,22.0,26.0,VEHICLE,2022,11,6
1284,November,2022-11-07,Monday,2022-11-07,Anupgarh,Nil,Rajasthan,"29.197095840789228, 73.22412562749123",CAR,DIVIDER,4,1,"25,23,22,23",MALE,NH,Fixed Object Collision,29.197095840789228,73.22412562749123,4.0,23.25,22.0,25.0,OBJECT,2022,11,0
1285,November,2022-11-05,Saturday,2022-11-07,Irumbuliyar,Chennai,Tamil Nadu,"12.919932693787887, 80.111051133181",TWO WHEELER,DIVIDER,1,1,19,MALE,SH,Fixed Object Collision,12.919932693787889,80.111051133181,1.0,19.0,19.0,19.0,OBJECT,2022,11,5
1288,November,2022-11-06,Sunday,2022-11-08,Ghodari,Nil,Chhattisgarh,"21.169524356559652, 82.03530377208584",CAR,TREE,2,0,,MALE,NH,Fixed Object Collision,21.16952435655965,82.03530377208584,,,,,OBJECT,2022,11,6
1289,November,2022-11-06,Sunday,2022-11-08,Pathariya,Nil,Chhattisgarh,"21.837292736953927, 81.90286490362809",TWO WHEELER,CAR,1,0,41,MALE,NH,Head On Collision,21.837292736953927,81.90286490362809,1.0,41.0,41.0,41.0,VEHICLE,2022,11,6
1290,November,2022-11-07,Monday,2022-11-09,Thana Tappal,Nil,Uttar Pradesh,"28.043663479402937, 77.5790983609343",PEDESTRIAN,CAR,3,2,"20,20,29",MALE,NH,Hit and Run,28.043663479402937,77.5790983609343,3.0,23.0,20.0,29.0,VEHICLE,2022,11,0
1292,November,2022-11-09,Wednesday,2022-11-10,Pattanam,Coimbatore,Tamil Nadu,"10.983245972650325, 77.04921377211528",TRUCK,TRUCK,1,2,35,MALE,NH,Head On Collision,10.983245972650325,77.04921377211528,1.0,35.0,35.0,35.0,VEHICLE,2022,11,2
1294,November,2022-11-09,Wednesday,2022-11-10,Suke Kulan,Nil,Goa,"15.682378247111638, 73.83395900284525",CAR,CRANE,1,2,25,MALE,NH,Hit From Side,15.682378247111638,73.83395900284525,1.0,25.0,25.0,25.0,VEHICLE,2022,11,2
1296,November,2022-11-11,Friday,2022-11-11,Thavanam Palli,Nil,Andhra Pradesh,"13.263755129233203, 79.01177860886744",CAR,TRUCK,3,0,"28,33,2",BOTH,SH,With Parked Vehicle,13.263755129233203,79.01177860886744,3.0,21.0,2.0,33.0,VEHICLE,2022,11,4
1297,November,2022-11-12,Saturday,2022-11-12,Amroha,Nil,Uttar Pradesh,"28.906938850995687, 78.47690637211832",CAR,SUV,3,0,"22,60,58",BOTH,SH,Head On Collision,28.906938850995687,78.47690637211832,3.0,46.666666666666664,22.0,60.0,VEHICLE,2022,11,5
1301,November,2022-11-12,Saturday,2022-11-13,Electronic City Expressway,Bengaluru,Karnataka,"12.877966005732084, 77.64683164558797",TWO WHEELER,LORRY,1,0,56,MALE,NH,Hit From Side,12.877966005732084,77.64683164558797,1.0,56.0,56.0,56.0,VEHICLE,2022,11,5
1303,November,2022-11-11,Friday,2022-11-13,Banaswadi,Bengaluru,Karnataka,"13.015265802638504, 77.66202345804389",PEDESTRIAN,TRUCK,1,0,23,MALE,NH,Hit and Run,13.015265802638504,77.66202345804389,1.0,23.0,23.0,23.0,VEHICLE,2022,11,4
1304,November,2022-11-12,Saturday,2022-11-14,Khodaypur,Nil,Uttar Pradesh,"26.044171036000026, 81.10449657552155",PEDESTRIAN,TRUCK,2,0,"50,26",MALE,SH,Hit and Run,26.044171036000023,81.10449657552155,2.0,38.0,26.0,50.0,VEHICLE,2022,11,5
1305,November,2022-11-14,Monday,2022-11-14,Peddinaidupeta,Nil,Andhra Pradesh,"18.717029100393717, 84.35496793411751",CAR,WALL,2,2,"45,10",MALE,NH,Fixed Object Collision,18.71702910039372,84.35496793411751,2.0,27.5,10.0,45.0,OBJECT,2022,11,0
1307,November,2022-11-14,Monday,2022-11-14,Taki Rd,Nil,West Bengal,"22.69263043044694, 88.70236982066494",VAN,TRUCK,3,5,,MALE,SH,Head On Collision,22.69263043044694,88.70236982066494,,,,,VEHICLE,2022,11,0
1308,November,2022-11-14,Monday,2022-11-15,Aali,Nil,Madhya Pradesh,"22.47913420881438, 75.4157619980225",TWO WHEELER,WALL,4,0,"10,21",MALE,SH,Fixed Object Collision,22.47913420881438,75.4157619980225,2.0,15.5,10.0,21.0,OBJECT,2022,11,0
1310,November,2022-11-14,Monday,2022-11-15,Khidkiwala,Nil,Madhya Pradesh,"22.34199723547302, 77.11095945036001",TWO WHEELER,CAR,1,1,20,MALE,SH,Head On Collision,22.34199723547302,77.11095945036001,1.0,20.0,20.0,20.0,VEHICLE,2022,11,0
1311,November,2022-11-16,Wednesday,2022-11-16,Jaiahari,Nil,Madhya Pradesh,"23.151400705564466, 81.32105149863257",PEDESTRIAN,CAR,2,0,"33,31",MALE,NH,Hit and Run,23.151400705564463,81.32105149863257,2.0,32.0,31.0,33.0,VEHICLE,2022,11,2
1312,November,2022-11-16,Wednesday,2022-11-16,Mallepalli,Nil,Andhra Pradesh,"17.157969968494445, 81.9959778880999",VAN,TRACTOR,4,8,"47,20,30,30",BOTH,NH,Head On Collision,17.157969968494445,81.9959778880999,4.0,31.75,20.0,47.0,VEHICLE,2022,11,2
1314,November,2022-11-15,Tuesday,2022-11-16,Chingrighata Crossing,Kolkata,West Bengal,"22.55788854866375, 88.41156662701462",PEDESTRIAN,BUS,1,0,72,FEMALE,SH,Hit and Run,22.55788854866375,88.41156662701462,1.0,72.0,72.0,72.0,VEHICLE,2022,11,1
1317,November,2022-11-14,Monday,2022-11-16,Bhandari Hospital,Indore,Madhya Pradesh,"22.75265913716417, 75.88905087507547",TWO WHEELER,DIVIDER,1,2,,MALE,SH,Fixed Object Collision,22.75265913716417,75.88905087507547,,,,,OBJECT,2022,11,0
1318,November,2022-11-14,Monday,2022-11-16,Manasa,Nil,Madhya Pradesh,"22.777170793297625, 75.31797536258264",TWO WHEELER,UNIDENTIFIED,1,1,40,FEMALE,NH,Hit and Run,22.777170793297625,75.31797536258264,1.0,40.0,40.0,40.0,UNKNOWN,2022,11,0
1319,November,2022-11-14,Monday,2022-11-16,Khandwa,Nil,Madhya Pradesh,"21.828574719383823, 76.35241466082152",PEDESTRIAN,UNIDENTIFIED,1,0,35,MALE,SH,Hit and Run,21.828574719383823,76.35241466082152,1.0,35.0,35.0,35.0,UNKNOWN,2022,11,0
1321,November,2022-11-16,Wednesday,2022-11-17,Srivilliputhur,Nil,Tamil Nadu,"9.512194771478097, 77.63405328187649",TWO WHEELER,CAR,1,1,19,MALE,NH,Hit From Side,9.512194771478097,77.63405328187649,1.0,19.0,19.0,19.0,VEHICLE,2022,11,2
1322,November,2022-11-16,Wednesday,2022-11-17,Kanaka Durga Flyover,Vijayawada,Andhra Pradesh,"16.520724546873723, 80.5991523206196",LORRY,TRUCK,2,11,"44,50",MALE,NH,Head On Collision,16.520724546873723,80.5991523206196,2.0,47.0,44.0,50.0,VEHICLE,2022,11,2
1323,November,2022-11-17,Thursday,2022-11-17,Banekuchi,Nil,Assam,"26.46531928732988, 91.38738432227765",CAR,RAILING,4,4,,,NH,Fixed Object Collision,26.46531928732988,91.38738432227764,,,,,VEHICLE,2022,11,3
1324,November,2022-11-17,Thursday,2022-11-17,Ghagrapar circle,Nil,Assam,"26.452658392784468, 91.52925612294673",CAR,RAILING,3,0,,,NH,Fixed Object Collision,26.452658392784468,91.52925612294672,,,,,VEHICLE,2022,11,3
1326,November,2022-11-17,Thursday,2022-11-17,Chaksu,Nil,Rajasthan,"26.605941712405784, 75.9464134490382",TWO WHEELER,TRUCK,2,0,"60,55",MALE,SH,Head On Collision,26.605941712405784,75.9464134490382,2.0,57.5,55.0,60.0,VEHICLE,2022,11,3
1327,November,2022-11-17,Thursday,2022-11-17,Sirohi,Nil,Rajasthan,"24.875343542281684, 72.86401469452525",TWO WHEELER,BUS,3,0,,MALE,SH,Head On Collision,24.875343542281684,72.86401469452525,,,,,VEHICLE,2022,11,3
1328,November,2022-11-16,Wednesday,2022-11-17,Dhakoli,Nil,Punjab,"30.65840334955016, 76.82078084047541",TWO WHEELER,TRUCK,1,0,65,FEMALE,NH,Hit From Side,30.65840334955016,76.82078084047541,1.0,65.0,65.0,65.0,VEHICLE,2022,11,2
1329,November,2022-11-16,Wednesday,2022-11-17,Sohana Hospital,Nil,Punjab,"30.694405242332124, 76.69910588052726",TWO WHEELER,CAR,1,0,33,MALE,SH,Others,30.694405242332124,76.69910588052726,1.0,33.0,33.0,33.0,VEHICLE,2022,11,2
1331,November,2022-11-16,Wednesday,2022-11-17,Mallepalli,Nil,Andhra Pradesh,"17.158188199934717, 81.99464155439738",VAN,TRUCK,4,0,"47,30,30,20",MALE,NH,Head On Collision,17.158188199934717,81.99464155439738,4.0,31.75,20.0,47.0,VEHICLE,2022,11,2
1338,November,2022-11-18,Friday,2022-11-19,Dr NTR Beach Rd,Vizag,Andhra Pradesh,"17.790396174537317, 83.38524165467386",TWO WHEELER,DIVIDER,1,1,19,MALE,SH,Fixed Object Collision,17.790396174537317,83.38524165467386,1.0,19.0,19.0,19.0,OBJECT,2022,11,4
1341,November,2022-11-17,Thursday,2022-11-19,Senjeriputhur,Nil,Tamil Nadu,"10.817256737653189, 77.273122035737",SUV,POLE,1,1,83,MALE,SH,Fixed Object Collision,10.817256737653189,77.273122035737,1.0,83.0,83.0,83.0,OBJECT,2022,11,3
1342,November,2022-11-16,Wednesday,2022-11-19,Bilaspur Chowk,Nil,Haryana,"28.28863953834606, 76.86016916880224",TWO WHEELER,TWO WHEELER,2,0,"26,25",MALE,NH,Head On Collision,28.28863953834606,76.86016916880224,2.0,25.5,25.0,26.0,VEHICLE,2022,11,2
1345,November,2022-11-19,Saturday,2022-11-20,Brahmkhal,Nil,Uttarakhand,"30.71096037303688, 78.3478945417708",CAR,GORGE,5,1,"67,65,52,67,72",BOTH,NH,Vehicle Overturn,30.71096037303688,78.3478945417708,5.0,64.6,52.0,72.0,OBJECT,2022,11,5
1346,November,2022-11-20,Sunday,2022-11-21,Nayaganj,Nil,Bihar,"25.620056059862137, 85.45619403250178",PEDESTRIAN,TRUCK,8,7,,BOTH,NH,Hit and Run,25.620056059862137,85.45619403250178,,,,,VEHICLE,2022,11,6
1353,November,2022-11-20,Sunday,2022-11-22,Dari Pul,Pune,Maharashtra,"18.432456042355387, 73.8381317293159",TWO WHEELER,TRUCK,1,0,41,MALE,NH,Others,18.432456042355387,73.8381317293159,1.0,41.0,41.0,41.0,VEHICLE,2022,11,6
1354,November,2022-11-20,Sunday,2022-11-22,Mummallapalle,Nil,Telangana,"16.31830655019522, 77.95075530161922",BUS,TRACTOR,3,16,"42,19,47",MALE,NH,Hit From Back,16.31830655019522,77.95075530161922,3.0,36.0,19.0,47.0,VEHICLE,2022,11,6
1356,November,2022-11-22,Tuesday,2022-11-23,SH 25,Nil,Uttar Pradesh,"27.44540537277724, 80.11582304632411",SUV,NIL,5,0,"31,36,54,40,64",MALE,NH,Run Off Road,27.44540537277724,80.11582304632411,5.0,45.0,31.0,64.0,UNKNOWN,2022,11,1
1359,November,2022-11-23,Wednesday,2022-11-23,Shirasi,Nil,Maharashtra,"17.581023297779254, 76.25967599791673",CAR,TRUCK,3,3,,,NH,With Parked Vehicle,17.581023297779254,76.25967599791673,,,,,VEHICLE,2022,11,2
1366,November,2022-11-21,Monday,2022-11-25,Ahmednagar Rd,Nil,Maharashtra,"18.990369786094597, 75.75142734060948",TWO WHEELER,TRUCK,1,0,42,MALE,NH,Head On Collision,18.9903697860946,75.75142734060948,1.0,42.0,42.0,42.0,VEHICLE,2022,11,0
1367,November,2022-11-21,Monday,2022-11-25,Shivshakti Road Lines,Pune,Maharashtra,"18.453444782040105, 73.84078903488914",PEDESTRIAN,UNIDENTIFIED,1,0,40,MALE,NH,Hit and Run,18.453444782040105,73.84078903488914,1.0,40.0,40.0,40.0,UNKNOWN,2022,11,0
1372,November,2022-11-24,Thursday,2022-11-26,Swati Park,Rajkot,Gujarat,"22.251352838330064, 70.80791260812796",PEDESTRIAN,TWO WHEELER,1,2,7,MALE,NH,Hit and Run,22.251352838330064,70.80791260812796,1.0,7.0,7.0,7.0,VEHICLE,2022,11,3
1374,November,2022-11-26,Saturday,2022-11-27,Khajrana,Indore,Madhya Pradesh,"22.731244661918943, 75.90263711866906",TWO WHEELER,TRUCK,1,1,,MALE,SH,Head On Collision,22.731244661918943,75.90263711866906,,,,,VEHICLE,2022,11,5
1376,November,2022-11-27,Sunday,2022-11-28,Pothireddipalem,Nil,Andhra Pradesh,"16.242889744416413, 81.22009173032612",PEDESTRIAN,CAR,3,0,,BOTH,SH,Hit and Run,16.242889744416413,81.22009173032612,,,,,VEHICLE,2022,11,6
1377,November,2022-11-27,Sunday,2022-11-28,Mau Aima,Nil,Uttar Pradesh,"25.701157202774304, 81.9090760185718",TWO WHEELER,PICK UP,2,0,"21,16",MALE,NH,Others,25.701157202774304,81.9090760185718,2.0,18.5,16.0,21.0,VEHICLE,2022,11,6
1378,November,2022-11-28,Monday,2022-11-28,Samroli,Nil,Jammu,"32.9911780391831, 75.19505566014274",CAR,GORGE,4,0,,MALE,NH,Vehicle Overturn,32.9911780391831,75.19505566014274,,,,,OBJECT,2022,11,0
1380,November,2022-11-27,Sunday,2022-11-28,Mahipalpur Flyover,Delhi,Delhi,"28.545028355232883, 77.12116013069722",BICYCLE,CAR,1,0,50,MALE,NH,Head On Collision,28.545028355232883,77.12116013069722,1.0,50.0,50.0,50.0,VEHICLE,2022,11,6
1384,November,2022-11-28,Monday,2022-11-29,Hulikunte,Nil,Karnataka,"13.272266576516747, 77.35216646385031",TWO WHEELER,TRUCK,2,0,"28,30",MALE,NH,Head On Collision,13.272266576516747,77.35216646385031,2.0,29.0,28.0,30.0,VEHICLE,2022,11,0
1385,November,2022-11-30,Wednesday,2022-11-30,Kodumur,Nil,Andhra Pradesh,"15.683371392189466, 77.7679255136936",TWO WHEELER,CAR,3,0,,MALE,SH,Head On Collision,15.683371392189466,77.7679255136936,,,,,VEHICLE,2022,11,2
1386,November,2022-11-30,Wednesday,2022-11-30,Tappe Sipah,Nil,Uttar Pradesh,"27.10157365650555, 81.50326169184127",BUS,TRUCK,6,13,,,NH,Head On Collision,27.10157365650555,81.50326169184127,,,,,VEHICLE,2022,11,2
1387,November,2022-11-29,Tuesday,2022-11-30,Payakaraopeta,Nil,Andhra Pradesh,"17.367919451233476, 82.5559054912971",TWO WHEELER,CANAL,1,0,22,MALE,NH,Vehicle Overturn,17.367919451233476,82.5559054912971,1.0,22.0,22.0,22.0,OBJECT,2022,11,1
1388,December,2022-11-30,Wednesday,2022-12-01,Tappe Sipah,Nil,Uttar Pradesh,"27.097931414982526, 81.49824462518542",BUS,TRUCK,6,13,"21,27,37,20,17",BOTH,NH,Head On Collision,27.09793141498253,81.49824462518542,5.0,24.4,17.0,37.0,VEHICLE,2022,11,2
1393,December,2022-11-30,Wednesday,2022-12-01,KR Puram Hanging Bridge,Bengaluru,Karnataka,"13.000683883260592, 77.67722032726212",TWO WHEELER,UNIDENTIFIED,1,1,27,FEMALE,NH,Hit and Run,13.000683883260592,77.67722032726212,1.0,27.0,27.0,27.0,UNKNOWN,2022,11,2
1394,December,2022-11-30,Wednesday,2022-12-01,Kodumur,Nil,Andhra Pradesh,"15.684037550663033, 77.76965748241777",TWO WHEELER,CAR,3,2,,,SH,Others,15.684037550663032,77.76965748241777,,,,,VEHICLE,2022,11,2
1395,December,2022-12-01,Thursday,2022-12-02,Jankia,Nil,Odisha,"20.053056785479832, 85.53937047670372",CAR,TRUCK,4,0,,BOTH,NH,With Parked Vehicle,20.053056785479832,85.53937047670372,,,,,VEHICLE,2022,12,3
1396,December,2022-11-30,Wednesday,2022-12-02,Taramani Link Rd,Chennai,Tamil Nadu,"12.981197526297395, 80.23654954032764",TWO WHEELER,DIVIDER,2,0,"19,20",MALE,SH,Fixed Object Collision,12.981197526297397,80.23654954032764,2.0,19.5,19.0,20.0,OBJECT,2022,11,2
1399,December,2022-12-01,Thursday,2022-12-03,Wavin,Chennai,Tamil Nadu,"13.088534382767612, 80.17189953623301",TWO WHEELER,CAR,1,0,26,FEMALE,SH,Hit From Back,13.088534382767612,80.17189953623301,1.0,26.0,26.0,26.0,VEHICLE,2022,12,3
1400,December,2022-12-04,Sunday,2022-12-04,Tiruvannamalai,Nil,Tamil Nadu,"12.226377668027563, 79.0664139848913",BUS,LORRY,3,4,,,SH,Head On Collision,12.226377668027563,79.0664139848913,,,,,VEHICLE,2022,12,6
1402,December,2022-12-03,Saturday,2022-12-04,Naogaon Bariya,Nil,Uttarakhand,"29.857349944027533, 79.3734150044732",CAR,GORGE,4,3,"65,10",BOTH,NH,Vehicle Overturn,29.857349944027533,79.3734150044732,2.0,37.5,10.0,65.0,OBJECT,2022,12,5
1403,December,2022-12-04,Sunday,2022-12-04,Yavatmal,Nil,Maharashtra,"20.389552251846258, 78.1355352067547",VAN,BUS,4,3,,,SH,Head On Collision,20.389552251846258,78.1355352067547,,,,,VEHICLE,2022,12,6
1404,December,2022-12-03,Saturday,2022-12-04,Canal Bridge,Raipur,Chhattisgarh,"21.229121245307912, 81.65970224642803",TWO WHEELER,TRACTOR,1,1,27,MALE,NH,Hit From Back,21.229121245307912,81.65970224642803,1.0,27.0,27.0,27.0,VEHICLE,2022,12,5
1409,December,2022-12-04,Sunday,2022-12-06,Gopeshwar,Nil,Uttarakhand,"30.402914678684226, 79.31752278659692",CAR,GORGE,2,3,"32,65",BOTH,NH,Vehicle Overturn,30.402914678684223,79.31752278659692,2.0,48.5,32.0,65.0,OBJECT,2022,12,6
1410,December,2022-12-04,Sunday,2022-12-06,Pauri,Nil,Uttarakhand,"30.130277775637403, 78.78726253290282",CAR,GORGE,2,5,,,NH,Vehicle Overturn,30.130277775637403,78.78726253290282,,,,,OBJECT,2022,12,6
1412,December,2022-12-05,Monday,2022-12-06,Kavaraipettai,Nil,Tamil Nadu,"13.363787954366215, 80.1396613268738",BUS,TRUCK,4,3,"27,22,28,42",MALE,NH,Head On Collision,13.363787954366217,80.1396613268738,4.0,29.75,22.0,42.0,VEHICLE,2022,12,0
1413,December,2022-12-05,Monday,2022-12-06,Paravalasu,Nil,Tamil Nadu,"11.111859038379988, 77.58992424923687",CAR,TRUCK,3,0,"60,35,37",BOTH,SH,Head On Collision,11.111859038379988,77.58992424923687,3.0,44.0,35.0,60.0,VEHICLE,2022,12,0
1414,December,2022-12-05,Monday,2022-12-06,Aganampudi,Vizag,Andhra Pradesh,"17.68785948501749, 83.13265349134836",PEDESTRIAN,TWO WHEELER,1,0,55,MALE,SH,Hit and Run,17.68785948501749,83.13265349134836,1.0,55.0,55.0,55.0,VEHICLE,2022,12,0
1416,December,2022-12-04,Sunday,2022-12-06,Maksi Rd,Nil,Madhya Pradesh,"22.979918709675843, 76.0738068665168",TWO WHEELER,CAR,1,2,17,MALE,NH,Hit From Back,22.979918709675843,76.0738068665168,1.0,17.0,17.0,17.0,VEHICLE,2022,12,6
1418,December,2022-12-05,Monday,2022-12-06,Jafferkhanpet,Chennai,Tamil Nadu,"13.028659785148188, 80.2086417800641",TWO WHEELER,DIVIDER,2,0,"26,28",MALE,SH,Fixed Object Collision,13.028659785148188,80.2086417800641,2.0,27.0,26.0,28.0,OBJECT,2022,12,0
1419,December,2022-12-07,Wednesday,2022-12-07,Maduranthakam,Nil,Tamil Nadu,"12.506978133440269, 79.88064308295642",TRUCK,TRUCK,6,5,"70,28,35,55,65,33",MALE,NH,Others,12.506978133440269,79.88064308295642,6.0,47.666666666666664,28.0,70.0,VEHICLE,2022,12,2
1420,December,2022-12-05,Monday,2022-12-07,Maski,Nil,Karnataka,"15.959938310900172, 76.6545577603903",TWO WHEELER,BUS,3,0,"31,26,19",MALE,NH,Others,15.959938310900172,76.6545577603903,3.0,25.333333333333332,19.0,31.0,VEHICLE,2022,12,0
1423,December,2022-12-08,Thursday,2022-12-08,Palse,Nil,Maharashtra,"19.929810727299415, 73.86820452959181",TWO WHEELER,BUS,2,43,,MALE,NH,Others,19.92981072729941,73.86820452959181,,,,,VEHICLE,2022,12,3
1425,December,2022-12-07,Wednesday,2022-12-09,Dibai,Nil,Uttar Pradesh,"28.205845077690174, 78.25986812159982",TWO WHEELER,TRUCK,3,0,"35,40,4",BOTH,NH,Hit From Side,28.20584507769017,78.25986812159982,3.0,26.333333333333332,4.0,40.0,VEHICLE,2022,12,2
1426,December,2022-12-06,Tuesday,2022-12-09,Vadner Dumala,Nashik,Maharashtra,"19.933690738098278, 73.81298047348994",TWO WHEELER,TRUCK,1,0,18,MALE,NH,Head On Collision,19.93369073809828,73.81298047348994,1.0,18.0,18.0,18.0,VEHICLE,2022,12,1
1427,December,2022-12-07,Wednesday,2022-12-09,Chidawad,Nil,Madhya Pradesh,"23.14366905722453, 76.1498570865756",CAR,UNIDENTIFIED,2,3,"45,62",MALE,NH,Hit and Run,23.14366905722453,76.1498570865756,2.0,53.5,45.0,62.0,UNKNOWN,2022,12,2
1428,December,2022-12-08,Thursday,2022-12-09,Bagheshwar,Nil,Uttarakhand,"29.839123272704928, 79.76835967429105",CAR,GORGE,4,2,"60,55,62,52",BOTH,NH,Vehicle Overturn,29.839123272704928,79.76835967429105,4.0,57.25,52.0,62.0,OBJECT,2022,12,3
1429,December,2022-12-10,Saturday,2022-12-10,Nellikara,Nil,Karnataka,"13.154804584637919, 75.09539857518682",CAR,BUS,3,0,"40,37,2",BOTH,SH,Head On Collision,13.15480458463792,75.09539857518682,3.0,26.333333333333332,2.0,40.0,VEHICLE,2022,12,5
1430,December,2022-12-08,Thursday,2022-12-10,Nasrapur,Nil,Maharashtra,"18.250077305173328, 73.8799667989515",CAR,TRUCK,1,0,62,MALE,SH,With Parked Vehicle,18.250077305173328,73.8799667989515,1.0,62.0,62.0,62.0,VEHICLE,2022,12,3
1431,December,2022-12-09,Friday,2022-12-10,Mohadari Ghat,Nil,Maharashtra,"19.885202678901692, 73.9418851643787",CAR,DIVIDER,5,3,,,NH,Fixed Object Collision,19.88520267890169,73.9418851643787,,,,,OBJECT,2022,12,4
1435,December,2022-12-10,Saturday,2022-12-11,Armoor,Nil,Telangana,"18.782864650870852, 78.29786014542509",CAR,LORRY,3,0,,,NH,Head On Collision,18.78286465087085,78.29786014542509,,,,,VEHICLE,2022,12,5
1436,December,2022-12-09,Friday,2022-12-11,Alamsar,Nil,Rajasthan,"25.3306298303729, 71.10052110253073",CAR,DITCH,2,3,,,SH,Vehicle Overturn,25.3306298303729,71.10052110253073,,,,,OBJECT,2022,12,4
1443,December,2022-12-10,Saturday,2022-12-12,Parvaliya Dera,Nil,Madhya Pradesh,"23.749092193687034, 75.10940785856674",PEDESTRIAN,TRUCK,1,1,28,MALE,NH,Hit and Run,23.749092193687037,75.10940785856674,1.0,28.0,28.0,28.0,VEHICLE,2022,12,5
1444,December,2022-12-10,Saturday,2022-12-13,Shajapur,Nil,Madhya Pradesh,"23.421696600526733, 76.28613616017066",TWO WHEELER,BUS,2,0,,MALE,NH,Hit From Back,23.421696600526733,76.28613616017066,,,,,VEHICLE,2022,12,5
1446,December,2022-12-12,Monday,2022-12-13,Chunni Kalan,Nil,Punjab,"30.659172395123473, 76.56745385349565",CAR,SUV,1,0,21,MALE,SH,Head On Collision,30.659172395123477,76.56745385349565,1.0,21.0,21.0,21.0,VEHICLE,2022,12,0
1450,December,2022-12-13,Tuesday,2022-12-14,Nighasan,Nil,Uttar Pradesh,"28.23214769037592, 80.86197461832418",TWO WHEELER,BUS,3,15,"27,15,30",MALE,SH,Others,28.23214769037592,80.86197461832418,3.0,24.0,15.0,30.0,VEHICLE,2022,12,1
1452,December,2022-12-13,Tuesday,2022-12-14,Nabha Sahib Village,Nil,Punjab,"30.63842371511849, 76.80290289612009",TWO WHEELER,BUS,1,0,63,MALE,NH,Others,30.63842371511849,76.80290289612009,1.0,63.0,63.0,63.0,VEHICLE,2022,12,1
1456,December,2022-12-12,Monday,2022-12-14,Mayasandra,Nil,Karnataka,"12.750299753590125, 77.74749226469866",PEDESTRIAN,TRUCK,3,0,"21,23,22",MALE,SH,Hit and Run,12.750299753590124,77.74749226469866,3.0,22.0,21.0,23.0,VEHICLE,2022,12,0
1458,December,2022-12-14,Wednesday,2022-12-15,Baytu,Nil,Rajasthan,"25.897675071850447, 71.77176604440011",TWO WHEELER,CAR,2,0,"55,20",MALE,NH,Head On Collision,25.897675071850447,71.77176604440011,2.0,37.5,20.0,55.0,VEHICLE,2022,12,2
1460,December,2022-12-14,Wednesday,2022-12-15,NH 152 Lalru,Nil,Punjab,"30.48734362378299, 76.79891913719949",BICYCLE,CRANE,1,1,19,MALE,NH,Hit From Back,30.48734362378299,76.79891913719949,1.0,19.0,19.0,19.0,VEHICLE,2022,12,2
1462,December,2022-12-14,Wednesday,2022-12-16,Attingal,Nil,Kerala,"8.696155339054807, 76.81724495938334",TWO WHEELER,BUS,1,1,17,MALE,NH,Hit From Back,8.696155339054807,76.81724495938334,1.0,17.0,17.0,17.0,VEHICLE,2022,12,2
1463,December,2022-12-15,Thursday,2022-12-16,Sector 94,Nil,Punjab,"30.693431210442192, 76.6699544221498",TWO WHEELER,CAR,1,1,22,MALE,SH,Others,30.693431210442192,76.6699544221498,1.0,22.0,22.0,22.0,VEHICLE,2022,12,3
1464,December,2022-12-15,Thursday,2022-12-16,Derabassi Flyover,Nil,Punjab,"30.58647826398502, 76.84585175212226",TRACTOR,UNIDENTIFIED,1,0,,MALE,NH,Hit and Run,30.58647826398502,76.84585175212226,,,,,UNKNOWN,2022,12,3
1466,December,2022-12-16,Friday,2022-12-17,Mundakayam,Nil,Kerala,"9.538467799808627, 76.89153916640065",BUS,NIL,1,17,10,FEMALE,NH,Run Off Road,9.538467799808627,76.89153916640065,1.0,10.0,10.0,10.0,UNKNOWN,2022,12,4
1472,December,2022-12-18,Sunday,2022-12-19,Bhilai New Police Station,Nil,Chhattisgarh,"21.207472348882888, 81.43138407972081",TWO WHEELER,TRUCK,1,1,49,MALE,NH,Hit From Back,21.207472348882888,81.43138407972081,1.0,49.0,49.0,49.0,VEHICLE,2022,12,6
1474,December,2022-12-19,Monday,2022-12-19,Auraiya,Nil,Uttar Pradesh,"26.451259360568113, 79.52251940393027",BUS,TRUCK,3,9,,MALE,NH,Hit From Back,26.451259360568116,79.52251940393027,,,,,VEHICLE,2022,12,0
1475,December,2022-12-19,Monday,2022-12-19,Aligarh,Nil,Uttar Pradesh,"27.92569783999121, 78.0766951461395",BUS,BUS,2,24,,,NH,Head On Collision,27.92569783999121,78.0766951461395,,,,,VEHICLE,2022,12,0
1476,December,2022-12-19,Monday,2022-12-19,Khopoli,Nil,Maharashtra,"18.791103033740573, 73.33942507747092",BUS,TRUCK,1,10,,MALE,NH,Hit From Back,18.791103033740573,73.33942507747092,,,,,VEHICLE,2022,12,0
1479,December,2022-12-18,Sunday,2022-12-19,Thuraipakkam Dumpyard,Chennai,Tamil Nadu,"12.948397109160258, 80.24062782281874",CAR,DIVIDER,1,0,23,FEMALE,SH,Fixed Object Collision,12.948397109160258,80.24062782281874,1.0,23.0,23.0,23.0,OBJECT,2022,12,6
1486,December,2022-12-21,Wednesday,2022-12-21,Longsai,Nil,Manipur,"24.642423540843076, 93.65379956227731",BUS,GORGE,10,35,,FEMALE,SH,Vehicle Overturn,24.64242354084308,93.65379956227731,,,,,OBJECT,2022,12,2
1488,December,2022-12-20,Tuesday,2022-12-21,Yamuna Expressway,Nil,Uttar Pradesh,"28.44251283882086, 77.50229321657845",BUS,TRUCK,1,28,,,NH,Hit From Back,28.44251283882086,77.50229321657845,,,,,VEHICLE,2022,12,1
1492,December,2022-12-19,Monday,2022-12-21,Sonkatch,Nil,Madhya Pradesh,"22.97841301080496, 76.35531780503722",TWO WHEELER,UNIDENTIFIED,1,0,32,MALE,NH,Hit and Run,22.97841301080496,76.35531780503722,1.0,32.0,32.0,32.0,UNKNOWN,2022,12,0
1493,December,2022-12-19,Monday,2022-12-21,Patharkandi,Nil,Assam,"24.609679505103248, 92.320861479876",AUTO RICKSHAW,CAR,2,0,"32,28",MALE,NH,Head On Collision,24.609679505103248,92.320861479876,2.0,30.0,28.0,32.0,VEHICLE,2022,12,0
1497,December,2022-12-21,Wednesday,2022-12-23,Dhamnod,Nil,Madhya Pradesh,"22.217417384267296, 75.47774220959037",BUS,TRACTOR,1,2,,MALE,SH,Head On Collision,22.217417384267296,75.47774220959037,,,,,VEHICLE,2022,12,2
1499,December,2022-12-22,Thursday,2022-12-23,Tuticorin,Nil,Tamil Nadu,"8.789434733640828, 78.14106109477959",CAR,TRUCK,4,0,"39,63,37,62",FEMALE,SH,Hit From Back,8.789434733640828,78.14106109477959,4.0,50.25,37.0,63.0,VEHICLE,2022,12,3
1502,December,2022-12-24,Saturday,2022-12-24,Bhilai,Nil,Madhya Pradesh,"21.807311125720886, 78.22651285913841",CAR,TRUCK,4,0,,,NH,Hit From Side,21.807311125720886,78.22651285913841,,,,,VEHICLE,2022,12,5
1503,December,2022-12-22,Thursday,2022-12-24,Maliyasan,Nil,Gujarat,"22.33131034445658, 70.87918638902339",CAR,TRUCK,4,0,"67,68,42,99",MALE,NH,With Parked Vehicle,22.33131034445658,70.87918638902339,4.0,69.0,42.0,99.0,VEHICLE,2022,12,3
1504,December,2022-12-23,Friday,2022-12-24,Behala,Kolkata,West Bengal,"22.50221196190783, 88.31808494940438",TWO WHEELER,TRUCK,1,1,23,FEMALE,NH,Hit From Back,22.50221196190783,88.31808494940438,1.0,23.0,23.0,23.0,VEHICLE,2022,12,4
1514,December,2022-12-27,Tuesday,2022-12-27,Kannauj,Nil,Uttar Pradesh,"27.024072347898148, 79.89404264649157",CAR,TRUCK,3,0,,MALE,NH,Hit From Back,27.024072347898148,79.89404264649157,,,,,VEHICLE,2022,12,1
1515,December,2022-12-25,Sunday,2022-12-27,Valadi,Nil,Tamil Nadu,"10.87362115565509, 78.75868738722666",CAR,GORGE,1,0,19,MALE,NH,Vehicle Overturn,10.87362115565509,78.75868738722666,1.0,19.0,19.0,19.0,OBJECT,2022,12,6
1516,December,2022-12-26,Monday,2022-12-27,Madathukulam,Nil,Tamil Nadu,"10.561516576833647, 77.35747303456479",VAN,TRUCK,4,0,"55,10,57,35",BOTH,NH,Head On Collision,10.561516576833649,77.35747303456479,4.0,39.25,10.0,57.0,VEHICLE,2022,12,0
1517,December,2022-12-26,Monday,2022-12-27,Gokulam Park Hotel,Coimbatore,Tamil Nadu,"11.057700367290801, 77.07029557218127",CAR,DIVIDER,1,1,18,MALE,SH,Fixed Object Collision,11.0577003672908,77.07029557218127,1.0,18.0,18.0,18.0,OBJECT,2022,12,0
1523,December,2022-12-27,Tuesday,2022-12-28,Gairsain,Nil,Uttarakhand,"30.034773524812877, 79.28524189340068",CAR,GORGE,1,0,40,MALE,NH,Vehicle Overturn,30.03477352481288,79.28524189340068,1.0,40.0,40.0,40.0,OBJECT,2022,12,1
1524,December,2022-12-26,Monday,2022-12-28,Bellandur,Bengaluru,Karnataka,"12.954575726062693, 77.70036127835277",TWO WHEELER,DIVIDER,1,0,33,MALE,NH,Fixed Object Collision,12.954575726062693,77.70036127835277,1.0,33.0,33.0,33.0,OBJECT,2022,12,0
1525,December,2022-12-26,Monday,2022-12-28,Yeshwantpur,Bengaluru,Karnataka,"13.026082964679443, 77.54484791257572",TWO WHEELER,DIVIDER,1,0,27,MALE,SH,Fixed Object Collision,13.026082964679444,77.54484791257572,1.0,27.0,27.0,27.0,OBJECT,2022,12,0
1527,December,2022-12-26,Monday,2022-12-29,Devipuri,Raipur,Chhattisgarh,"21.20229216217831, 81.68238863159121",TWO WHEELER,TRUCK,1,0,,MALE,NH,Head On Collision,21.20229216217831,81.68238863159121,,,,,VEHICLE,2022,12,0
1528,December,2022-12-27,Tuesday,2022-12-29,Zare,Nil,Maharashtra,"17.46275448011798, 74.7547753495017",PEDESTRIAN,TRUCK,1,0,35,FEMALE,SH,Hit and Run,17.46275448011798,74.7547753495017,1.0,35.0,35.0,35.0,VEHICLE,2022,12,1
1529,December,2022-12-29,Thursday,2022-12-30,Samayanallur,Nil,Tamil Nadu,"9.981874688952528, 78.03435076784801",CAR,WALL,2,3,"54,3",BOTH,NH,Fixed Object Collision,9.981874688952528,78.03435076784801,2.0,28.5,3.0,54.0,OBJECT,2022,12,3
1530,December,2022-12-28,Wednesday,2022-12-30,Baliyachauki,Nil,Jharkhand,"24.428828820488228, 86.73904514950266",CAR,TRUCK,2,3,,MALE,NH,With Parked Vehicle,24.428828820488228,86.73904514950266,,,,,VEHICLE,2022,12,2
1531,December,2022-12-30,Friday,2022-12-30,Timarlaga,Nil,Chhattisgarh,"21.699095646278963, 83.22761694238602",CAR,DITCH,4,1,,BOTH,NH,Vehicle Overturn,21.699095646278963,83.22761694238602,,,,,OBJECT,2022,12,4
1533,December,2022-12-30,Friday,2022-12-31,Madhavi,Nil,Maharashtra,"19.270138499744764, 73.03861035689864",PEDESTRIAN,TRUCK,1,0,32,TRANS,NH,Hit and Run,19.270138499744764,73.03861035689864,1.0,32.0,32.0,32.0,VEHICLE,2022,12,4
1539,January,2022-12-30,Friday,2023-01-01,Moulali Crossing,Kolkata,West Bengal,"22.56167542543988, 88.36729126676313",BUS,NIL,1,1,35,MALE,SH,Run Off Road,22.56167542543988,88.36729126676313,1.0,35.0,35.0,35.0,UNKNOWN,2022,12,4
1546,January,2023-01-01,Sunday,2023-01-01,Baleguli,Nil,Karnataka,"14.692797900184942, 74.30812238664505",CAR,BUS,4,1,,MALE,NH,Head On Collision,14.692797900184942,74.30812238664505,,,,,VEHICLE,2023,1,6
1561,January,2022-12-31,Saturday,2023-01-02,Nidaghatta,Nil,Karnataka,"12.621214109836012, 77.09518662658247",TWO WHEELER,TRUCK,1,1,22,MALE,NH,Head On Collision,12.621214109836012,77.09518662658247,1.0,22.0,22.0,22.0,VEHICLE,2022,12,5
1563,January,2023-01-01,Sunday,2023-01-02,Bisrasar,Nil,Rajasthan,"28.867869821608576, 74.26076082373534",CAR,TRUCK,5,0,,MALE,SH,Head On Collision,28.867869821608576,74.26076082373534,,,,,VEHICLE,2023,1,6
1565,January,2023-01-01,Sunday,2023-01-02,Gopalan Legacy Mall,Bengaluru,Karnataka,"12.958034639059406, 77.55391642187307",TWO WHEELER,TRUCK,1,1,21,MALE,NH,Head On Collision,12.958034639059406,77.55391642187307,1.0,21.0,21.0,21.0,VEHICLE,2023,1,6
1568,January,2023-01-01,Sunday,2023-01-02,Jashpur,Nil,Chhattisgarh,"22.55833131566401, 83.48838360116625",CAR,NIL,4,6,,,NH,Run Off Road,22.55833131566401,83.48838360116625,,,,,UNKNOWN,2023,1,6
1572,January,2023-01-01,Sunday,2023-01-02,Valasaravakam,Chennai,Tamil Nadu,"13.041348652085198, 80.17461933957748",TWO WHEELER,POLE,1,0,,MALE,SH,Fixed Object Collision,13.041348652085198,80.17461933957748,,,,,OBJECT,2023,1,6
1576,January,2023-01-01,Sunday,2023-01-02,Rahnal,Mumbai,Maharashtra,"19.268607458209164, 73.03687758523353",PEDESTRIAN,TRUCK,1,0,32,TRANS,NH,Hit From Back,19.268607458209164,73.03687758523353,1.0,32.0,32.0,32.0,VEHICLE,2023,1,6
1582,January,2023-01-03,Tuesday,2023-01-03,Bobbili,Nil,Andhra Pradesh,"18.574005567267335, 83.35785802726657",TWO WHEELER,CAR,1,2,22,MALE,SH,Head On Collision,18.57400556726733,83.35785802726657,1.0,22.0,22.0,22.0,VEHICLE,2023,1,1
1583,January,2022-12-31,Saturday,2023-01-03,Kumbalgodu,Bengaluru,Karnataka,"12.88040438743621, 77.44675163586399",CAR,DIVIDER,1,4,26,MALE,NH,Fixed Object Collision,12.88040438743621,77.44675163586399,1.0,26.0,26.0,26.0,OBJECT,2022,12,5
1588,January,2022-12-31,Saturday,2023-01-03,Dari Pool,Pune,Maharashtra,"18.43299491780472, 73.83789595923643",TWO WHEELER,TRUCK,1,1,23,MALE,NH,Head On Collision,18.43299491780472,73.83789595923643,1.0,23.0,23.0,23.0,VEHICLE,2022,12,5
1590,January,2023-01-01,Sunday,2023-01-03,Durgapur,Nil,Jharkhand,"24.49193444233388, 87.53769544911695",PEDESTRIAN,TRUCK,1,0,50,MALE,SH,Hit and Run,24.49193444233388,87.53769544911695,1.0,50.0,50.0,50.0,VEHICLE,2023,1,6
1597,January,2022-12-31,Saturday,2023-01-04,Vilholi,Nil,Maharashtra,"19.924698361094134, 73.71674896905081",PEDESTRIAN,TWO WHEELER,1,2,,,NH,Hit and Run,19.924698361094134,73.71674896905081,,,,,VEHICLE,2022,12,5
1600,January,2023-01-03,Tuesday,2023-01-04,TVS Junction,Kochi,Kerala,"10.052348390065548, 76.31981943953983",BUS,NIL,1,1,37,MALE,NH,Run Off Road,10.052348390065548,76.31981943953983,1.0,37.0,37.0,37.0,UNKNOWN,2023,1,1
1602,January,2023-01-02,Monday,2023-01-04,Wadmukhwadi,Pune,Maharashtra,"18.650326486154462, 73.88212194946203",TWO WHEELER,DIVIDER,1,1,30,MALE,NH,Fixed Object Collision,18.650326486154466,73.88212194946203,1.0,30.0,30.0,30.0,OBJECT,2023,1,0
1613,January,2023-01-04,Wednesday,2023-01-05,NRS Hospital,Kolkata,West Bengal,"22.565465783934, 88.36877744585061",PEDESTRIAN,BUS,1,0,50,FEMALE,SH,Hit and Run,22.565465783934,88.36877744585061,1.0,50.0,50.0,50.0,VEHICLE,2023,1,2
1620,January,2023-01-04,Wednesday,2023-01-05,Samdari,Nil,Rajasthan,"25.820345958262745, 72.57398667107492",TWO WHEELER,TRUCK,1,0,5,MALE,SH,Head On Collision,25.820345958262745,72.57398667107492,1.0,5.0,5.0,5.0,VEHICLE,2023,1,2
1621,January,2023-01-05,Thursday,2023-01-06,Nashik Road PS,Nashik,Maharashtra,"19.952831476208353, 73.83925949974353",TWO WHEELER,TWO WHEELER,1,0,79,MALE,NH,Hit From Back,19.952831476208356,73.83925949974353,1.0,79.0,79.0,79.0,VEHICLE,2023,1,3
1626,January,2023-01-06,Friday,2023-01-08,Shivnath River Bridge,Nil,Chhattisgarh,"21.76395797273016, 81.80925847758728",TWO WHEELER,CAR,2,0,,BOTH,NH,Head On Collision,21.76395797273016,81.80925847758728,,,,,VEHICLE,2023,1,4
1629,January,2023-01-07,Saturday,2023-01-08,Kalyanpur,Kanpur,Uttar Pradesh,"26.511849254741424, 80.24593405760726",CAR,TRUCK,1,0,45,MALE,NH,Head On Collision,26.511849254741424,80.24593405760726,1.0,45.0,45.0,45.0,VEHICLE,2023,1,5
1634,January,2023-01-08,Sunday,2023-01-09,Unnao,Nil,Uttar Pradesh,"26.546319279809325, 80.48673997245287",CAR,CAR,7,6,,BOTH,NH,Head On Collision,26.546319279809325,80.48673997245287,,,,,VEHICLE,2023,1,6
1639,January,2023-01-11,Wednesday,2023-01-12,Nashik Road PS,Nashik,Maharashtra,"19.95393071834278, 73.83776819146888",CAR,CAR,5,5,,,NH,Head On Collision,19.95393071834278,73.83776819146888,,,,,VEHICLE,2023,1,2
1642,January,2023-01-12,Thursday,2023-01-13,Nashik,Nashik,Maharashtra,"20.00978683520233, 73.80755328018628",BUS,TRUCK,10,23,,,NH,Head On Collision,20.00978683520233,73.80755328018628,,,,,VEHICLE,2023,1,3
1651,January,2023-01-15,Sunday,2023-01-16,Samrala,Nil,Punjab,"30.835311865485288, 76.19253077080046",CAR,NIL,1,0,,MALE,NH,Run Off Road,30.835311865485288,76.19253077080046,,,,,UNKNOWN,2023,1,6
1653,January,2023-01-16,Monday,2023-01-17,Rugupalem,Nil,Andhra Pradesh,"17.508827819959855, 82.79988876161636",AUTO RICKSHAW,CAR,1,0,,MALE,NH,Head On Collision,17.508827819959855,82.79988876161636,,,,,VEHICLE,2023,1,0
1661,January,2023-01-19,Thursday,2023-01-20,Samruddhi,Nil,Maharashtra,"21.016924554312656, 78.99492470433324",PEDESTRIAN,TRUCK,2,0,"19,14",BOTH,SH,Hit and Run,21.016924554312656,78.99492470433324,2.0,16.5,14.0,19.0,VEHICLE,2023,1,3
1663,January,2023-01-18,Wednesday,2023-01-20,Proddatur,Nil,Andhra Pradesh,"14.755958066340082, 78.54803298728615",CAR,NIL,4,0,,,SH,Run Off Road,14.755958066340082,78.54803298728615,,,,,UNKNOWN,2023,1,2
1664,January,2023-01-19,Thursday,2023-01-21,Garisepudi,Nil,Andhra Pradesh,"16.39982044068534, 81.42123304241854",CAR,CAR,2,0,,BOTH,NH,Others,16.39982044068534,81.42123304241854,,,,,VEHICLE,2023,1,3
1665,January,2023-01-20,Friday,2023-01-21,Vizag,Vizag,Andhra Pradesh,"17.72486042907055, 83.20698956528871",PEDESTRIAN,CAR,1,0,48,FEMALE,SH,Hit and Run,17.72486042907055,83.20698956528871,1.0,48.0,48.0,48.0,VEHICLE,2023,1,4
1666,January,2023-01-21,Saturday,2023-01-22,Bhaisma chowk,Nil,Chhattisgarh,"22.267886675366654, 82.77602290592881",TWO WHEELER,TRUCK,1,1,,FEMALE,SH,Hit From Back,22.26788667536665,82.77602290592881,,,,,VEHICLE,2023,1,5
1669,January,2023-01-20,Friday,2023-01-22,Yellandu,Nil,Telangana,"17.594423354664716, 80.31430272073665",CAR,TRUCK,4,0,"21,32,31,28",MALE,NH,Head On Collision,17.594423354664716,80.31430272073665,4.0,28.0,21.0,32.0,VEHICLE,2023,1,4
1670,January,2023-01-21,Saturday,2023-01-23,Sujangarh,Nil,Rajasthan,"27.707993603304796, 74.47863863234508",CAR,TRUCK,5,0,,,SH,Head On Collision,27.7079936033048,74.47863863234508,,,,,VEHICLE,2023,1,5
1673,January,2023-01-22,Sunday,2023-01-23,Kinnaur,Nil,Himachal Pradesh,"31.504479002562665, 78.17415666263153",CAR,NIL,2,2,,MALE,NH,Run Off Road,31.504479002562665,78.17415666263153,,,,,UNKNOWN,2023,1,6
1674,January,2023-01-21,Saturday,2023-01-23,Nad Junction,Vizag,Andhra Pradesh,"17.743172935586, 83.23581086428261",TWO WHEELER,TRUCK,1,0,24,MALE,NH,Hit From Back,17.743172935586,83.23581086428261,1.0,24.0,24.0,24.0,VEHICLE,2023,1,5
1675,January,2023-01-22,Sunday,2023-01-23,Nad Junction,Vizag,Andhra Pradesh,"17.743178844329105, 83.2358014463651",TWO WHEELER,TREE,1,0,50,MALE,SH,Fixed Object Collision,17.743178844329105,83.2358014463651,1.0,50.0,50.0,50.0,OBJECT,2023,1,6
1676,January,2023-01-23,Monday,2023-01-24,Dhalli,Nil,Himachal Pradesh,"31.10771282045722, 77.21051176523412",CAR,NIL,3,1,,,NH,Run Off Road,31.10771282045722,77.21051176523412,,,,,UNKNOWN,2023,1,0
1682,January,2023-01-25,Wednesday,2023-01-25,Kadodara,Surat,Gujarat,"21.173108380454853, 72.95847956993534",TWO WHEELER,CAR,1,1,24,MALE,NH,Others,21.173108380454853,72.95847956993534,1.0,24.0,24.0,24.0,VEHICLE,2023,1,2
1683,January,2023-01-25,Wednesday,2023-01-26,Chandragiri Mandal,Nil,Andhra Pradesh,"13.579198608891383, 79.29604008077945",CAR,NIL,4,5,,,NH,Run Off Road,13.579198608891383,79.29604008077945,,,,,UNKNOWN,2023,1,2
1687,January,2023-01-27,Friday,2023-01-28,Kalimpong,Nil,West Bengal,"27.062610824255845, 88.46261371304684",CAR,NIL,2,7,,,SH,Run Off Road,27.062610824255845,88.46261371304684,,,,,UNKNOWN,2023,1,4
1690,January,2023-01-27,Friday,2023-01-28,Bhosari,Pune,Maharashtra,"18.6330605836499, 73.85000951084575",TWO WHEELER,BUS,1,0,,MALE,NH,Hit From Back,18.6330605836499,73.85000951084575,,,,,VEHICLE,2023,1,4
1692,January,2023-01-28,Saturday,2023-01-29,Churu,Nil,Rajasthan,"28.292671092634745, 74.97303805273314",CAR,TRUCK,4,4,,,NH,Head On Collision,28.292671092634745,74.97303805273314,,,,,VEHICLE,2023,1,5
1693,January,2023-01-28,Saturday,2023-01-29,Topkhana,Nil,Assam,"24.84970880051635, 92.77336482450421",TWO WHEELER,TRUCK,1,0,34,FEMALE,SH,Head On Collision,24.84970880051635,92.7733648245042,1.0,34.0,34.0,34.0,VEHICLE,2023,1,5
1695,January,2023-01-29,Sunday,2023-01-30,Sendurai,Nil,Tamil Nadu,"11.255841919075452, 79.17990040031397",BUS,NIL,1,46,20,MALE,SH,Run Off Road,11.255841919075452,79.17990040031397,1.0,20.0,20.0,20.0,UNKNOWN,2023,1,6
1696,January,2023-01-29,Sunday,2023-01-30,Maksi,Nil,Madhya Pradesh,"23.271512243206217, 76.14829219561999",CAR,TRUCK,1,3,,MALE,NH,Hit From Back,23.271512243206217,76.14829219561999,,,,,VEHICLE,2023,1,6
1697,January,2023-01-30,Monday,2023-01-31,Dahanu,Nil,Maharashtra,"19.986600329913983, 72.7587092352432",CAR,LORRY,4,0,,,SH,Head On Collision,19.986600329913983,72.7587092352432,,,,,VEHICLE,2023,1,0
1698,January,2023-01-30,Monday,2023-01-31,Kathua,Nil,Jammu,"32.390068775586386, 75.53047191128731",PEDESTRIAN,CAR,1,10,17,FEMALE,NH,Hit and Run,32.390068775586386,75.53047191128731,1.0,17.0,17.0,17.0,VEHICLE,2023,1,0
1699,February,2023-01-31,Tuesday,2023-02-01,Charoti,Nil,Maharashtra,"19.916979601112732, 72.93744106529331",CAR,BUS,4,4,"31,42,57,60",MALE,NH,Head On Collision,19.91697960111273,72.93744106529331,4.0,47.5,31.0,60.0,VEHICLE,2023,1,1
1701,February,2023-01-31,Tuesday,2023-02-01,TSPA,Hyderabad,Telangana,"17.35115808879119, 78.36359413005538",CAR,TRUCK,2,4,"35,40",MALE,NH,Hit From Back,17.35115808879119,78.36359413005538,2.0,37.5,35.0,40.0,VEHICLE,2023,1,1
1705,February,2023-02-02,Thursday,2023-02-03,IFFCO Chowk,Nil,Haryana,"28.47867818997804, 77.0695835884793",PEDESTRIAN,BUS,1,0,34,MALE,NH,Hit and Run,28.47867818997804,77.0695835884793,1.0,34.0,34.0,34.0,VEHICLE,2023,2,3
1707,February,2023-02-03,Friday,2023-02-04,Unnao,Nil,Uttar Pradesh,"26.529857996644417, 80.45974618979199",CAR,CAR,5,3,"40,35,9,25,60",BOTH,NH,Head On Collision,26.529857996644417,80.45974618979199,5.0,33.8,9.0,60.0,VEHICLE,2023,2,4
1709,February,2023-02-02,Thursday,2023-02-04,Dasna,Nil,Uttar Pradesh,"28.683233791295855, 77.51062172515469",TWO WHEELER,TRUCK,1,0,17,MALE,NH,Head On Collision,28.68323379129585,77.51062172515469,1.0,17.0,17.0,17.0,VEHICLE,2023,2,3
1711,February,2023-02-03,Friday,2023-02-05,Dhamari,Nil,Maharashtra,"18.794395498624322, 74.09452723812849",TWO WHEELER,TRUCK,3,1,"20,20,45",BOTH,SH,Head On Collision,18.79439549862432,74.09452723812849,3.0,28.333333333333332,20.0,45.0,VEHICLE,2023,2,4
1713,February,2023-02-04,Saturday,2023-02-05,Basanti Highway,Nil,West Bengal,"22.304222116344402, 88.69628919976856",AUTO RICKSHAW,NIL,1,0,34,MALE,SH,Vehicle Overturn,22.3042221163444,88.69628919976856,1.0,34.0,34.0,34.0,UNKNOWN,2023,2,5
1716,February,2023-02-05,Sunday,2023-02-06,Pendra,Nil,Chhattisgarh,"22.77305901605205, 81.9614600576058",PEDESTRIAN,TRACTOR,2,0,,MALE,SH,Hit and Run,22.77305901605205,81.9614600576058,,,,,VEHICLE,2023,2,6
1717,February,2023-02-05,Sunday,2023-02-06,Pachipenta,Nil,Andhra Pradesh,"18.48009831625044, 83.11301849317604",TRACTOR,NIL,1,1,45,MALE,SH,Run Off Road,18.48009831625044,83.11301849317604,1.0,45.0,45.0,45.0,UNKNOWN,2023,2,6
1718,February,2023-02-04,Saturday,2023-02-06,Parwaliya,Nil,Madhya Pradesh,"23.023422479484815, 74.5204417894011",TWO WHEELER,CAR,1,0,70,MALE,SH,Head On Collision,23.02342247948481,74.5204417894011,1.0,70.0,70.0,70.0,VEHICLE,2023,2,5
1719,February,2023-02-05,Sunday,2023-02-06,Kolar,Nil,Karnataka,"13.134075950653155, 78.12809290678786",TWO WHEELER,NIL,1,2,40,BOTH,SH,Run Off Road,13.134075950653155,78.12809290678786,1.0,40.0,40.0,40.0,UNKNOWN,2023,2,6
1720,February,2023-02-05,Sunday,2023-02-06,Kilimanoor,Nil,Kerala,"8.76982405603802, 76.87950199365297",CAR,BUS,2,4,,,SH,Head On Collision,8.76982405603802,76.87950199365297,,,,,VEHICLE,2023,2,6
1722,February,2023-02-06,Monday,2023-02-07,Mumbai-Agra Road Adgaon,Nashik,Maharashtra,"20.03575836111977, 73.86327345872316",PEDESTRIAN,CAR,1,0,42,FEMALE,NH,Hit and Run,20.03575836111977,73.86327345872316,1.0,42.0,42.0,42.0,VEHICLE,2023,2,0
1723,February,2023-02-05,Sunday,2023-02-07,Lakhalgaon,Nil,Maharashtra,"19.999959987251188, 73.92352063082193",TWO WHEELER,TWO WHEELER,1,0,,MALE,SH,Head On Collision,19.999959987251188,73.92352063082193,,,,,VEHICLE,2023,2,6
1725,February,2023-02-06,Monday,2023-02-07,Pusapatirega,Nil,Andhra Pradesh,"18.08966829915761, 83.55288411268916",TWO WHEELER,TWO WHEELER,2,0,"16,29",MALE,NH,Others,18.08966829915761,83.55288411268916,2.0,22.5,16.0,29.0,VEHICLE,2023,2,0
1727,February,2023-02-06,Monday,2023-02-08,Manjari,Nil,Maharashtra,"18.49631458013335, 73.97112235587963",PEDESTRIAN,TRUCK,2,0,"37,35",MALE,NH,Hit and Run,18.49631458013335,73.97112235587963,2.0,36.0,35.0,37.0,VEHICLE,2023,2,0
1728,February,2023-02-07,Tuesday,2023-02-08,Shikohabad,Nil,Uttar Pradesh,"27.1114680971091, 78.57630170633787",CAR,TRUCK,1,1,46,FEMALE,NH,Others,27.1114680971091,78.57630170633787,1.0,46.0,46.0,46.0,VEHICLE,2023,2,1
1730,February,2023-02-08,Wednesday,2023-02-09,Kota,Kota,Rajasthan,"25.18952492193559, 75.85934569952862",TWO WHEELER,CAR,1,3,28,MALE,SH,Head On Collision,25.18952492193559,75.85934569952862,1.0,28.0,28.0,28.0,VEHICLE,2023,2,2
1731,February,2023-02-08,Wednesday,2023-02-09,Kanker,Nil,Chhattisgarh,"20.26728195273725, 81.49265332710237",AUTO RICKSHAW,TRUCK,7,2,,,SH,Head On Collision,20.26728195273725,81.49265332710237,,,,,VEHICLE,2023,2,2
1733,February,2023-02-09,Thursday,2023-02-10,MVP Colony,Vizag,Andhra Pradesh,"17.741056612988817, 83.3354541946666",TWO WHEELER,CAR,3,0,,MALE,SH,Hit From Back,17.741056612988817,83.3354541946666,,,,,VEHICLE,2023,2,3
1736,February,2023-02-09,Thursday,2023-02-11,Kulharia Toll Plaza,Nil,Bihar,"25.58017738443135, 84.76855965655673",AUTO RICKSHAW,LORRY,3,3,38,BOTH,NH,Head On Collision,25.58017738443135,84.76855965655673,1.0,38.0,38.0,38.0,VEHICLE,2023,2,3
1738,February,2023-02-10,Friday,2023-02-12,Murthal,Nil,Haryana,"29.02950768655139, 77.0726051144711",CAR,DIVIDER,1,4,25,FEMALE,NH,Fixed Object Collision,29.02950768655139,77.0726051144711,1.0,25.0,25.0,25.0,OBJECT,2023,2,4
1739,February,2023-02-11,Saturday,2023-02-12,Chikkanayakanahalli,Nil,Karnataka,"13.41268426570095, 76.62146320014271",CAR,TRUCK,2,1,"30,28",BOTH,NH,With Parked Vehicle,13.41268426570095,76.62146320014271,2.0,29.0,28.0,30.0,VEHICLE,2023,2,5
1742,February,2023-02-12,Sunday,2023-02-13,Gandhi Nagar Avadi,Chennai,Tamil Nadu,"13.118641458884113, 80.08883142280301",CAR,BUS,4,1,"35,32,52",BOTH,NH,Hit From Back,13.118641458884111,80.08883142280301,3.0,39.666666666666664,32.0,52.0,VEHICLE,2023,2,6
1745,February,2023-02-13,Monday,2023-02-13,Katihar,Nil,Bihar,"25.54850499137775, 87.56351374547623",CAR,TRUCK,3,0,,MALE,NH,Head On Collision,25.54850499137775,87.56351374547623,,,,,VEHICLE,2023,2,0
1749,February,2023-02-14,Tuesday,2023-02-15,Frasergunj,Nil,West Bengal,"21.58399000369459, 88.26299668208235",TWO WHEELER,NIL,1,2,22,MALE,NH,Run Off Road,21.58399000369459,88.26299668208235,1.0,22.0,22.0,22.0,UNKNOWN,2023,2,1
1750,February,2023-02-13,Monday,2023-02-15,Shiroli,Nil,Maharashtra,"16.747931785167136, 74.28055577538667",PEDESTRIAN,SUV,5,0,"62,55,70,47,63",FEMALE,NH,Hit and Run,16.747931785167136,74.28055577538667,5.0,59.4,47.0,70.0,VEHICLE,2023,2,0
1751,February,2023-02-13,Monday,2023-02-15,Charoti,Nil,Maharashtra,"19.913677412915188, 72.93856526126405",TWO WHEELER,TRUCK,3,0,"44,24,28",MALE,NH,Head On Collision,19.913677412915188,72.93856526126405,3.0,32.0,24.0,44.0,VEHICLE,2023,2,0
1752,February,2023-02-14,Tuesday,2023-02-15,Shankarpalle,Hyderabad,Telangana,"17.45466631734385, 78.13356882175847",TWO WHEELER,TRUCK,1,1,55,FEMALE,NH,Hit From Back,17.45466631734385,78.13356882175847,1.0,55.0,55.0,55.0,VEHICLE,2023,2,1
1753,February,2023-02-14,Tuesday,2023-02-15,R Block,Patna,Bihar,"25.60013783649366, 85.12578543239339",TWO WHEELER,DIVIDER,1,1,20,MALE,NH,Fixed Object Collision,25.60013783649366,85.12578543239339,1.0,20.0,20.0,20.0,OBJECT,2023,2,1
1754,February,2023-02-15,Wednesday,2023-02-16,Paprenda,Nil,Uttar Pradesh,"25.62471702732815, 80.40424412139579",CAR,CAR,4,6,,,NH,Head On Collision,25.62471702732815,80.40424412139579,,,,,VEHICLE,2023,2,2
1755,February,2023-02-15,Wednesday,2023-02-16,Yeola,Nil,Maharashtra,"20.04103679373564, 74.48479123416908",CAR,TRUCK,1,5,,MALE,SH,Others,20.04103679373564,74.48479123416908,,,,,VEHICLE,2023,2,2
1757,February,2023-02-16,Thursday,2023-02-17,Chitrakoot,Nil,Madhya Pradesh,"25.183601540650407, 80.86848391398587",CAR,CAR,5,6,,,SH,Hit From Back,25.183601540650407,80.86848391398587,,,,,VEHICLE,2023,2,3
1762,February,2023-02-17,Friday,2023-02-19,Kolhapur,Nil,Maharashtra,"16.702486802598482, 74.23166689391631",TWO WHEELER,UNIDENTIFIED,1,0,17,MALE,SH,Hit and Run,16.702486802598482,74.23166689391631,1.0,17.0,17.0,17.0,UNKNOWN,2023,2,4
1766,February,2023-02-19,Sunday,2023-02-20,Adgaon,Nashik,Maharashtra,"20.036813704707924, 73.86492458204242",PEDESTRIAN,TRACTOR,1,0,2,FEMALE,NH,Hit and Run,20.036813704707924,73.86492458204242,1.0,2.0,2.0,2.0,VEHICLE,2023,2,6
1769,February,2023-02-20,Monday,2023-02-21,Gejjalagere,Nil,Karnataka,"12.56873552909432, 76.99957709538816",CAR,TRUCK,2,3,,,NH,Hit From Back,12.56873552909432,76.99957709538816,,,,,VEHICLE,2023,2,0
1770,February,2023-02-21,Tuesday,2023-02-22,Kharar,Nil,Punjab,"30.75141030221946, 76.63601616448382",CAR,CAR,5,0,,,NH,Others,30.75141030221946,76.63601616448382,,,,,VEHICLE,2023,2,1
1771,February,2023-02-21,Tuesday,2023-02-22,Komarada,Nil,Andhra Pradesh,"18.898332862512962, 83.4606423789674",AUTO RICKSHAW,CAR,5,6,,BOTH,SH,Hit From Back,18.89833286251296,83.4606423789674,,,,,VEHICLE,2023,2,1
1772,February,2023-02-21,Tuesday,2023-02-23,Anakapalle,Nil,Andhra Pradesh,"17.69075654219841, 82.99665423162367",TWO WHEELER,BUS,1,0,21,MALE,SH,Head On Collision,17.69075654219841,82.99665423162367,1.0,21.0,21.0,21.0,VEHICLE,2023,2,1
1775,February,2023-02-22,Wednesday,2023-02-23,Sikandra Rao,Nil,Uttar Pradesh,"27.68302557586188, 78.38330210747289",BUS,NIL,1,21,,,NH,Run Off Road,27.68302557586188,78.38330210747289,,,,,UNKNOWN,2023,2,2
1776,February,2023-02-22,Wednesday,2023-02-23,Erahalli,Nil,Tamil Nadu,"12.400595787495737, 78.21790335543135",TRACTOR,CAR,5,0,,,NH,Head On Collision,12.400595787495735,78.21790335543135,,,,,VEHICLE,2023,2,2
1779,February,2023-02-23,Thursday,2023-02-24,Puzhal,Chennai,Tamil Nadu,"13.163129541101052, 80.20278569515968",TWO WHEELER,TRUCK,1,1,25,BOTH,NH,With Parked Vehicle,13.163129541101052,80.20278569515968,1.0,25.0,25.0,25.0,VEHICLE,2023,2,3
1782,February,2023-02-24,Friday,2023-02-25,Badaun,Nil,Uttar Pradesh,"28.035118796368014, 79.12208580926463",TRACTOR,NIL,1,12,12,MALE,NH,Run Off Road,28.03511879636801,79.12208580926463,1.0,12.0,12.0,12.0,UNKNOWN,2023,2,4
1785,February,2023-02-24,Friday,2023-02-25,Dharmavaram,Nil,Andhra Pradesh,"14.410595240898246, 77.71677105329138",CAR,BUS,2,12,,,SH,Head On Collision,14.410595240898246,77.71677105329138,,,,,VEHICLE,2023,2,4
1791,February,2023-02-26,Sunday,2023-02-27,Yikhum,Nil,Nagaland,"26.14836788390282, 94.25190209751244",CAR,NIL,3,0,,MALE,SH,Run Off Road,26.14836788390282,94.25190209751244,,,,,UNKNOWN,2023,2,6
1792,February,2023-02-27,Monday,2023-02-28,Mathura,Nil,Uttar Pradesh,"27.48540830302259, 77.68420701981113",TWO WHEELER,UNIDENTIFIED,2,1,,BOTH,SH,Hit and Run,27.48540830302259,77.68420701981113,,,,,UNKNOWN,2023,2,0
1793,February,2023-02-27,Monday,2023-02-28,Antroli,Nil,Gujarat,"21.323118202859387, 72.94009101091191",PEDESTRIAN,TRUCK,4,1,,,SH,Hit and Run,21.323118202859387,72.94009101091191,,,,,VEHICLE,2023,2,0
1794,February,2023-02-27,Monday,2023-02-28,Manekpor,Nil,Gujarat,"21.099785932985778, 73.23359911090596",TWO WHEELER,NIL,2,0,,MALE,NH,Run Off Road,21.099785932985775,73.23359911090596,,,,,UNKNOWN,2023,2,0
1796,February,2023-02-27,Monday,2023-02-28,Ujjain,Nil,Madhya Pradesh,"23.172463206948912, 75.7938766040389",TWO WHEELER,CAR,2,1,,,SH,Others,23.172463206948912,75.7938766040389,,,,,VEHICLE,2023,2,0
1799,March,2023-03-01,Wednesday,2023-03-01,Achru Ladhora,Nil,Uttar Pradesh,"27.532641662667373, 77.76155895227633",TWO WHEELER,UNIDENTIFIED,2,1,"32,30",BOTH,NH,Hit and Run,27.532641662667373,77.76155895227633,2.0,31.0,30.0,32.0,UNKNOWN,2023,3,2
1801,March,2023-02-28,Tuesday,2023-03-02,Narpoli,Nil,Maharashtra,"19.28721340063112, 73.05359494857555",TWO WHEELER,TRUCK,2,0,"26,26",MALE,NH,Hit and Run,19.28721340063112,73.05359494857555,2.0,26.0,26.0,26.0,VEHICLE,2023,2,1
1804,March,2023-03-03,Friday,2023-03-04,Madurantkam,Nil,Tamil Nadu,"12.506301421564855, 79.87983197057235",CAR,TRUCK,2,1,"35,30",BOTH,NH,Head On Collision,12.506301421564856,79.87983197057235,2.0,32.5,30.0,35.0,VEHICLE,2023,3,4
1805,March,2023-03-03,Friday,2023-03-04,Maraimalai Nagar,Nil,Tamil Nadu,"12.781820796354866, 80.01247029114411",TWO WHEELER,TRUCK,2,0,"35,28",MALE,NH,Hit From Side,12.781820796354866,80.01247029114411,2.0,31.5,28.0,35.0,VEHICLE,2023,3,4
1806,March,2023-03-02,Thursday,2023-03-03,Rajendra Nagar,Gaziabad,Uttar Pradesh,"28.677641124586483, 77.35772429579728",PEDESTRIAN,CAR,1,0,35,MALE,SH,Hit and Run,28.677641124586483,77.35772429579728,1.0,35.0,35.0,35.0,VEHICLE,2023,3,3
1809,March,2023-03-04,Saturday,2023-03-05,Chandan,Nil,Rajasthan,"26.99153819715475, 71.3139033954726",TWO WHEELER,UNIDENTIFIED,1,0,22,MALE,NH,Hit and Run,26.99153819715475,71.3139033954726,1.0,22.0,22.0,22.0,UNKNOWN,2023,3,5
1813,March,2023-03-05,Sunday,2023-03-06,Jaspur,Nil,Uttarakhand,"29.278219403602304, 78.83104556181792",TWO WHEELER,TRACTOR,1,3,35,MALE,NH,Head On Collision,29.278219403602304,78.83104556181792,1.0,35.0,35.0,35.0,VEHICLE,2023,3,6
1818,March,2023-03-06,Monday,2023-03-07,Dharampur,Nil,Himachal Pradesh,"30.899531332832087, 77.02292180786368",PEDESTRIAN,CAR,5,4,,,NH,Hit and Run,30.899531332832087,77.02292180786368,,,,,VEHICLE,2023,3,0
1819,March,2023-03-06,Monday,2023-03-08,Tikamgarh,Nil,Madhya Pradesh,"24.752130921540008, 78.83266744348137",CAR,NIL,5,8,,,NH,Run Off Road,24.752130921540008,78.83266744348137,,,,,UNKNOWN,2023,3,0
1820,March,2023-03-05,Sunday,2023-03-08,Nalgonda,Nil,Telangana,"17.05400888550831, 79.26573834777881",TWO WHEELER,LORRY,2,1,"38,18",BOTH,SH,Hit From Back,17.05400888550831,79.26573834777881,2.0,28.0,18.0,38.0,VEHICLE,2023,3,6
1822,March,2023-03-07,Tuesday,2023-03-08,Sirmaur,Nil,Himachal Pradesh,"30.50914220674196, 77.36354745539467",CAR,NIL,3,0,,,NH,Run Off Road,30.50914220674196,77.36354745539467,,,,,UNKNOWN,2023,3,1
1824,March,2023-03-08,Wednesday,2023-03-09,Kattankulathur,Nil,Tamil Nadu,"12.816215625950617, 80.03410672422817",PEDESTRIAN,TWO WHEELER,1,1,20,BOTH,NH,Hit and Run,12.816215625950615,80.03410672422817,1.0,20.0,20.0,20.0,VEHICLE,2023,3,2
1828,March,2023-03-09,Thursday,2023-03-10,Hamirpur,Nil,Uttar Pradesh,"25.952207042130503, 80.15526426751072",CAR,TREE,1,0,22,MALE,SH,Fixed Object Collision,25.952207042130503,80.15526426751072,1.0,22.0,22.0,22.0,OBJECT,2023,3,3
1834,March,2023-03-10,Friday,2023-03-11,Mahasamund,Nil,Chhattisgarh,"21.112165780566855, 82.09571512439688",TWO WHEELER,CAR,2,0,,MALE,NH,Hit From Back,21.11216578056685,82.09571512439688,,,,,VEHICLE,2023,3,4
1836,March,2023-03-10,Friday,2023-03-11,Katghora,Nil,Chhattisgarh,"22.504628255909914, 82.54522766676159",TWO WHEELER,TRUCK,3,0,,,NH,Head On Collision,22.504628255909918,82.54522766676159,,,,,VEHICLE,2023,3,4
1837,March,2023-03-10,Friday,2023-03-11,Bilaspur,Nil,Chhattisgarh,"22.079494679854644, 82.14030363605772",TWO WHEELER,NIL,1,0,28,MALE,NH,Run Off Road,22.079494679854644,82.14030363605772,1.0,28.0,28.0,28.0,UNKNOWN,2023,3,4
1838,March,2023-03-09,Thursday,2023-03-11,Sukhi Sewaniya,Nil,Madhya Pradesh,"23.352465678952587, 77.48584369376677",PEDESTRIAN,TRUCK,1,0,35,MALE,SH,Hit and Run,23.352465678952587,77.48584369376677,1.0,35.0,35.0,35.0,VEHICLE,2023,3,3
1839,March,2023-03-10,Friday,2023-03-11,Raghukul chowk,Nagpur,Maharashtra,"21.128438672968088, 79.11308059556073",PEDESTRIAN,CAR,1,0,21,MALE,SH,Hit and Run,21.128438672968088,79.11308059556073,1.0,21.0,21.0,21.0,VEHICLE,2023,3,4
1847,March,2023-03-11,Saturday,2023-03-13,Jamui,Nil,Bihar,"24.921858626918695, 86.22392053428582",AUTO RICKSHAW,TRUCK,2,11,2,,NH,Head On Collision,24.92185862691869,86.22392053428582,1.0,2.0,2.0,2.0,VEHICLE,2023,3,5
1848,March,2023-03-12,Sunday,2023-03-13,Pallavaram,Chennai,Tamil Nadu,"12.971856332312628, 80.15111063772092",TWO WHEELER,LORRY,1,0,25,MALE,SH,Head On Collision,12.971856332312628,80.15111063772092,1.0,25.0,25.0,25.0,VEHICLE,2023,3,6
1849,March,2023-03-11,Saturday,2023-03-13,Sultanpuri,Nil,Uttar Pradesh,"26.248046876868372, 82.04854952826037",CAR,TRUCK,5,0,,,NH,Head On Collision,26.24804687686837,82.04854952826037,,,,,VEHICLE,2023,3,5
1853,March,2023-03-14,Tuesday,2023-03-15,Sunam,Nil,Punjab,"30.133160901191047, 75.79733969585159",CAR,CAR,4,4,,,SH,Head On Collision,30.133160901191047,75.79733969585159,,,,,VEHICLE,2023,3,1
1857,March,2023-03-15,Wednesday,2023-03-16,Bhumikanagar,Nil,Goa,"15.413179533185945, 74.08072808719616",CAR,NIL,1,3,31,MALE,NH,Run Off Road,15.413179533185945,74.08072808719616,1.0,31.0,31.0,31.0,UNKNOWN,2023,3,2
1859,March,2023-03-14,Tuesday,2023-03-16,Lawada Toll,Nil,Madhya Pradesh,"21.859620821365688, 80.10667517124682",TWO WHEELER,TRUCK,2,0,"35,55",BOTH,NH,Hit From Back,21.859620821365688,80.10667517124682,2.0,45.0,35.0,55.0,VEHICLE,2023,3,1
1862,March,2023-03-17,Friday,2023-03-18,Mangaluru,Nil,Karnataka,"12.92509655490791, 74.86017670756665",TWO WHEELER,TRUCK,2,0,"66,17",BOTH,SH,Hit From Back,12.92509655490791,74.86017670756665,2.0,41.5,17.0,66.0,VEHICLE,2023,3,4
1866,March,2023-03-17,Friday,2023-03-19,Uppal,Hyderabad,Telangana,"17.40143950321319, 78.56118302395446",PEDESTRIAN,TRUCK,1,0,34,MALE,NH,Hit and Run,17.40143950321319,78.56118302395446,1.0,34.0,34.0,34.0,VEHICLE,2023,3,4
1867,March,2023-03-18,Saturday,2023-03-20,Palakonda,Nil,Andhra Pradesh,"18.598929531576108, 83.75998195480416",TWO WHEELER,TRACTOR,1,0,22,MALE,SH,Hit From Back,18.598929531576108,83.75998195480416,1.0,22.0,22.0,22.0,VEHICLE,2023,3,5
1869,March,2023-03-20,Monday,2023-03-21,Puzhal,Chennai,Tamil Nadu,"13.163475782988757, 80.20261466026616",PEDESTRIAN,UNIDENTIFIED,1,0,74,FEMALE,NH,Hit and Run,13.163475782988757,80.20261466026616,1.0,74.0,74.0,74.0,UNKNOWN,2023,3,0
1870,March,2023-03-20,Monday,2023-03-21,Malkapur,Nil,Maharashtra,"20.88764173542081, 76.20258696969705",PEDESTRIAN,BUS,1,0,51,MALE,NH,Hit and Run,20.88764173542081,76.20258696969705,1.0,51.0,51.0,51.0,VEHICLE,2023,3,0
1871,March,2023-03-21,Tuesday,2023-03-22,Bagnan,Nil,West Bengal,"22.46929481714896, 87.97077795802866",CAR,BUS,3,9,,,NH,Head On Collision,22.46929481714896,87.97077795802866,,,,,VEHICLE,2023,3,1
1872,March,2023-03-21,Tuesday,2023-03-22,Pannamgadu,Nil,Andhra Pradesh,"13.498775573490473, 80.09824666138948",TWO WHEELER,DIVIDER,2,0,"25,26",MALE,NH,Fixed Object Collision,13.498775573490471,80.09824666138948,2.0,25.5,25.0,26.0,OBJECT,2023,3,1
1874,March,2023-03-22,Wednesday,2023-03-23,Pavagarh,Nil,Gujarat,"22.47752553098864, 73.54509718025132",CAR,TRUCK,2,0,,MALE,SH,With Parked Vehicle,22.47752553098864,73.54509718025132,,,,,VEHICLE,2023,3,2
1877,March,2023-03-23,Thursday,2023-03-24,Rau Circle,Indore,Madhya Pradesh,"22.628736104053228, 75.80688630526035",TWO WHEELER,TRUCK,2,2,"28,6",BOTH,NH,Head On Collision,22.628736104053228,75.80688630526035,2.0,17.0,6.0,28.0,VEHICLE,2023,3,3
1879,March,2023-03-23,Thursday,2023-03-24,Kattankulathur,Nil,Tamil Nadu,"12.817659303042586, 80.03492212422816",CAR,TRUCK,1,4,,,NH,Hit From Back,12.817659303042586,80.03492212422816,,,,,VEHICLE,2023,3,3
1880,March,2023-03-24,Friday,2023-03-25,Khai Pheme ki,Nil,Punjab,"30.90792911127208, 74.54982229588168",CAR,BUS,4,10,,,SH,Head On Collision,30.90792911127208,74.54982229588168,,,,,VEHICLE,2023,3,4
1881,March,2023-03-24,Friday,2023-03-25,Betma,Nil,Madhya Pradesh,"22.6810038446497, 75.61568141314599",TWO WHEELER,CAR,1,1,55,MALE,NH,Hit From Side,22.6810038446497,75.61568141314599,1.0,55.0,55.0,55.0,VEHICLE,2023,3,4
1883,March,2023-03-25,Saturday,2023-03-26,Pali,Nil,Rajasthan,"25.774432346096834, 73.32995743987973",CAR,TRUCK,3,0,,BOTH,SH,Hit From Back,25.774432346096837,73.32995743987973,,,,,VEHICLE,2023,3,5
1884,March,2023-03-25,Saturday,2023-03-26,Pali,Nil,Rajasthan,"25.8045257901479, 73.32847181963568",TWO WHEELER,CAR,1,1,,BOTH,SH,Hit From Back,25.8045257901479,73.32847181963568,,,,,VEHICLE,2023,3,5
1886,March,2023-03-24,Friday,2023-03-26,Dahod,Nil,Gujarat,"22.837367790515938, 74.25489130462206",PEDESTRIAN,BUS,1,1,,MALE,SH,Hit and Run,22.837367790515938,74.25489130462206,,,,,VEHICLE,2023,3,4
1890,March,2023-03-26,Sunday,2023-03-27,Etawah,Nil,Uttar Pradesh,"26.79098194522772, 79.03458473991348",PEDESTRIAN,CAR,2,0,"60,65",FEMALE,NH,Hit and Run,26.79098194522772,79.03458473991348,2.0,62.5,60.0,65.0,VEHICLE,2023,3,6
1892,March,2023-03-26,Sunday,2023-03-27,Maduravoyal,Chennai,Tamil Nadu,"13.064098973502292, 80.17009086655877",TWO WHEELER,TRUCK,1,0,24,MALE,NH,Head On Collision,13.064098973502292,80.17009086655877,1.0,24.0,24.0,24.0,VEHICLE,2023,3,6
1897,March,2023-03-29,Wednesday,2023-03-29,Mylaram,Nil,Telangana,"17.679892061174687, 79.60535739547875",TRACTOR,BUS,1,2,,MALE,NH,Head On Collision,17.679892061174687,79.60535739547875,,,,,VEHICLE,2023,3,2
1898,March,2023-03-29,Wednesday,2023-03-30,Nanded,Nil,Maharashtra,"19.125838739849623, 77.31349003362546",AUTO RICKSHAW,TRUCK,5,8,,,NH,Head On Collision,19.125838739849623,77.31349003362546,,,,,VEHICLE,2023,3,2
1899,March,2023-03-29,Wednesday,2023-03-30,Mohali,Chandigarh,Punjab,"30.714828436522865, 76.6912179763154",CAR,TRUCK,1,0,,FEMALE,NH,With Parked Vehicle,30.714828436522865,76.6912179763154,,,,,VEHICLE,2023,3,2
1900,March,2023-03-29,Wednesday,2023-03-30,Chalivagu,Nil,Telangana,"18.157311206356123, 79.71528494917405",TRACTOR,CAR,2,15,"48,50",MALE,NH,Head On Collision,18.157311206356123,79.71528494917405,2.0,49.0,48.0,50.0,VEHICLE,2023,3,2
1901,March,2023-03-30,Thursday,2023-03-31,Sasan Sambalpur,Nil,Odisha,"21.49482897114961, 83.9803901090609",CAR,NIL,7,4,,,NH,Run Off Road,21.49482897114961,83.9803901090609,,,,,UNKNOWN,2023,3,3
1902,March,2023-03-30,Thursday,2023-03-31,Yelahanka,Bengaluru,Karnataka,"13.11689003429553, 77.60816184447648",TWO WHEELER,DIVIDER,2,0,"55,48",MALE,NH,Fixed Object Collision,13.11689003429553,77.60816184447648,2.0,51.5,48.0,55.0,OBJECT,2023,3,3
1903,March,2023-03-30,Thursday,2023-03-31,Kapren,Nil,Rajasthan,"25.403040552793772, 76.07311316141266",TWO WHEELER,AMBULANCE,2,2,"30,27",BOTH,SH,Head On Collision,25.40304055279377,76.07311316141266,2.0,28.5,27.0,30.0,VEHICLE,2023,3,3
1904,March,2023-03-30,Thursday,2023-03-31,Rajam,Nil,Andhra Pradesh,"18.450406516026728, 83.65679589361318",PEDESTRIAN,BUS,1,0,60,MALE,SH,Head On Collision,18.450406516026728,83.65679589361318,1.0,60.0,60.0,60.0,VEHICLE,2023,3,3
1905,March,2023-03-30,Thursday,2023-03-31,Payakaraopeta,Nil,Andhra Pradesh,"17.367120596620456, 82.55921143706841",CAR,LORRY,2,4,,BOTH,NH,With Parked Vehicle,17.367120596620456,82.55921143706841,,,,,VEHICLE,2023,3,3
1910,April,2023-03-31,Friday,2023-04-01,Phaphamau bridge,Allahabad,Uttar Pradesh,"25.505211697365453, 81.86680967789664",TRUCK,TRUCK,3,0,,,NH,Head On Collision,25.505211697365453,81.86680967789664,,,,,VEHICLE,2023,3,4
1913,April,2023-04-02,Sunday,2023-04-02,ITBP Camp,Nil,Uttarakhand,"30.739160261180874, 78.38705460367342",BUS,NIL,2,38,,,NH,Run Off Road,30.739160261180874,78.38705460367342,,,,,UNKNOWN,2023,4,6
1917,April,2023-04-02,Sunday,2023-04-02,Keshav Puram,Delhi,Delhi,"28.689752185182716, 77.15284853969729",TWO WHEELER,CRANE,1,1,15,MALE,SH,Others,28.68975218518272,77.15284853969729,1.0,15.0,15.0,15.0,VEHICLE,2023,4,6
1918,April,2023-04-03,Monday,2023-04-03,Gujuwaka Police Station,Vizag,Andhra Pradesh,"17.683412580042823, 83.19348971455995",TWO WHEELER,LORRY,1,1,20,MALE,SH,Head On Collision,17.683412580042823,83.19348971455995,1.0,20.0,20.0,20.0,VEHICLE,2023,4,0
1922,April,2023-04-03,Monday,2023-04-04,SGVP Campus,Ahmedabad,Gujarat,"23.131001744185244, 72.54113402849829",PEDESTRIAN,CAR,1,0,83,MALE,NH,Hit and Run,23.131001744185244,72.54113402849829,1.0,83.0,83.0,83.0,VEHICLE,2023,4,0
1924,April,2023-04-02,Sunday,2023-04-04,Sabarapalya,Nil,Karnataka,"13.21270671326738, 77.25706492244831",TWO WHEELER,CAR,2,0,"47,4",BOTH,NH,Hit From Back,13.21270671326738,77.25706492244831,2.0,25.5,4.0,47.0,VEHICLE,2023,4,6
1925,April,2023-04-04,Tuesday,2023-04-05,Baroj,Nil,Maharashtra,"18.747029322036084, 73.50182810952452",CAR,TRUCK,2,2,"48,61",MALE,NH,Hit From Back,18.747029322036084,73.50182810952452,2.0,54.5,48.0,61.0,VEHICLE,2023,4,1
1929,April,2023-04-02,Sunday,2023-04-06,Samruddhi Flyover,Nil,Maharashtra,"19.970868187894858, 75.37618209267553",TWO WHEELER,NIL,1,0,35,MALE,NH,Run Off Road,19.970868187894855,75.37618209267553,1.0,35.0,35.0,35.0,UNKNOWN,2023,4,6
1930,April,2023-04-06,Thursday,2023-04-06,Kuano Road,Nil,Uttar Pradesh,"27.386658313776113, 82.11578040716533",BUS,NIL,1,19,,,NH,Run Off Road,27.386658313776117,82.11578040716533,,,,,UNKNOWN,2023,4,3
1937,April,2023-04-06,Thursday,2023-04-07,Kathumar,Nil,Rajasthan,"27.31843744177335, 77.07591526839532",TRACTOR,AUTO RICKSHAW,4,0,"40,14,12,11",BOTH,SH,Others,27.31843744177335,77.07591526839532,4.0,19.25,11.0,40.0,VEHICLE,2023,4,3
1940,April,2023-04-06,Thursday,2023-04-08,Chandwara,Nil,Jharkhand,"24.403106862417058, 85.48702862929295",CAR,TRUCK,4,0,"65,60,82",BOTH,NH,Head On Collision,24.403106862417054,85.48702862929295,3.0,69.0,60.0,82.0,VEHICLE,2023,4,3
1949,April,2023-04-09,Sunday,2023-04-10,Ambattukavu,Nil,Kerala,"10.07952354475091, 76.33883575117814",TWO WHEELER,NIL,2,0,"29,23",MALE,NH,Run Off Road,10.07952354475091,76.33883575117814,2.0,26.0,23.0,29.0,UNKNOWN,2023,4,6
1951,April,2023-04-09,Sunday,2023-04-11,Mangalagiri Bypass,Nil,Andhra Pradesh,"16.426747366165387, 80.57701701134462",TWO WHEELER,DIVIDER,1,1,,MALE,SH,Fixed Object Collision,16.426747366165387,80.57701701134462,,,,,OBJECT,2023,4,6
1952,April,2023-04-09,Sunday,2023-04-11,Charmadi Ghat,Nil,Karnataka,"13.0896434371692, 75.47440086657268",CAR,NIL,1,5,64,FEMALE,NH,Run Off Road,13.0896434371692,75.47440086657268,1.0,64.0,64.0,64.0,UNKNOWN,2023,4,6
1953,April,2023-04-10,Monday,2023-04-11,JDB Girls College,Kota,Rajasthan,"25.189212091448756, 75.85805363621088",BICYCLE,TRUCK,1,0,56,MALE,NH,Hit From Back,25.18921209144876,75.85805363621088,1.0,56.0,56.0,56.0,VEHICLE,2023,4,0
1960,April,2023-04-12,Wednesday,2023-04-13,Bhatwari,Nil,Uttarakhand,"30.816682624096508, 78.6185180761094",CAR,NIL,1,2,50,MALE,NH,Run Off Road,30.816682624096508,78.6185180761094,1.0,50.0,50.0,50.0,UNKNOWN,2023,4,2
1962,April,2023-04-12,Wednesday,2023-04-14,Jakribettu,Nil,Karnataka,"12.90262406918254, 75.05241391074983",TWO WHEELER,BUS,1,0,34,MALE,NH,Hit From Back,12.90262406918254,75.05241391074983,1.0,34.0,34.0,34.0,VEHICLE,2023,4,2
1963,April,2023-04-12,Wednesday,2023-04-14,KPT Junction,Nil,Karnataka,"12.890603343285644, 74.8542449298",PEDESTRIAN,CAR,1,0,67,MALE,NH,Hit and Run,12.890603343285644,74.8542449298,1.0,67.0,67.0,67.0,VEHICLE,2023,4,2
1964,April,2023-04-12,Wednesday,2023-04-14,Vatika Chowk,Nil,Haryana,"28.40132736898762, 77.04484494982212",TWO WHEELER,TRUCK,1,1,22,BOTH,NH,With Parked Vehicle,28.40132736898762,77.04484494982212,1.0,22.0,22.0,22.0,VEHICLE,2023,4,2
1966,April,2023-04-14,Friday,2023-04-14,Sampaje Ghat,Nil,Karnataka,"12.493297355734947, 75.56675563538025",CAR,BUS,6,2,60,BOTH,NH,Head On Collision,12.493297355734947,75.56675563538025,1.0,60.0,60.0,60.0,VEHICLE,2023,4,4
1967,April,2023-04-14,Friday,2023-04-14,Sira,Nil,Karnataka,"13.749242545427194, 76.89773046669693",CAR,BUS,5,7,,BOTH,NH,Head On Collision,13.749242545427194,76.89773046669693,,,,,VEHICLE,2023,4,4
1968,April,2023-04-14,Friday,2023-04-14,Balighattam,Nil,Andhra Pradesh,"17.65181220101838, 82.60479552737301",TWO WHEELER,NIL,1,0,25,MALE,SH,Run Off Road,17.65181220101838,82.60479552737301,1.0,25.0,25.0,25.0,UNKNOWN,2023,4,4
1971,April,2023-04-14,Friday,2023-04-14,Sahnewal Chowk,Nil,Punjab,"30.837589439206663, 75.9713340767604",PEDESTRIAN,CAR,1,2,60,,SH,Hit and Run,30.837589439206663,75.9713340767604,1.0,60.0,60.0,60.0,VEHICLE,2023,4,4
1977,April,2023-04-16,Sunday,2023-04-16,Itikyala,Nil,Telangana,"16.08612490848828, 77.897145670451",CAR,NIL,1,0,52,FEMALE,NH,Run Off Road,16.08612490848828,77.897145670451,1.0,52.0,52.0,52.0,UNKNOWN,2023,4,6
1980,April,2023-04-15,Saturday,2023-04-17,Kothapalli Cross,Nil,Andhra Pradesh,"13.873371243859461, 79.38325475494909",CAR,CAR,4,0,"65,41,60,35",BOTH,NH,Head On Collision,13.87337124385946,79.38325475494909,4.0,50.25,35.0,65.0,VEHICLE,2023,4,5
1982,April,2023-04-16,Sunday,2023-04-17,Varadaiahpalem,Nil,Andhra Pradesh,"13.599821645066168, 79.93485739431621",TWO WHEELER,TWO WHEELER,2,0,"21,18",MALE,SH,Head On Collision,13.599821645066168,79.93485739431621,2.0,19.5,18.0,21.0,VEHICLE,2023,4,6
1983,April,2023-04-16,Sunday,2023-04-17,Tripayar,Nil,Kerala,"10.415109843665219, 76.10703178694608",CAR,BUS,3,2,"81,79,11",BOTH,NH,Head On Collision,10.41510984366522,76.10703178694608,3.0,57.0,11.0,81.0,VEHICLE,2023,4,6
1985,April,2023-04-16,Sunday,2023-04-18,Dhakerwa,Nil,Uttar Pradesh,"28.1715609742706, 80.98955873120727",TWO WHEELER,TRACTOR,2,4,"30,6",MALE,SH,With Parked Vehicle,28.1715609742706,80.98955873120727,2.0,18.0,6.0,30.0,VEHICLE,2023,4,6
1987,April,2023-04-15,Saturday,2023-04-18,Chinchwad,Pune,Maharashtra,"18.640559983337212, 73.79345917935015",TWO WHEELER,AUTO RICKSHAW,1,0,68,MALE,NH,Head On Collision,18.64055998333721,73.79345917935015,1.0,68.0,68.0,68.0,VEHICLE,2023,4,5
1988,April,2023-04-18,Tuesday,2023-04-19,Kadaba,Nil,Karnataka,"12.746682356544753, 75.47992051573739",CAR,CAR,4,20,"28,28,26,4",BOTH,SH,Head On Collision,12.746682356544753,75.47992051573739,4.0,21.5,4.0,28.0,VEHICLE,2023,4,1
1992,April,2023-04-17,Monday,2023-04-19,Shri Dungargarh,Nil,Rajasthan,"28.0877536839245, 74.00482260614261",TWO WHEELER,TWO WHEELER,3,0,1,MALE,NH,Head On Collision,28.0877536839245,74.00482260614261,1.0,1.0,1.0,1.0,VEHICLE,2023,4,0
1993,April,2023-04-17,Monday,2023-04-19,Bisau Road,Nil,Rajasthan,"28.25342850921654, 75.0568469487743",BUS,TRUCK,2,4,"49,44",,SH,Head On Collision,28.25342850921654,75.0568469487743,2.0,46.5,44.0,49.0,VEHICLE,2023,4,0
1999,April,2023-04-18,Tuesday,2023-04-20,Jawaddi Kalan,Ludhiana,Punjab,"30.883091935887933, 75.83132948802441",TWO WHEELER,TRUCK,1,0,19,FEMALE,NH,Hit From Back,30.883091935887933,75.83132948802441,1.0,19.0,19.0,19.0,VEHICLE,2023,4,1
2000,April,2023-04-20,Thursday,2023-04-21,Faizganj,Nil,Uttar Pradesh,"28.382981757124575, 78.84840823954143",VAN,TRUCK,3,1,"50,20,22",MALE,SH,Others,28.382981757124572,78.84840823954143,3.0,30.666666666666668,20.0,50.0,VEHICLE,2023,4,3
2003,April,2023-04-20,Thursday,2023-04-21,Nandikandi,Nil,Telangana,"17.61320385456023, 77.99287683256648",PEDESTRIAN,LORRY,2,1,"14,6",MALE,NH,Hit and Run,17.61320385456023,77.99287683256648,2.0,10.0,6.0,14.0,VEHICLE,2023,4,3
2004,April,2023-04-21,Friday,2023-04-22,Gorakhpur,Nil,Uttar Pradesh,"26.755430201364007, 83.37249397249452",BUS,TRUCK,7,40,"15,35,18",,NH,Head On Collision,26.755430201364007,83.37249397249452,3.0,22.666666666666668,15.0,35.0,VEHICLE,2023,4,4
2006,April,2023-04-20,Thursday,2023-04-22,Manikandam,Nil,Tamil Nadu,"10.739353025557556, 78.63788096856274",PEDESTRIAN,CAR,1,0,38,FEMALE,NH,Hit and Run,10.739353025557556,78.63788096856274,1.0,38.0,38.0,38.0,VEHICLE,2023,4,3
2007,April,2023-04-20,Thursday,2023-04-22,Manachanallur,Nil,Tamil Nadu,"10.912790837142484, 78.70051098654667",PEDESTRIAN,CAR,1,0,52,MALE,SH,Hit and Run,10.912790837142484,78.70051098654667,1.0,52.0,52.0,52.0,VEHICLE,2023,4,3
2011,April,2023-04-21,Friday,2023-04-23,Jamtha,Nil,Maharashtra,"21.03125373108368, 78.99767998571575",TWO WHEELER,TRUCK,1,1,26,MALE,NH,Hit From Back,21.03125373108368,78.99767998571575,1.0,26.0,26.0,26.0,VEHICLE,2023,4,4
2014,April,2023-04-22,Saturday,2023-04-23,Poopara,Nil,Kerala,"9.98049413789311, 77.21153829474197",BUS,NIL,3,17,"59,70,8",BOTH,NH,Run Off Road,9.98049413789311,77.21153829474197,3.0,45.666666666666664,8.0,70.0,UNKNOWN,2023,4,5
2022,April,2023-04-24,Monday,2023-04-25,Tehri,Nil,Uttarakhand,"30.385630179703266, 78.47090234457103",CAR,GORGE,2,2,"38,30",BOTH,NH,Vehicle Overturn,30.385630179703263,78.47090234457103,2.0,34.0,30.0,38.0,OBJECT,2023,4,0
2028,April,2023-04-25,Tuesday,2023-04-26,Mangod,Nil,Madhya Pradesh,"22.586354236800176, 75.11984992774293",TWO WHEELER,TRUCK,1,5,25,,NH,Others,22.586354236800176,75.11984992774293,1.0,25.0,25.0,25.0,VEHICLE,2023,4,1
2029,April,2023-04-26,Wednesday,2023-04-27,Motichur,Nil,Uttarakhand,"29.986002902454587, 78.18459396329668",TWO WHEELER,BUS,3,0,"30,30,10",BOTH,NH,Hit From Back,29.986002902454587,78.18459396329668,3.0,23.333333333333332,10.0,30.0,VEHICLE,2023,4,2
2032,April,2023-04-26,Wednesday,2023-04-28,Vanthalamamidi,Nil,Andhra Pradesh,"17.956500778564017, 82.73723287990069",CAR,GORGE,3,1,"55,50,35",BOTH,SH,Vehicle Overturn,17.956500778564017,82.73723287990069,3.0,46.666666666666664,35.0,55.0,OBJECT,2023,4,2
2034,April,2023-04-27,Thursday,2023-04-28,Nattika,Nil,Kerala,"10.428512094451971, 76.10076900553693",CAR,TRUCK,2,4,"18,20",MALE,NH,Others,10.428512094451971,76.10076900553693,2.0,19.0,18.0,20.0,VEHICLE,2023,4,3
2035,April,2023-04-27,Thursday,2023-04-28,Valapad,Nil,Kerala,"10.398528070416612, 76.11468661815233",TWO WHEELER,WALL,1,0,23,MALE,NH,Fixed Object Collision,10.398528070416612,76.11468661815233,1.0,23.0,23.0,23.0,OBJECT,2023,4,3
2039,April,2023-04-28,Friday,2023-04-28,Lohia Nagar,Meerut,Uttar Pradesh,"28.93667478005163, 77.72695015884814",TWO WHEELER,TRUCK,2,0,"45,26",BOTH,NH,Head On Collision,28.93667478005163,77.72695015884814,2.0,35.5,26.0,45.0,VEHICLE,2023,4,4
2041,April,2023-04-28,Friday,2023-04-29,Saragaon,Nil,Chhattisgarh,"21.36786556812, 81.80450461787673",CAR,TRUCK,3,3,"38,16,55",BOTH,NH,Others,21.36786556812,81.80450461787673,3.0,36.333333333333336,16.0,55.0,VEHICLE,2023,4,4
2042,April,2023-04-29,Saturday,2023-04-29,Dungi Nala,Nil,Jammu,"33.141788957037114, 74.02397721149029",AMBULANCE,GORGE,2,0,6,MALE,SH,Vehicle Overturn,33.141788957037114,74.02397721149029,1.0,6.0,6.0,6.0,OBJECT,2023,4,5
2043,April,2023-04-28,Friday,2023-04-29,Siwana Bypass Road,Nil,Rajasthan,"25.81081235325925, 72.58025094335498",PEDESTRIAN,UNIDENTIFIED,1,0,55,MALE,SH,Hit and Run,25.81081235325925,72.58025094335498,1.0,55.0,55.0,55.0,UNKNOWN,2023,4,4
2044,April,2023-04-28,Friday,2023-04-29,Loonwa Jageer,Nil,Rajasthan,"25.249384424455496, 71.87864711475676",PEDESTRIAN,CAR,1,0,,FEMALE,SH,Hit and Run,25.249384424455496,71.87864711475676,,,,,VEHICLE,2023,4,4
2046,April,2023-04-29,Saturday,2023-04-30,SH 29 Saidpur,Nil,Uttar Pradesh,"28.672552692420048, 79.84303160847519",TWO WHEELER,CAR,2,0,"42,18",BOTH,SH,Head On Collision,28.672552692420048,79.84303160847519,2.0,30.0,18.0,42.0,VEHICLE,2023,4,5
2049,April,2023-04-29,Saturday,2023-04-30,Amdi,Nil,Maharashtra,"19.802987256875635, 79.46382794249628",TWO WHEELER,TRUCK,3,1,"35,8,70",BOTH,NH,Hit From Side,19.802987256875635,79.46382794249628,3.0,37.666666666666664,8.0,70.0,VEHICLE,2023,4,5
2050,April,2023-04-29,Saturday,2023-04-30,Thethupatti,Nil,Tamil Nadu,"10.7155199926116, 77.92904930288495",BUS,TRUCK,1,22,41,MALE,NH,With Parked Vehicle,10.7155199926116,77.92904930288495,1.0,41.0,41.0,41.0,VEHICLE,2023,4,5
2053,May,2023-04-29,Saturday,2023-05-01,Kharag Rampur,Nil,Uttar Pradesh,"25.286107057064548, 82.76666044864001",CAR,TRACTOR,5,0,"45,38,43,40,11",BOTH,NH,Hit From Back,25.286107057064548,82.76666044864001,5.0,35.4,11.0,45.0,VEHICLE,2023,4,5
2057,May,2023-05-01,Monday,2023-05-02,Dolphin Crossing,Kanpur,Uttar Pradesh,"26.455809474908392, 80.33398051169056",AUTO RICKSHAW,CAR,1,5,12,BOTH,NH,Head On Collision,26.455809474908392,80.33398051169056,1.0,12.0,12.0,12.0,VEHICLE,2023,5,0
2058,May,2023-05-01,Monday,2023-05-02,Jayapura Gate,Nil,Karnataka,"12.737501645151866, 77.24687929674452",TWO WHEELER,CAR,3,0,"18,20,22",MALE,NH,Hit From Back,12.737501645151866,77.24687929674452,3.0,20.0,18.0,22.0,VEHICLE,2023,5,0
2059,May,2023-05-01,Monday,2023-05-02,Kalpatru Warehouse,Kota,Rajasthan,"25.140245316977275, 75.91607514407205",PEDESTRIAN,CAR,1,0,12,FEMALE,SH,Hit and Run,25.140245316977275,75.91607514407205,1.0,12.0,12.0,12.0,VEHICLE,2023,5,0
2061,May,2023-05-02,Tuesday,2023-05-03,Airport Gate 3,Kolkata,West Bengal,"22.65238866923563, 88.43824606334564",PEDESTRIAN,BUS,1,0,65,MALE,NH,Hit and Run,22.65238866923563,88.43824606334564,1.0,65.0,65.0,65.0,VEHICLE,2023,5,1
2063,May,2023-05-03,Wednesday,2023-05-03,Baruhi,Nil,Himachal Pradesh,"31.6017210186808, 76.18017553156638",PEDESTRIAN,BUS,1,6,20,,SH,Hit and Run,31.6017210186808,76.18017553156638,1.0,20.0,20.0,20.0,VEHICLE,2023,5,2
2069,May,2023-05-03,Wednesday,2023-05-04,Jagtar,Nil,Chhattisgarh,"20.625028833212188, 81.43843067398436",CAR,TRUCK,11,0,"55,52,34,33,45,20",BOTH,NH,Head On Collision,20.625028833212188,81.43843067398436,6.0,39.833333333333336,20.0,55.0,VEHICLE,2023,5,2
2072,May,2023-05-03,Wednesday,2023-05-04,Jarda,Nil,Jharkhand,"23.076722605683937, 84.17267225269534",VAN,NIL,4,27,"55,50,45,50",BOTH,NH,Run Off Road,23.076722605683937,84.17267225269534,4.0,50.0,45.0,55.0,UNKNOWN,2023,5,2
2073,May,2023-05-03,Wednesday,2023-05-04,Valavanthi,Nil,Tamil Nadu,"11.021290570294054, 78.49143504722358",TRUCK,NIL,1,6,32,MALE,SH,Run Off Road,11.021290570294054,78.49143504722358,1.0,32.0,32.0,32.0,UNKNOWN,2023,5,2
2074,May,2023-05-04,Thursday,2023-05-04,Dudu,Nil,Rajasthan,"26.679616281761497, 75.233806381689",CAR,TRUCK,8,1,"45,29,27,8,45,14,3",BOTH,NH,Head On Collision,26.679616281761497,75.233806381689,7.0,24.428571428571427,3.0,45.0,VEHICLE,2023,5,3
2084,May,2023-05-04,Thursday,2023-05-06,Ujhari,Nil,Uttar Pradesh,"28.662612424737198, 78.356981279008",TWO WHEELER,CAR,4,0,"40,35,4,3",BOTH,SH,Others,28.6626124247372,78.356981279008,4.0,20.5,3.0,40.0,VEHICLE,2023,5,3
2085,May,2023-05-05,Friday,2023-05-06,Bahraich,Nil,Uttar Pradesh,"27.56685624012287, 81.58740553066244",AUTO RICKSHAW,TRUCK,5,10,"45,13,24,38,35",BOTH,SH,Hit From Side,27.56685624012287,81.58740553066244,5.0,31.0,13.0,45.0,VEHICLE,2023,5,4
2092,May,2023-05-07,Sunday,2023-05-09,Sinnar,Nil,Maharashtra,"19.850415050274034, 73.98651167121642",TWO WHEELER,TWO WHEELER,1,1,55,MALE,NH,Hit From Back,19.850415050274037,73.98651167121642,1.0,55.0,55.0,55.0,VEHICLE,2023,5,6
2093,May,2023-05-07,Sunday,2023-05-09,Pimpalgaon,Nil,Maharashtra,"20.167807535644705, 73.98751131295157",TWO WHEELER,TWO WHEELER,1,0,60,MALE,NH,Head On Collision,20.167807535644705,73.98751131295157,1.0,60.0,60.0,60.0,VEHICLE,2023,5,6
2096,May,2023-05-07,Sunday,2023-05-09,Wanadongri,Nil,Maharashtra,"21.089943951912193, 78.97300939871607",TWO WHEELER,NIL,1,0,28,MALE,SH,Run Off Road,21.089943951912197,78.97300939871607,1.0,28.0,28.0,28.0,UNKNOWN,2023,5,6
2101,May,2023-05-09,Tuesday,2023-05-11,Ron,Nil,Madhya Pradesh,"23.768609720060077, 79.22034680671614",TWO WHEELER,TRUCK,4,0,"21,19,21,45",BOTH,SH,Head On Collision,23.76860972006008,79.22034680671614,4.0,26.5,19.0,45.0,VEHICLE,2023,5,1
2102,May,2023-05-11,Thursday,2023-05-12,Thirumullaivoyal,Chennai,Tamil Nadu,"13.130730575403609, 80.13450679503472",TWO WHEELER,LORRY,1,1,50,FEMALE,NH,Hit From Back,13.130730575403607,80.13450679503472,1.0,50.0,50.0,50.0,VEHICLE,2023,5,3
2104,May,2023-05-11,Thursday,2023-05-12,Dauki,Nil,Uttar Pradesh,"27.081225829234068, 78.19298777211536",PEDESTRIAN,CAR,3,3,"15,8,9",BOTH,SH,Hit and Run,27.081225829234068,78.19298777211536,3.0,10.666666666666666,8.0,15.0,VEHICLE,2023,5,3
2107,May,2023-05-12,Friday,2023-05-13,Vardhman Chowk,Ludhiana,Punjab,"30.90578009256739, 75.89221019065047",TWO WHEELER,TRUCK,1,1,6,BOTH,NH,Others,30.90578009256739,75.89221019065047,1.0,6.0,6.0,6.0,VEHICLE,2023,5,4
2109,May,2023-05-14,Sunday,2023-05-14,Tallarevu,Nil,Andhra Pradesh,"16.778425387223518, 82.2335408769899",AUTO RICKSHAW,CAR,7,7,,FEMALE,NH,Others,16.778425387223518,82.2335408769899,,,,,VEHICLE,2023,5,6
2113,May,2023-05-12,Friday,2023-05-14,Rudraram,Nil,Telangana,"17.56342679834879, 78.16770899013699",CAR,LORRY,2,5,,,NH,Others,17.56342679834879,78.16770899013699,,,,,VEHICLE,2023,5,4
2118,May,2023-05-14,Sunday,2023-05-15,Ashti,Nil,Maharashtra,"18.804968416390004, 75.17015042127169",PEDESTRIAN,TRUCK,1,0,12,FEMALE,NH,Hit and Run,18.804968416390004,75.17015042127169,1.0,12.0,12.0,12.0,VEHICLE,2023,5,6
2120,May,2023-05-15,Monday,2023-05-16,Dhola Sadiya Bridge,Nil,Assam,"27.76943733746193, 95.65374721111075",VAN,TRUCK,3,0,,,NH,Others,27.76943733746193,95.65374721111075,,,,,VEHICLE,2023,5,0
2124,May,2023-05-16,Tuesday,2023-05-17,Sorubhogia,Nil,Assam,"26.58042910620352, 92.97227385644999",CAR,TRUCK,1,0,,FEMALE,NH,Head On Collision,26.58042910620352,92.97227385645,,,,,VEHICLE,2023,5,1
2125,May,2023-05-17,Wednesday,2023-05-17,Pallipadu,Nil,Telangana,"17.209109244273062, 80.325958696251",AUTO RICKSHAW,TRUCK,6,6,,FEMALE,SH,Others,17.209109244273062,80.325958696251,,,,,VEHICLE,2023,5,2
2126,May,2023-05-15,Monday,2023-05-17,Bambooliya,Nil,Rajasthan,"25.57648446034837, 76.33329118678887",TWO WHEELER,UNIDENTIFIED,2,0,"21,19",MALE,SH,Hit and Run,25.57648446034837,76.33329118678887,2.0,20.0,19.0,21.0,UNKNOWN,2023,5,0
2127,May,2023-05-16,Tuesday,2023-05-17,Yernagudem,Nil,Andhra Pradesh,"17.00076294621888, 81.5062003930243",CAR,LORRY,3,1,"47,30,32",BOTH,SH,Others,17.00076294621888,81.5062003930243,3.0,36.333333333333336,30.0,47.0,VEHICLE,2023,5,1
2128,May,2023-05-15,Monday,2023-05-17,Muttarasanallur,Nil,Tamil Nadu,"10.866736127743652, 78.64833877259802",TWO WHEELER,TRUCK,2,1,"30,1",FEMALE,NH,Hit From Side,10.866736127743652,78.64833877259802,2.0,15.5,1.0,30.0,VEHICLE,2023,5,0
2129,May,2023-05-18,Thursday,2023-05-18,Maksi,Nil,Madhya Pradesh,"23.26370761395095, 76.14744145850553",BUS,TRACTOR,5,12,"35,12,25,28,22",BOTH,NH,Head On Collision,23.26370761395095,76.14744145850553,5.0,24.4,12.0,35.0,VEHICLE,2023,5,3
2130,May,2023-05-17,Wednesday,2023-05-18,Pondugala,Nil,Andhra Pradesh,"16.67926935007853, 79.66248211341204",AUTO RICKSHAW,LORRY,6,12,"25,26,35,50,30",MALE,NH,Head On Collision,16.67926935007853,79.66248211341204,5.0,33.2,25.0,50.0,VEHICLE,2023,5,2
2132,May,2023-05-14,Sunday,2023-05-19,Bali Temple Chowk,Nashik,Maharashtra,"20.019610619058987, 73.83157767368121",PEDESTRIAN,CAR,1,0,55,FEMALE,NH,Hit and Run,20.019610619058987,73.83157767368121,1.0,55.0,55.0,55.0,VEHICLE,2023,5,6
2134,May,2023-05-18,Thursday,2023-05-20,Potheri,Nil,Tamil Nadu,"12.823057474988138, 80.03896235121917",CAR,DIVIDER,1,3,21,FEMALE,NH,Fixed Object Collision,12.823057474988138,80.03896235121917,1.0,21.0,21.0,21.0,OBJECT,2023,5,3
2137,May,2023-05-19,Friday,2023-05-20,Amkha Jamkha Temple,Nil,Madhya Pradesh,"22.546919588305357, 75.11433040537862",TWO WHEELER,VAN,2,0,,MALE,SH,Others,22.54691958830536,75.11433040537862,,,,,VEHICLE,2023,5,4
2138,May,2023-05-19,Friday,2023-05-21,Avinashi,Nil,Tamil Nadu,"11.178657535974327, 77.28351918035565",TWO WHEELER,TRUCK,1,0,29,MALE,NH,Head On Collision,11.178657535974327,77.28351918035565,1.0,29.0,29.0,29.0,VEHICLE,2023,5,4
2142,May,2023-05-19,Friday,2023-05-21,Panjappur,Nil,Tamil Nadu,"10.746921559423647, 78.6455010530811",PEDESTRIAN,UNIDENTIFIED,1,0,78,MALE,NH,Hit and Run,10.746921559423647,78.6455010530811,1.0,78.0,78.0,78.0,UNKNOWN,2023,5,4
2149,May,2023-05-20,Saturday,2023-05-22,Thimmanayakanpatti,Nil,Tamil Nadu,"11.584178081246849, 78.43565184391947",TWO WHEELER,TWO WHEELER,2,1,"60,25",MALE,SH,Others,11.584178081246847,78.43565184391947,2.0,42.5,25.0,60.0,VEHICLE,2023,5,5
2150,May,2023-05-22,Monday,2023-05-22,Bahiyari Baghel,Nil,Uttar Pradesh,"26.27985704650891, 84.02809963900654",CAR,TRUCK,5,2,,FEMALE,NH,Head On Collision,26.27985704650891,84.02809963900654,,,,,VEHICLE,2023,5,0
2151,May,2023-05-20,Saturday,2023-05-22,Bilhaur,Nil,Uttar Pradesh,"26.840230265993203, 80.06125384380458",PEDESTRIAN,UNIDENTIFIED,2,0,,MALE,SH,Hit and Run,26.840230265993203,80.06125384380458,,,,,UNKNOWN,2023,5,5
2155,May,2023-05-23,Tuesday,2023-05-23,Sindkhed Raja,Nil,Maharashtra,"19.9557426189721, 76.12676823183878",BUS,TRUCK,6,10,,,NH,Others,19.9557426189721,76.12676823183878,,,,,VEHICLE,2023,5,1
2156,May,2023-05-23,Tuesday,2023-05-23,Bhagirthipet,Nil,Telangana,"18.254448229292652, 79.79804790757784",TWO WHEELER,BUS,2,0,"60,14",BOTH,NH,Hit From Back,18.25444822929265,79.79804790757784,2.0,37.0,14.0,60.0,VEHICLE,2023,5,1
2157,May,2023-05-21,Sunday,2023-05-23,Raghunath Mall,Nil,Uttarakhand,"29.919611675072307, 78.05949750276415",CAR,NIL,3,0,"29,23,23",MALE,NH,Run Off Road,29.919611675072307,78.05949750276415,3.0,25.0,23.0,29.0,UNKNOWN,2023,5,6
2159,May,2023-05-23,Tuesday,2023-05-23,Daryapur-Anjanpur Road,Nil,Maharashtra,"20.933124777983238, 77.31047292439219",CAR,TRUCK,5,7,,BOTH,SH,Others,20.93312477798324,77.31047292439219,,,,,VEHICLE,2023,5,1
2161,May,2023-05-22,Monday,2023-05-23,Ananthasagar,Nil,Telangana,"18.185689871947872, 78.99827938163496",TWO WHEELER,UNIDENTIFIED,2,0,"26,23",MALE,SH,Hit and Run,18.185689871947872,78.99827938163496,2.0,24.5,23.0,26.0,UNKNOWN,2023,5,0
2162,May,2023-05-23,Tuesday,2023-05-24,Dwarka Flyover,Nashik,Maharashtra,"19.995374057489297, 73.79922775340391",PEDESTRIAN,TRUCK,2,2,"29,7",FEMALE,NH,Hit From Back,19.995374057489297,73.79922775340391,2.0,18.0,7.0,29.0,VEHICLE,2023,5,1
2165,May,2023-05-23,Tuesday,2023-05-24,Ahirwan Petrol Pump,Kanpur,Uttar Pradesh,"26.39260624312494, 80.40648150720796",AUTO RICKSHAW,TRUCK,2,5,"16,25",BOTH,NH,Head On Collision,26.39260624312494,80.40648150720796,2.0,20.5,16.0,25.0,VEHICLE,2023,5,1
2166,May,2023-05-24,Wednesday,2023-05-25,Gavhan Phata,Mumbai,Maharashtra,"18.959125416155533, 73.03754264490712",TRUCK,TRUCK,1,0,52,MALE,NH,Hit From Back,18.959125416155533,73.03754264490712,1.0,52.0,52.0,52.0,VEHICLE,2023,5,2
2168,May,2023-05-24,Wednesday,2023-05-25,Thiruvaiyaru,Nil,Tamil Nadu,"10.87957559210605, 79.10592880631965",TWO WHEELER,TRUCK,2,0,"23,18",MALE,SH,Head On Collision,10.87957559210605,79.10592880631965,2.0,20.5,18.0,23.0,VEHICLE,2023,5,2
2169,May,2023-05-25,Thursday,2023-05-25,Malegaon Phata,Nil,Maharashtra,"20.96527777650913, 76.04176327335774",TRUCK,TRUCK,4,1,,,SH,Hit From Back,20.96527777650913,76.04176327335774,,,,,VEHICLE,2023,5,3
2171,May,2023-05-24,Wednesday,2023-05-25,Umaria,Nil,Madhya Pradesh,"23.54055054162176, 80.85060766024782",BUS,NIL,3,4,,BOTH,NH,Run Off Road,23.54055054162176,80.85060766024782,,,,,UNKNOWN,2023,5,2
2173,May,2023-05-23,Tuesday,2023-05-25,Padi Flyover,Chennai,Tamil Nadu,"13.102038565817605, 80.19456946948829",TWO WHEELER,VAN,1,1,33,MALE,NH,Hit From Side,13.102038565817605,80.19456946948829,1.0,33.0,33.0,33.0,VEHICLE,2023,5,1
2175,May,2023-05-24,Wednesday,2023-05-26,Trimbak Road,Nashik,Maharashtra,"19.98531286231017, 73.72266561422636",TWO WHEELER,DIVIDER,2,0,"23,22",MALE,NH,Fixed Object Collision,19.98531286231017,73.72266561422636,2.0,22.5,22.0,23.0,OBJECT,2023,5,2
2176,May,2023-05-25,Thursday,2023-05-26,PU Patiala,Nil,Punjab,"30.3552132898427, 76.45288901520625",CAR,DIVIDER,1,3,20,FEMALE,NH,Fixed Object Collision,30.3552132898427,76.45288901520625,1.0,20.0,20.0,20.0,OBJECT,2023,5,3
2185,May,2023-05-27,Saturday,2023-05-28,Bazarwada,Nil,Maharashtra,"20.9559731304577, 78.2432261280754",TWO WHEELER,TRUCK,2,2,"27,1",BOTH,NH,With Parked Vehicle,20.9559731304577,78.2432261280754,2.0,14.0,1.0,27.0,VEHICLE,2023,5,5
2186,May,2023-05-27,Saturday,2023-05-28,Ghunki Phata,Nil,Maharashtra,"16.888652627320347, 74.29689048934819",CAR,ROAD ROLLER,2,4,"30,28",MALE,NH,Head On Collision,16.888652627320347,74.29689048934819,2.0,29.0,28.0,30.0,VEHICLE,2023,5,5
2188,May,2023-05-27,Saturday,2023-05-29,Koraon,Nil,Uttar Pradesh,"24.99746969684642, 82.07063786109495",TRACTOR,NIL,4,3,"30,28,20,30",BOTH,NH,Run Off Road,24.99746969684642,82.07063786109495,4.0,27.0,20.0,30.0,UNKNOWN,2023,5,5
2193,May,2023-05-28,Sunday,2023-05-29,Sanwara,Nil,Rajasthan,"24.723486672093372, 72.69215949811516",PEDESTRIAN,TRUCK,1,0,12,MALE,NH,Hit and Run,24.72348667209337,72.69215949811516,1.0,12.0,12.0,12.0,VEHICLE,2023,5,6
2194,May,2023-05-28,Sunday,2023-05-30,Alandi,Nil,Maharashtra,"18.671285439418426, 73.89176004586301",TWO WHEELER,TRUCK,2,0,"76,53",MALE,NH,Others,18.671285439418423,73.89176004586301,2.0,64.5,53.0,76.0,VEHICLE,2023,5,6
2196,May,2023-05-30,Tuesday,2023-05-30,Nagya-Sakya Dam,Nil,Maharashtra,"20.351560447588792, 74.61469924021402",CAR,NIL,3,0,"50,25,4",BOTH,SH,Run Off Road,20.351560447588792,74.61469924021402,3.0,26.333333333333332,4.0,50.0,UNKNOWN,2023,5,1
2197,May,2023-05-29,Monday,2023-05-30,Jalukbari,Nil,Assam,"26.142538562492177, 91.6433789711754",CAR,DIVIDER,7,6,,BOTH,NH,Fixed Object Collision,26.142538562492177,91.6433789711754,,,,,OBJECT,2023,5,0
2198,May,2023-05-29,Monday,2023-05-30,Gate 2 Eco Park,Kolkata,West Bengal,"22.60023985705244, 88.47126723572954",TWO WHEELER,CAR,1,0,20,FEMALE,NH,Hit From Back,22.60023985705244,88.47126723572954,1.0,20.0,20.0,20.0,VEHICLE,2023,5,0
2199,May,2023-05-28,Sunday,2023-05-30,Faguha,Nil,Uttar Pradesh,"26.996916394213308, 79.82457331197028",CAR,DIVIDER,4,0,,BOTH,NH,Hit and Run,26.996916394213308,79.82457331197028,,,,,OBJECT,2023,5,6
2200,May,2023-05-29,Monday,2023-05-30,Kochbong,Nil,Jharkhand,"23.265102757441678, 85.35964941884438",TWO WHEELER,TRUCK,2,0,"20,23",MALE,NH,Head On Collision,23.26510275744168,85.35964941884438,2.0,21.5,20.0,23.0,VEHICLE,2023,5,0
2201,May,2023-05-29,Monday,2023-05-30,Deulgaon,Nil,Maharashtra,"20.023097137337786, 76.05391096253284",CAR,CRASH BARRIER,3,0,24,MALE,NH,Fixed Object Collision,20.023097137337786,76.05391096253284,1.0,24.0,24.0,24.0,VEHICLE,2023,5,0
2205,May,2023-05-29,Monday,2023-05-31,Nagpur Rural,Nil,Maharashtra,"21.022126387967447, 79.05837239652519",TWO WHEELER,TRUCK,2,1,"26,55",MALE,NH,Hit From Back,21.022126387967447,79.05837239652519,2.0,40.5,26.0,55.0,VEHICLE,2023,5,0
2208,May,2023-05-30,Tuesday,2023-05-31,Fakirtilla,Nil,Assam,"24.756062862717506, 92.79783840938212",PEDESTRIAN,CAR,1,0,60,FEMALE,SH,Hit and Run,24.756062862717503,92.79783840938212,1.0,60.0,60.0,60.0,VEHICLE,2023,5,1
2209,June,2023-05-29,Monday,2023-06-01,Angamaly,Nil,Kerala,"10.206891963020581, 76.3816975284847",TWO WHEELER,TRUCK,1,0,47,MALE,NH,Hit From Back,10.20689196302058,76.3816975284847,1.0,47.0,47.0,47.0,VEHICLE,2023,5,0
2210,June,2023-05-30,Tuesday,2023-06-01,Dola,Nil,Madhya Pradesh,"23.2207786763906, 82.1391344491615",VAN,WALL,1,8,,,NH,Fixed Object Collision,23.2207786763906,82.1391344491615,,,,,OBJECT,2023,5,1
2211,June,2023-05-30,Tuesday,2023-06-01,Merlapaka,Nil,Andhra Pradesh,"13.701738469291202, 79.61565202413612",CAR,BUS,3,2,,BOTH,NH,Head On Collision,13.701738469291202,79.61565202413612,,,,,VEHICLE,2023,5,1
2212,June,2023-05-29,Monday,2023-06-01,Dhana Kalan,Nil,Haryana,"29.08479135674568, 76.02049168666043",CAR,TRUCK,5,0,,BOTH,NH,With Parked Vehicle,29.08479135674568,76.02049168666043,,,,,VEHICLE,2023,5,0
2214,June,2023-05-29,Monday,2023-06-01,Prahaladapura,Nil,Rajasthan,"26.729754265943544, 75.88821050471624",TRUCK,NIL,1,0,35,MALE,NH,Run Off Road,26.729754265943544,75.88821050471624,1.0,35.0,35.0,35.0,UNKNOWN,2023,5,0
2215,June,2023-05-30,Tuesday,2023-06-01,Bara Chowki,Nil,Uttarakhand,"28.867241360189695, 79.60380266975899",TWO WHEELER,TRUCK,1,3,30,,NH,Others,28.86724136018969,79.60380266975899,1.0,30.0,30.0,30.0,VEHICLE,2023,5,1
2216,June,2023-05-28,Sunday,2023-06-01,Bhumi World,Nil,Maharashtra,"19.263252623284735, 73.07385798382778",AUTO RICKSHAW,NIL,3,4,,BOTH,NH,Run Off Road,19.263252623284732,73.07385798382778,,,,,UNKNOWN,2023,5,6
2217,June,2023-05-29,Monday,2023-06-02,Konijerla,Nil,Telangana,"17.221873806921188, 80.28852864196776",CAR,TRUCK,3,1,"39,35,13",BOTH,SH,Others,17.221873806921188,80.28852864196776,3.0,29.0,13.0,39.0,VEHICLE,2023,5,0
2218,June,2023-06-01,Thursday,2023-06-02,Chuttupalu,Nil,Jharkhand,"23.55822930484313, 85.51819526709328",TWO WHEELER,TRUCK,1,4,,MALE,NH,Head On Collision,23.55822930484313,85.51819526709328,,,,,VEHICLE,2023,6,3
2220,June,2023-06-01,Thursday,2023-06-03,Nemawar Road,Indore,Madhya Pradesh,"22.6816174328255, 75.91844288078036",TWO WHEELER,BUS,3,0,,MALE,SH,Head On Collision,22.6816174328255,75.91844288078036,,,,,VEHICLE,2023,6,3
2222,June,2023-06-03,Saturday,2023-06-03,Pulicherla,Nil,Andhra Pradesh,"13.599974583481439, 79.04166918566283",SUV,TRUCK,4,8,,,SH,Head On Collision,13.59997458348144,79.04166918566283,,,,,VEHICLE,2023,6,5
2224,June,2023-06-04,Sunday,2023-06-04,Dehat,Nil,Uttar Pradesh,"27.430886099799, 82.18028626782547",VAN,NIL,1,11,45,FEMALE,NH,Run Off Road,27.430886099799,82.18028626782547,1.0,45.0,45.0,45.0,UNKNOWN,2023,6,6
2225,June,2023-06-02,Friday,2023-06-04,Dhamna,Nil,Maharashtra,"21.137338770033, 78.84364499167924",PEDESTRIAN,BUS,1,0,10,MALE,NH,Hit and Run,21.137338770033,78.84364499167924,1.0,10.0,10.0,10.0,VEHICLE,2023,6,4
2226,June,2023-06-02,Friday,2023-06-04,Awasthi Nagar,Nagpur,Maharashtra,"21.18648474209671, 79.0697431617838",TWO WHEELER,CAR,1,0,16,MALE,SH,Hit From Side,21.18648474209671,79.0697431617838,1.0,16.0,16.0,16.0,VEHICLE,2023,6,4
2228,June,2023-06-05,Monday,2023-06-05,Perambalur,Nil,Tamil Nadu,"11.230915053951833, 78.89193494330785",AMBULANCE,VAN,3,5,"60,22,45",BOTH,NH,Hit From Side,11.230915053951833,78.89193494330785,3.0,42.333333333333336,22.0,60.0,VEHICLE,2023,6,0
2229,June,2023-06-05,Monday,2023-06-05,Jagtial,Nil,Telangana,"18.79004629083924, 78.91567433760554",TWO WHEELER,DIVIDER,2,0,,MALE,NH,Fixed Object Collision,18.79004629083924,78.91567433760554,,,,,OBJECT,2023,6,0
2230,June,2023-06-03,Saturday,2023-06-05,Kancheepuram,Nil,Tamil Nadu,"12.818942558404942, 79.6939373649415",SUV,TRUCK,5,1,"35,28,5,3",BOTH,SH,With Parked Vehicle,12.818942558404942,79.6939373649415,4.0,17.75,3.0,35.0,VEHICLE,2023,6,5
2233,June,2023-06-03,Saturday,2023-06-05,Mouda,Nil,Maharashtra,"21.15219895095875, 79.39686137048565",TWO WHEELER,TRUCK,2,0,"60,16",BOTH,SH,Hit From Back,21.15219895095875,79.39686137048565,2.0,38.0,16.0,60.0,VEHICLE,2023,6,5
2234,June,2023-06-06,Tuesday,2023-06-06,Balichakra Cross,Nil,Karnataka,"16.677020159979705, 77.2576421846236",SUV,LORRY,5,13,"50,12,4,8,32",BOTH,NH,With Parked Vehicle,16.677020159979705,77.2576421846236,5.0,21.2,4.0,50.0,VEHICLE,2023,6,1
2238,June,2023-06-05,Monday,2023-06-07,Narayan Temple Narhe,Pune,Maharashtra,"18.442636108492092, 73.83795009781468",TWO WHEELER,UNIDENTIFIED,1,1,28,MALE,NH,Hit and Run,18.44263610849209,73.83795009781468,1.0,28.0,28.0,28.0,UNKNOWN,2023,6,0
2239,June,2023-06-05,Monday,2023-06-07,Warje,Pune,Maharashtra,"18.487444956836356, 73.79553133382488",VAN,DIVIDER,1,0,21,MALE,NH,Fixed Object Collision,18.48744495683636,73.79553133382488,1.0,21.0,21.0,21.0,OBJECT,2023,6,0
2242,June,2023-06-07,Wednesday,2023-06-08,Sikar Fatehpur,Nil,Rajasthan,"27.98310030694659, 74.95927813972753",CAR,TRUCK,4,0,"28,27,27,34",MALE,NH,Head On Collision,27.98310030694659,74.95927813972753,4.0,29.0,27.0,34.0,VEHICLE,2023,6,2
2244,June,2023-06-08,Thursday,2023-06-09,Hanuman Temple,Nil,Uttar Pradesh,"28.420436211949628, 80.61075215362085",TWO WHEELER,SUV,4,0,"34,6,35",BOTH,SH,Others,28.420436211949628,80.61075215362085,3.0,25.0,6.0,35.0,VEHICLE,2023,6,3
2246,June,2023-06-08,Thursday,2023-06-09,Lalru,Nil,Punjab,"30.486880645140086, 76.79866452861589",TWO WHEELER,CAR,1,1,18,MALE,NH,Others,30.486880645140086,76.79866452861589,1.0,18.0,18.0,18.0,VEHICLE,2023,6,3
2250,June,2023-06-07,Wednesday,2023-06-10,Paud Phata Flyover,Pune,Maharashtra,"18.506485494909512, 73.82415909499015",TWO WHEELER,UNIDENTIFIED,1,0,57,MALE,NH,Hit and Run,18.506485494909512,73.82415909499015,1.0,57.0,57.0,57.0,UNKNOWN,2023,6,2
2251,June,2023-06-09,Friday,2023-06-10,Dhar,Nil,Madhya Pradesh,"22.596254016898165, 75.3053349208528",CAR,DIVIDER,1,2,55,MALE,SH,Fixed Object Collision,22.596254016898165,75.3053349208528,1.0,55.0,55.0,55.0,OBJECT,2023,6,4
2253,June,2023-06-11,Sunday,2023-06-11,Sector 62,Nil,Uttar Pradesh,"28.632289493423333, 77.36539524201442",TWO WHEELER,PICK UP,2,0,"45,38",MALE,NH,Others,28.632289493423333,77.36539524201442,2.0,41.5,38.0,45.0,VEHICLE,2023,6,6
2254,June,2023-06-09,Friday,2023-06-11,Sakalo,Nil,Chhattisgarh,"23.185176355581998, 83.20007518788057",TWO WHEELER,TRACTOR,2,0,"30,31",MALE,SH,Hit From Back,23.185176355582,83.20007518788057,2.0,30.5,30.0,31.0,VEHICLE,2023,6,4
2255,June,2023-06-11,Sunday,2023-06-11,SV Puram Toll Plaza,Nil,Andhra Pradesh,"13.525494674057821, 79.53284088005621",CAR,VAN,5,8,,,NH,Head On Collision,13.52549467405782,79.53284088005621,,,,,VEHICLE,2023,6,6
2256,June,2023-06-12,Monday,2023-06-12,Khambale,Nil,Maharashtra,"19.959401850114677, 73.62838369715573",SUV,WALL,4,0,"55,65,50,40",BOTH,NH,Fixed Object Collision,19.95940185011468,73.62838369715573,4.0,52.5,40.0,65.0,OBJECT,2023,6,0
2259,June,2023-06-10,Saturday,2023-06-12,Baheri,Nil,Bihar,"25.842486533799722, 86.15846883478056",SUV,TRUCK,3,3,"25,16,14",MALE,SH,With Parked Vehicle,25.84248653379972,86.15846883478056,3.0,18.333333333333332,14.0,25.0,VEHICLE,2023,6,5
2260,June,2023-06-09,Friday,2023-06-12,Jalan Industrial Complex,Nil,West Bengal,"22.596841299135423, 88.22499293827853",TWO WHEELER,TRUCK,1,0,33,MALE,NH,Hit From Back,22.596841299135423,88.22499293827853,1.0,33.0,33.0,33.0,VEHICLE,2023,6,4
2261,June,2023-06-11,Sunday,2023-06-12,Bassi,Nil,Rajasthan,"26.857110735518543, 76.05251985209249",SUV,UNIDENTIFIED,1,7,51,MALE,NH,Hit and Run,26.857110735518543,76.05251985209249,1.0,51.0,51.0,51.0,UNKNOWN,2023,6,6
2262,June,2023-06-11,Sunday,2023-06-12,Varve,Nil,Maharashtra,"18.300659178926384, 73.87327571238676",BUS,BUS,2,11,"9,32",BOTH,NH,Others,18.300659178926384,73.87327571238676,2.0,20.5,9.0,32.0,VEHICLE,2023,6,6
2263,June,2023-06-13,Tuesday,2023-06-13,Khandala Ghat,Nil,Maharashtra,"18.766786409968578, 73.36808732810299",TRUCK,NIL,3,2,,,NH,Run Off Road,18.766786409968574,73.36808732810299,,,,,UNKNOWN,2023,6,1
2264,June,2023-06-11,Sunday,2023-06-13,Narmadapuram,Nil,Madhya Pradesh,"22.745317860282693, 77.71886225449711",CAR,NIL,1,2,,MALE,SH,Vehicle Overturn,22.745317860282693,77.71886225449711,,,,,UNKNOWN,2023,6,6
2267,June,2023-06-13,Tuesday,2023-06-14,Bilkhiriya Kalan,Nil,Madhya Pradesh,"23.256171756488932, 77.58396859018498",CAR,DIVIDER,1,1,36,MALE,NH,Fixed Object Collision,23.25617175648893,77.58396859018498,1.0,36.0,36.0,36.0,OBJECT,2023,6,1
2268,June,2023-06-14,Wednesday,2023-06-14,Chintapalle,Nil,Andhra Pradesh,"17.864449840793693, 82.35669410632896",AUTO RICKSHAW,GORGE,1,5,5,MALE,SH,Vehicle Overturn,17.864449840793693,82.35669410632896,1.0,5.0,5.0,5.0,OBJECT,2023,6,2
2269,June,2023-06-12,Monday,2023-06-14,Water Park,Nil,Uttar Pradesh,"26.90359105736207, 80.74522051742348",TWO WHEELER,TRUCK,2,0,"19,16",MALE,NH,Head On Collision,26.90359105736207,80.74522051742348,2.0,17.5,16.0,19.0,VEHICLE,2023,6,0
2270,June,2023-06-13,Tuesday,2023-06-15,Basavanalagaddi,Nil,Karnataka,"16.458666461870724, 74.610610324329",TWO WHEELER,TRUCK,3,0,"21,23,28",MALE,NH,Head On Collision,16.458666461870724,74.610610324329,3.0,24.0,21.0,28.0,VEHICLE,2023,6,1
2271,June,2023-06-14,Wednesday,2023-06-15,Mohali,Nil,Punjab,"30.744455685753547, 76.65300091998748",CAR,TRUCK,2,3,,MALE,NH,Head On Collision,30.744455685753547,76.65300091998748,,,,,VEHICLE,2023,6,2
2272,June,2023-06-14,Wednesday,2023-06-15,Khanpur,Nil,Punjab,"30.75464311684099, 76.62702085801223",TWO WHEELER,UNIDENTIFIED,1,1,21,MALE,NH,Hit and Run,30.75464311684099,76.62702085801223,1.0,21.0,21.0,21.0,UNKNOWN,2023,6,2
2277,June,2023-06-15,Thursday,2023-06-16,Dumar Kachhar,Nil,Madhya Pradesh,"23.220569810001827, 82.14021984486837",TWO WHEELER,TRACTOR,2,1,,MALE,NH,Hit From Side,23.220569810001827,82.14021984486837,,,,,VEHICLE,2023,6,3
2279,June,2023-06-16,Friday,2023-06-17,Gundlapalli,Nil,Telangana,"18.1910150092227, 79.94125134695838",TWO WHEELER,DIVIDER,2,0,"21,22",MALE,NH,Fixed Object Collision,18.1910150092227,79.94125134695838,2.0,21.5,21.0,22.0,OBJECT,2023,6,4
2281,June,2023-06-16,Friday,2023-06-17,Golai,Nil,Assam,"27.364983421131786, 95.63581024948334",CAR,TREE,4,0,"30,57,36,27",BOTH,NH,Fixed Object Collision,27.364983421131782,95.63581024948334,4.0,37.5,27.0,57.0,OBJECT,2023,6,4
2282,June,2023-06-16,Friday,2023-06-17,Sadiq,Nil,Punjab,"30.70778960736176, 74.5862918130782",TWO WHEELER,CAR,2,0,"52,54",MALE,NH,Hit From Back,30.70778960736176,74.5862918130782,2.0,53.0,52.0,54.0,VEHICLE,2023,6,4
2284,June,2023-06-16,Friday,2023-06-18,Patara,Nil,Uttar Pradesh,"26.23328811501155, 80.19739508037516",TWO WHEELER,TRUCK,2,0,"18,22",MALE,NH,Hit From Back,26.23328811501155,80.19739508037516,2.0,20.0,18.0,22.0,VEHICLE,2023,6,4
2285,June,2023-06-16,Friday,2023-06-18,Kudrail,Nil,Uttar Pradesh,"26.908299948636813, 79.32611242580302",TWO WHEELER,TRUCK,2,0,"20,21",MALE,SH,With Parked Vehicle,26.908299948636813,79.32611242580302,2.0,20.5,20.0,21.0,VEHICLE,2023,6,4
2288,June,2023-06-18,Sunday,2023-06-19,Nakkala Gutta,Nil,Telangana,"17.99746582469721, 79.55341351504958",TWO WHEELER,TRACTOR,1,0,52,FEMALE,NH,Hit From Back,17.99746582469721,79.55341351504958,1.0,52.0,52.0,52.0,VEHICLE,2023,6,6
2290,June,2023-06-17,Saturday,2023-06-20,Ulwe,Mumbai,Maharashtra,"18.95911023747639, 73.03754993419261",CAR,DIVIDER,1,8,71,MALE,NH,Fixed Object Collision,18.95911023747639,73.03754993419261,1.0,71.0,71.0,71.0,OBJECT,2023,6,5
2291,June,2023-06-19,Monday,2023-06-20,Aji Dam,Rajkot,Gujarat,"22.277910961179764, 70.83712461683756",PEDESTRIAN,UNIDENTIFIED,1,0,40,MALE,SH,Hit and Run,22.277910961179764,70.83712461683756,1.0,40.0,40.0,40.0,UNKNOWN,2023,6,0
2293,June,2023-06-19,Monday,2023-06-20,Kamalam,Nil,Gujarat,"23.14767795817291, 72.63447060232629",TWO WHEELER,SUV,2,0,"42,17",BOTH,SH,Hit From Back,23.14767795817291,72.63447060232629,2.0,29.5,17.0,42.0,VEHICLE,2023,6,0
2297,June,2023-06-20,Tuesday,2023-06-21,Rudrapur,Nil,Uttarakhand,"28.98335325862951, 79.39969602063346",TWO WHEELER,CAR,1,1,52,MALE,NH,Head On Collision,28.98335325862951,79.39969602063346,1.0,52.0,52.0,52.0,VEHICLE,2023,6,1
2299,June,2023-06-19,Monday,2023-06-21,Sanskruti Restaurant,Nil,Maharashtra,"19.97185408552217, 73.67979012376445",TWO WHEELER,CAR,2,0,"36,31",MALE,NH,Head On Collision,19.97185408552217,73.67979012376445,2.0,33.5,31.0,36.0,VEHICLE,2023,6,0
2300,June,2023-06-20,Tuesday,2023-06-21,Nirjan,Nil,Haryana,"29.332361839831194, 76.37216804741239",TWO WHEELER,TRUCK,5,0,"42,12,10,5",BOTH,SH,Others,29.332361839831197,76.37216804741239,4.0,17.25,5.0,42.0,VEHICLE,2023,6,1
2302,June,2023-06-21,Wednesday,2023-06-22,Dhola Sadiya Bridge,Nil,Assam,"27.77358509486043, 95.67086946778453",CAR,TRUCK,2,2,"22,28",,NH,Others,27.77358509486043,95.67086946778451,2.0,25.0,22.0,28.0,VEHICLE,2023,6,2
2304,June,2023-06-20,Tuesday,2023-06-22,Trichy-Chennai Highway,Nil,Tamil Nadu,"12.847072511762255, 80.06271346863879",TRUCK,BUS,1,1,29,MALE,NH,Others,12.847072511762256,80.06271346863879,1.0,29.0,29.0,29.0,VEHICLE,2023,6,1
2306,June,2023-06-21,Wednesday,2023-06-23,Vellarada,Nil,Kerala,"8.450163992481496, 77.19757532729035",TWO WHEELER,BUS,1,1,23,MALE,SH,Head On Collision,8.450163992481496,77.19757532729035,1.0,23.0,23.0,23.0,VEHICLE,2023,6,2
2307,June,2023-06-22,Thursday,2023-06-23,Ashewadi,Nil,Maharashtra,"20.083073793949193, 73.77859641679767",BUS,TRUCK,1,18,,,NH,Head On Collision,20.083073793949197,73.77859641679767,,,,,VEHICLE,2023,6,3
2308,June,2023-06-22,Thursday,2023-06-23,Betma,Nil,Madhya Pradesh,"22.68327527925999, 75.59793443490256",TRACTOR,PICK UP,1,0,28,MALE,NH,Hit From Side,22.68327527925999,75.59793443490256,1.0,28.0,28.0,28.0,VEHICLE,2023,6,3
2309,June,2023-06-23,Friday,2023-06-24,"Container Road, Kothad",Kochi,Kerala,"10.051053118430016, 76.27806293541411",TWO WHEELER,TRUCK,1,0,21,MALE,NH,Head On Collision,10.051053118430016,76.27806293541411,1.0,21.0,21.0,21.0,VEHICLE,2023,6,4
2310,June,2023-06-23,Friday,2023-06-24,"Bus Stand, Khanna",Nil,Punjab,"30.70024014344755, 76.23035644118198",TWO WHEELER,CAR,1,3,4,MALE,NH,Hit From Back,30.70024014344755,76.23035644118198,1.0,4.0,4.0,4.0,VEHICLE,2023,6,4
2311,June,2023-06-25,Sunday,2023-06-25,Manapparai,Nil,Tamil Nadu,"10.61183830601981, 78.42016708282694",CAR,BUS,5,43,"36,48,25,20,20",MALE,NH,Head On Collision,10.61183830601981,78.42016708282694,5.0,29.8,20.0,48.0,VEHICLE,2023,6,6
2313,June,2023-06-24,Saturday,2023-06-25,Nadaan Toll Plaza,Bhopal,Madhya Pradesh,"23.147531539038862, 77.49416701923114",CAR,TRUCK,2,2,"40,40",FEMALE,NH,Others,23.147531539038862,77.49416701923114,2.0,40.0,40.0,40.0,VEHICLE,2023,6,5
2316,June,2023-06-25,Sunday,2023-06-26,Sahara City,Indore,Madhya Pradesh,"22.69082489617324, 75.92354945767228",CAR,UNIDENTIFIED,1,2,22,BOTH,NH,Hit and Run,22.69082489617324,75.92354945767228,1.0,22.0,22.0,22.0,UNKNOWN,2023,6,6
2318,June,2023-06-25,Sunday,2023-06-26,Digapahandi,Nil,Odisha,"19.379155917903457, 84.56402811194185",BUS,BUS,12,7,,BOTH,SH,Head On Collision,19.379155917903457,84.56402811194185,,,,,VEHICLE,2023,6,6
2319,June,2023-06-26,Monday,2023-06-26,Asud,Nil,Maharashtra,"17.783140945007844, 73.14286877145818",AUTO RICKSHAW,TRUCK,8,7,,,SH,Head On Collision,17.783140945007844,73.14286877145818,,,,,VEHICLE,2023,6,0
2320,June,2023-06-24,Saturday,2023-06-26,Chandausi,Nil,Uttar Pradesh,"28.462468848143303, 78.78201806861269",CAR,TRACTOR,4,2,"27,31,61,24",BOTH,SH,With Parked Vehicle,28.462468848143303,78.78201806861269,4.0,35.75,24.0,61.0,VEHICLE,2023,6,5
2321,June,2023-06-26,Monday,2023-06-27,Lake Town Signal,Kolkata,West Bengal,"22.599929666572297, 88.40657926212091",CAR,BUS,3,0,"54,23,73",BOTH,SH,Others,22.599929666572297,88.40657926212091,3.0,50.0,23.0,73.0,VEHICLE,2023,6,0
2322,June,2023-06-27,Tuesday,2023-06-27,Pungar,Nil,Odisha,"18.60637277246491, 82.8891851360104",CAR,TRUCK,3,0,"35,25,5",BOTH,NH,Head On Collision,18.60637277246491,82.8891851360104,3.0,21.666666666666668,5.0,35.0,VEHICLE,2023,6,1
2327,June,2023-06-27,Tuesday,2023-06-28,Khankra,Nil,Uttarakhand,"30.243923473720816, 78.91689244931618",CAR,GORGE,2,0,"60,47",FEMALE,NH,Vehicle Overturn,30.243923473720816,78.91689244931618,2.0,53.5,47.0,60.0,OBJECT,2023,6,1
2329,June,2023-06-27,Tuesday,2023-06-28,Pungar,Nil,Odisha,"18.606254762435785, 82.88917481988419",CAR,TRUCK,3,0,"35,25,5",BOTH,NH,Head On Collision,18.606254762435785,82.88917481988419,3.0,21.666666666666668,5.0,35.0,VEHICLE,2023,6,1
2333,June,2023-06-30,Friday,2023-06-30,Shirwalwadi,Nil,Maharashtra,"17.596038642393033, 76.31305673706431",SUV,TRUCK,6,11,,BOTH,NH,Others,17.596038642393033,76.31305673706431,,,,,VEHICLE,2023,6,4
2334,June,2023-06-28,Wednesday,2023-06-30,Manglia,Indore,Madhya Pradesh,"22.810110459173696, 75.93722145561746",TWO WHEELER,TRUCK,1,2,32,MALE,NH,Head On Collision,22.810110459173696,75.93722145561746,1.0,32.0,32.0,32.0,VEHICLE,2023,6,2
2337,June,2023-06-29,Thursday,2023-06-30,Kamasin,Nil,Uttar Pradesh,"25.51412910106251, 80.90581824127567",SUV,TRUCK,7,2,"37,18,25,24,28,27",BOTH,SH,With Parked Vehicle,25.51412910106251,80.90581824127567,6.0,26.5,18.0,37.0,VEHICLE,2023,6,3
2338,July,2023-06-29,Thursday,2023-07-01,Bhaji Dongar,Nil,Chhattisgarh,"22.32919666548033, 81.38604223361452",TWO WHEELER,PICK UP,1,3,,BOTH,SH,Head On Collision,22.32919666548033,81.38604223361452,,,,,VEHICLE,2023,6,3
2339,July,2023-06-30,Friday,2023-07-01,Dausa,Nil,Rajasthan,"26.90059176967747, 76.33635413685414",JUGAAD VEHICLE,TRUCK,2,19,"6,30",FEMALE,SH,Head On Collision,26.90059176967747,76.33635413685414,2.0,18.0,6.0,30.0,VEHICLE,2023,6,4
2340,July,2023-06-30,Friday,2023-07-01,Halena,Nil,Rajasthan,"27.112444707730653, 77.1548691860056",PICK UP,NIL,2,8,"17,35",MALE,NH,Run Off Road,27.112444707730653,77.1548691860056,2.0,26.0,17.0,35.0,UNKNOWN,2023,6,4
2342,July,2023-06-30,Friday,2023-07-01,Vani,Nil,Maharashtra,"20.330139318991897, 73.8890371514754",CAR,SUV,4,9,"37,18,23,22",MALE,NH,Head On Collision,20.330139318991897,73.8890371514754,4.0,25.0,18.0,37.0,VEHICLE,2023,6,4
2345,July,2023-07-01,Saturday,2023-07-01,Pimpalkhuta,Nil,Maharashtra,"20.89986930559506, 78.17192850782284",BUS,CRASH BARRIER,25,8,,BOTH,SH,Fixed Object Collision,20.89986930559506,78.17192850782284,,,,,VEHICLE,2023,7,5
2349,July,2023-06-30,Friday,2023-07-02,Shirawalwadi,Nil,Maharashtra,"17.596085112964335, 76.31330807698083",CAR,PICK UP,6,0,,BOTH,NH,Head On Collision,17.596085112964335,76.31330807698083,,,,,VEHICLE,2023,6,4
2350,July,2023-06-29,Thursday,2023-07-02,Undri,Pune,Maharashtra,"18.45034931455479, 73.9148294059731",TWO WHEELER,CAR,1,1,5,FEMALE,NH,Head On Collision,18.45034931455479,73.9148294059731,1.0,5.0,5.0,5.0,VEHICLE,2023,6,3
2351,July,2023-07-01,Saturday,2023-07-03,Shashtri Bridge,Allahabad,Uttar Pradesh,"25.437825022209882, 81.88547858967368",TWO WHEELER,UNIDENTIFIED,2,0,"24,23",MALE,NH,Hit and Run,25.43782502220988,81.88547858967368,2.0,23.5,23.0,24.0,UNKNOWN,2023,7,5
2354,July,2023-07-02,Sunday,2023-07-04,Mandovi Bridge,Nil,Goa,"15.505507126829208, 73.83663008794925",TWO WHEELER,NIL,1,1,35,MALE,NH,Run Off Road,15.505507126829208,73.83663008794925,1.0,35.0,35.0,35.0,UNKNOWN,2023,7,6
2357,July,2023-07-02,Sunday,2023-07-04,Ambad Industrial Area,Nashik,Maharashtra,"19.963175090842803, 73.73522265877085",PEDESTRIAN,UNIDENTIFIED,1,0,,MALE,NH,Hit and Run,19.963175090842803,73.73522265877085,,,,,UNKNOWN,2023,7,6
2359,July,2023-07-03,Monday,2023-07-04,Nangloi Metro Station,Delhi,Delhi,"28.682190636621815, 77.06482883540139",PEDESTRIAN,TRUCK,1,0,13,MALE,NH,Hit and Run,28.68219063662181,77.06482883540139,1.0,13.0,13.0,13.0,VEHICLE,2023,7,0
2360,July,2023-07-03,Monday,2023-07-04,Farah,Nil,Uttar Pradesh,"27.333046991355754, 77.74108850720583",CAR,TRACTOR,5,30,"34,63,45,65,63",BOTH,NH,Hit From Back,27.333046991355754,77.74108850720583,5.0,54.0,34.0,65.0,VEHICLE,2023,7,0
2361,July,2023-07-04,Tuesday,2023-07-04,Meenakunte,Nil,Karnataka,"13.182861576948532, 77.64042676134564",PEDESTRIAN,CAR,2,0,40,MALE,NH,Hit and Run,13.182861576948532,77.64042676134564,1.0,40.0,40.0,40.0,VEHICLE,2023,7,1
2362,July,2023-07-04,Tuesday,2023-07-05,Palm Hotel,Ahmedabad,Gujarat,"23.030548105592654, 72.67462986022305",TWO WHEELER,CAR,2,0,"70,65",BOTH,NH,Others,23.03054810559265,72.67462986022305,2.0,67.5,65.0,70.0,VEHICLE,2023,7,1
2372,July,2023-07-05,Wednesday,2023-07-06,Dharasu Bridge,Nil,Uttarakhand,"30.61041510823068, 78.31587557296793",CAR,GORGE,2,1,"48,22",BOTH,NH,Vehicle Overturn,30.61041510823068,78.31587557296793,2.0,35.0,22.0,48.0,OBJECT,2023,7,2
2374,July,2023-07-05,Wednesday,2023-07-07,Vyttila,Kochi,Kerala,"9.96918123226607, 76.31808030797357",CAR,TREE,1,2,31,MALE,NH,Fixed Object Collision,9.96918123226607,76.31808030797357,1.0,31.0,31.0,31.0,OBJECT,2023,7,2
2378,July,2023-07-06,Thursday,2023-07-08,Lalpur Chowk,Nil,Jharkhand,"23.372122382131778, 85.3383079660859",TWO WHEELER,MINI TRUCK,1,0,60,MALE,NH,Others,23.372122382131774,85.3383079660859,1.0,60.0,60.0,60.0,VEHICLE,2023,7,3
2380,July,2023-07-08,Saturday,2023-07-08,Aalamkhanpalle,Nil,Andhra Pradesh,"14.500348452170238, 78.79270430914352",PEDESTRIAN,UNIDENTIFIED,2,0,,MALE,SH,Hit and Run,14.500348452170238,78.79270430914352,,,,,UNKNOWN,2023,7,5
2381,July,2023-07-08,Saturday,2023-07-08,Ambikapur,Nil,Chhattisgarh,"23.134643972848664, 83.17614533951239",BUS,TRUCK,3,6,"30,45,28",MALE,NH,Head On Collision,23.134643972848664,83.17614533951239,3.0,34.333333333333336,28.0,45.0,VEHICLE,2023,7,5
2384,July,2023-07-08,Saturday,2023-07-09,Bibipur,Nil,Haryana,"29.24731227206256, 76.27276503554715",PICK UP,BUS,8,9,,BOTH,NH,Head On Collision,29.24731227206256,76.27276503554715,,,,,VEHICLE,2023,7,5
2385,July,2023-07-09,Sunday,2023-07-09,Mitta Kandriga,Nil,Andhra Pradesh,"13.734950497020717, 79.67697149541807",CAR,TRUCK,6,1,,BOTH,SH,Head On Collision,13.734950497020716,79.67697149541807,,,,,VEHICLE,2023,7,6
2388,July,2023-07-09,Sunday,2023-07-10,Biswanath,Nil,Assam,"26.74164118005605, 93.1467641558036",VAN,NIL,2,5,,,NH,Run Off Road,26.74164118005605,93.1467641558036,,,,,UNKNOWN,2023,7,6
2389,July,2023-07-09,Sunday,2023-07-10,Acharapakkam,Nil,Tamil Nadu,"12.407247943566375, 79.81709199488411",CAR,BUS,1,3,40,FEMALE,NH,With Parked Vehicle,12.407247943566375,79.81709199488411,1.0,40.0,40.0,40.0,VEHICLE,2023,7,6
2390,July,2023-07-09,Sunday,2023-07-11,Toll Plaza,Nil,Uttar Pradesh,"25.99955275782086, 81.28591050867932",TWO WHEELER,TRUCK,1,1,22,MALE,NH,Others,25.99955275782086,81.28591050867932,1.0,22.0,22.0,22.0,VEHICLE,2023,7,6
2391,July,2023-07-11,Tuesday,2023-07-11,Dumka-Bhagalpur,Nil,Bihar,"25.19297645597938, 86.97401135244662",SUV,TREE,1,4,,,SH,Fixed Object Collision,25.19297645597938,86.97401135244662,,,,,OBJECT,2023,7,1
2392,July,2023-07-10,Monday,2023-07-11,Sukhpal Nagar,Nil,Uttar Pradesh,"25.89174102539582, 81.92383711897088",AUTO RICKSHAW,TRUCK,12,5,,BOTH,NH,Hit From Side,25.89174102539582,81.92383711897088,,,,,VEHICLE,2023,7,0
2393,July,2023-07-09,Sunday,2023-07-11,Khat Road,Nil,Maharashtra,"21.263189948572233, 79.52188089092472",CAR,TRUCK,3,2,,BOTH,NH,Hit From Back,21.263189948572236,79.52188089092472,,,,,VEHICLE,2023,7,6
2394,July,2023-07-11,Tuesday,2023-07-11,Darsi,Nil,Andhra Pradesh,"15.783792605320818, 79.66491190891459",BUS,CANAL,7,30,"65,60,48,58,65,35,6",BOTH,SH,Vehicle Overturn,15.783792605320818,79.66491190891459,7.0,48.142857142857146,6.0,65.0,OBJECT,2023,7,1
2396,July,2023-07-10,Monday,2023-07-12,Trimbak Road,Nashik,Maharashtra,"19.985317567693183, 73.72262380716656",TWO WHEELER,DIVIDER,1,0,24,MALE,NH,Fixed Object Collision,19.985317567693183,73.72262380716656,1.0,24.0,24.0,24.0,OBJECT,2023,7,0
2400,July,2023-07-10,Monday,2023-07-13,Goregaon,Nil,Maharashtra,"21.350086233002326, 80.20560682475954",PEDESTRIAN,DUMPER,1,0,28,MALE,NH,Hit and Run,21.35008623300233,80.20560682475954,1.0,28.0,28.0,28.0,VEHICLE,2023,7,0
2401,July,2023-07-12,Wednesday,2023-07-13,Shankaracharya Chowk,Nil,Uttarakhand,"29.874338893273137, 77.89469899198622",TWO WHEELER,TRUCK,4,0,"22,30,1",BOTH,NH,Hit From Back,29.874338893273137,77.89469899198622,3.0,17.666666666666668,1.0,30.0,VEHICLE,2023,7,2
2405,July,2023-07-13,Thursday,2023-07-14,Alipur,Delhi,Delhi,"28.79725979298647, 77.14358384309915",TRUCK,TRUCK,5,14,"32,24,19,56,37",MALE,NH,Head On Collision,28.79725979298647,77.14358384309915,5.0,33.6,19.0,56.0,VEHICLE,2023,7,3
2406,July,2023-07-13,Thursday,2023-07-14,Masuri,Nil,Uttar Pradesh,"28.690012605773603, 77.55622386360136",TWO WHEELER,UNIDENTIFIED,1,1,28,MALE,NH,Hit and Run,28.690012605773603,77.55622386360136,1.0,28.0,28.0,28.0,UNKNOWN,2023,7,3
2408,July,2023-07-15,Saturday,2023-07-15,Godbunder Road,Mumbai,Maharashtra,"19.28010868465133, 72.93020257928019",TRUCK,TRUCK,1,0,40,MALE,NH,Others,19.28010868465133,72.93020257928019,1.0,40.0,40.0,40.0,VEHICLE,2023,7,5
2409,July,2023-07-14,Friday,2023-07-16,Railway Station,Nil,Haryana,"30.72651741917425, 76.88807148744922",PEDESTRIAN,TWO WHEELER,1,0,16,MALE,NH,Hit and Run,30.72651741917425,76.88807148744922,1.0,16.0,16.0,16.0,VEHICLE,2023,7,4
2411,July,2023-07-15,Saturday,2023-07-16,Komalla Toll Plaza,Nil,Telangana,"17.77723778893274, 79.28347228780784",CAR,TRUCK,2,0,"33,36",MALE,NH,Hit From Back,17.77723778893274,79.28347228780784,2.0,34.5,33.0,36.0,VEHICLE,2023,7,5
2412,July,2023-07-15,Saturday,2023-07-17,Ravindra Bavan,Nil,Goa,"15.285699213335, 73.96285214635485",TWO WHEELER,TWO WHEELER,1,1,32,MALE,NH,Head On Collision,15.285699213335,73.96285214635485,1.0,32.0,32.0,32.0,VEHICLE,2023,7,5
2415,July,2023-07-15,Saturday,2023-07-17,Pawa,Ludhiana,Punjab,"30.850077716745062, 75.94999913525656",TWO WHEELER,CAR,1,0,35,MALE,SH,Others,30.850077716745066,75.94999913525656,1.0,35.0,35.0,35.0,VEHICLE,2023,7,5
2418,July,2023-07-15,Saturday,2023-07-18,Ghatagarh,Nil,Uttarakhand,"29.333073306861817, 79.38349265403892",CAR,GORGE,2,5,"27,25",BOTH,SH,Vehicle Overturn,29.333073306861817,79.38349265403892,2.0,26.0,25.0,27.0,OBJECT,2023,7,5
2419,July,2023-07-17,Monday,2023-07-18,Shamirpet,Nil,Telangana,"17.580734513527336, 78.57458477358307",CAR,TRUCK,3,2,"28,22",MALE,SH,Others,17.580734513527336,78.57458477358307,2.0,25.0,22.0,28.0,VEHICLE,2023,7,0
2420,July,2023-07-18,Tuesday,2023-07-18,Kalyan,Nil,Maharashtra,"19.283361250550453, 73.07296920761755",SUV,TRUCK,6,5,,,SH,Others,19.283361250550453,73.07296920761755,,,,,VEHICLE,2023,7,1
2421,July,2023-07-18,Tuesday,2023-07-19,Baikampadi,Nil,Karnataka,"12.943582147536443, 74.81411353584795",TWO WHEELER,PICK UP,1,0,69,MALE,NH,Hit From Back,12.943582147536445,74.81411353584795,1.0,69.0,69.0,69.0,VEHICLE,2023,7,1
2422,July,2023-07-18,Tuesday,2023-07-19,Padgha,Nil,Maharashtra,"19.365221775630904, 73.17595276220383",SUV,TRUCK,6,5,"50,19,24,30,19",BOTH,NH,Head On Collision,19.365221775630904,73.17595276220383,5.0,28.4,19.0,50.0,VEHICLE,2023,7,1
2423,July,2023-07-17,Monday,2023-07-19,Bheru Ghat,Nil,Madhya Pradesh,"22.504709484339912, 75.92007233696539",CAR,TRACTOR,1,11,,MALE,SH,Others,22.504709484339912,75.92007233696539,,,,,VEHICLE,2023,7,0
2427,July,2023-07-19,Wednesday,2023-07-20,Akbarpur,Nil,Rajasthan,"27.44783933216395, 76.53375801558228",CAR,WALL,2,3,"32,28",MALE,NH,Fixed Object Collision,27.44783933216395,76.53375801558228,2.0,30.0,28.0,32.0,OBJECT,2023,7,2
2428,July,2023-07-19,Wednesday,2023-07-21,ISKCON highway,Ahmedabad,Gujarat,"23.02732350414269, 72.50753759363785",PEDESTRIAN,SUV,9,13,"20,19,21,22,35",BOTH,NH,Hit and Run,23.02732350414269,72.50753759363785,5.0,23.4,19.0,35.0,VEHICLE,2023,7,2
2430,July,2023-07-18,Tuesday,2023-07-22,Baikampadi,Nil,Karnataka,"12.943513792330437, 74.81393688632957",CAR,TRUCK,1,0,25,MALE,NH,Hit From Back,12.943513792330435,74.81393688632957,1.0,25.0,25.0,25.0,VEHICLE,2023,7,1
2433,July,2023-07-22,Saturday,2023-07-23,Ambilikai,Nil,Tamil Nadu,"10.545448277689148, 77.72481674274873",VAN,BUS,1,12,34,MALE,NH,Head On Collision,10.545448277689148,77.72481674274873,1.0,34.0,34.0,34.0,VEHICLE,2023,7,5
2434,July,2023-07-23,Sunday,2023-07-24,Roorkee,Nil,Uttarakhand,"29.850175100254447, 77.88694358522265",TWO WHEELER,TRUCK,3,0,"26,22,24",MALE,SH,Head On Collision,29.850175100254447,77.88694358522265,3.0,24.0,22.0,26.0,VEHICLE,2023,7,6
2435,July,2023-07-23,Sunday,2023-07-24,Paderu,Nil,Andhra Pradesh,"18.080453178547184, 82.6669331188854",AUTO RICKSHAW,BUS,1,2,1,FEMALE,SH,Head On Collision,18.080453178547184,82.6669331188854,1.0,1.0,1.0,1.0,VEHICLE,2023,7,6
2436,July,2023-07-23,Sunday,2023-07-24,Dausa,Nil,Rajasthan,"26.9068433148575, 76.35992210416484",CAR,NIL,2,4,"18,60",FEMALE,NH,Vehicle Overturn,26.9068433148575,76.35992210416484,2.0,39.0,18.0,60.0,UNKNOWN,2023,7,6
2441,July,2023-07-24,Monday,2023-07-26,Awadh Hospital,Nagpur,Maharashtra,"21.18941356729714, 79.07890706183645",PEDESTRIAN,TWO WHEELER,1,0,52,MALE,NH,Hit and Run,21.18941356729714,79.07890706183645,1.0,52.0,52.0,52.0,VEHICLE,2023,7,0
2442,July,2023-07-26,Wednesday,2023-07-27,Nirmala College,Nil,Kerala,"9.975463714604954, 76.59383233149221",TWO WHEELER,TWO WHEELER,1,1,,MALE,SH,Head On Collision,9.975463714604954,76.59383233149221,,,,,VEHICLE,2023,7,2
2443,July,2023-07-25,Tuesday,2023-07-27,Pandya Bridge,Vadodara,Gujarat,"22.3220783810779, 73.17605703784807",CAR,WALL,1,1,24,MALE,SH,Fixed Object Collision,22.3220783810779,73.17605703784807,1.0,24.0,24.0,24.0,OBJECT,2023,7,1
2444,July,2023-07-27,Thursday,2023-07-28,Ayali Chowk,Ludhiana,Punjab,"30.879510975642283, 75.76906901058389",TWO WHEELER,BUS,1,0,74,MALE,NH,Hit From Back,30.879510975642283,75.76906901058389,1.0,74.0,74.0,74.0,VEHICLE,2023,7,3
2445,July,2023-07-27,Thursday,2023-07-28,Gaimukh Chaupatty,Nil,Maharashtra,"19.28685281469373, 72.93836246853392",TWO WHEELER,TRUCK,1,0,35,MALE,NH,Hit From Back,19.28685281469373,72.93836246853392,1.0,35.0,35.0,35.0,VEHICLE,2023,7,3
2447,July,2023-07-29,Saturday,2023-07-29,Malkapur,Nil,Maharashtra,"20.889867680066132, 76.20250172504635",BUS,BUS,6,49,"38,60,28,45",,NH,Head On Collision,20.88986768006613,76.20250172504635,4.0,42.75,28.0,60.0,VEHICLE,2023,7,5
2448,July,2023-07-27,Thursday,2023-07-29,Hoskote,Bengaluru,Karnataka,"13.076727502263422, 77.79484940283191",TWO WHEELER,TRUCK,3,0,"18,38",BOTH,NH,Others,13.076727502263422,77.79484940283191,2.0,28.0,18.0,38.0,VEHICLE,2023,7,3
2453,July,2023-07-29,Saturday,2023-07-31,Talegaon Chowk,Nil,Maharashtra,"18.75535044546152, 73.85912705337374",TWO WHEELER,TRUCK,1,0,57,MALE,NH,Head On Collision,18.75535044546152,73.85912705337374,1.0,57.0,57.0,57.0,VEHICLE,2023,7,5
2454,July,2023-07-30,Sunday,2023-07-31,Madipur Metro Station,Delhi,Delhi,"28.67623196909067, 77.11976228444232",CAR,TRUCK,1,0,57,MALE,NH,Hit From Back,28.67623196909067,77.11976228444232,1.0,57.0,57.0,57.0,VEHICLE,2023,7,6
2455,July,2023-07-29,Saturday,2023-07-31,Arkavathi Bridge,Bengaluru,Karnataka,"13.063983630489103, 77.45675696322222",CAR,TREE,1,0,32,MALE,NH,Fixed Object Collision,13.063983630489105,77.45675696322222,1.0,32.0,32.0,32.0,OBJECT,2023,7,5
2459,July,2023-07-30,Sunday,2023-07-31,Malshej Ghat,Nil,Maharashtra,"19.340618340547415, 73.77462947984067",CAR,NIL,1,3,14,MALE,NH,Run Off Road,19.34061834054741,73.77462947984067,1.0,14.0,14.0,14.0,UNKNOWN,2023,7,6
2460,July,2023-07-30,Sunday,2023-07-31,Kardhani,Jaipur,Rajasthan,"26.94906715698638, 75.71400779494428",CAR,CAR,1,1,,FEMALE,SH,Hit From Back,26.94906715698638,75.71400779494428,,,,,VEHICLE,2023,7,6
2465,August,2023-07-31,Monday,2023-08-01,Usillampatti,Nil,Tamil Nadu,"9.971974262218028, 77.79014828374513",TWO WHEELER,DIVIDER,2,3,"38,2",BOTH,SH,Fixed Object Collision,9.971974262218028,77.79014828374513,2.0,20.0,2.0,38.0,OBJECT,2023,7,0
2466,August,2023-07-31,Monday,2023-08-01,Chatiram Bus Stand,Trichy,Tamil Nadu,"10.832967682603115, 78.69238286688336",TWO WHEELER,BUS,1,1,17,FEMALE,NH,With Parked Vehicle,10.832967682603115,78.69238286688336,1.0,17.0,17.0,17.0,VEHICLE,2023,7,0
2469,August,2023-08-02,Wednesday,2023-08-03,Exit Ramp,Kolkata,West Bengal,"22.555050138826292, 88.33043791686306",TWO WHEELER,UNIDENTIFIED,1,1,30,MALE,NH,Hit and Run,22.55505013882629,88.33043791686306,1.0,30.0,30.0,30.0,UNKNOWN,2023,8,2
2471,August,2023-08-03,Thursday,2023-08-03,Khopoli,Nil,Maharashtra,"18.792626273646214, 73.33704445145202",TRUCK,TRUCK,1,2,43,MALE,NH,Head On Collision,18.792626273646214,73.33704445145202,1.0,43.0,43.0,43.0,VEHICLE,2023,8,3
2473,August,2023-08-02,Wednesday,2023-08-03,Seohara,Nil,Uttar Pradesh,"29.20948828934745, 78.58331005758735",BUS,CANAL,1,12,8,MALE,SH,Vehicle Overturn,29.20948828934745,78.58331005758735,1.0,8.0,8.0,8.0,OBJECT,2023,8,2
2476,August,2023-08-03,Thursday,2023-08-05,Gajuwaka Police Station,Vizag,Andhra Pradesh,"17.683561808411792, 83.19321085391269",TWO WHEELER,LORRY,1,1,25,MALE,SH,Hit From Back,17.683561808411792,83.19321085391269,1.0,25.0,25.0,25.0,VEHICLE,2023,8,3
2477,August,2023-08-04,Friday,2023-08-05,Sadabad,Nil,Uttar Pradesh,"27.440396502183667, 78.03091351380608",TRACTOR,TRUCK,6,8,"45,22,12,18,20,20",BOTH,NH,Others,27.440396502183667,78.03091351380608,6.0,22.833333333333332,12.0,45.0,VEHICLE,2023,8,4
2479,August,2023-08-05,Saturday,2023-08-06,Shravasti,Nil,Uttar Pradesh,"27.505391980187067, 82.03554597788651",SUV,TREE,5,1,"18,28",BOTH,NH,Fixed Object Collision,27.505391980187067,82.03554597788651,2.0,23.0,18.0,28.0,OBJECT,2023,8,5
2481,August,2023-08-06,Sunday,2023-08-07,Nagjhiri,Nil,Madhya Pradesh,"23.351381514008605, 75.51082712167447",PEDESTRIAN,TRUCK,1,1,37,FEMALE,SH,Head On Collision,23.351381514008605,75.51082712167447,1.0,37.0,37.0,37.0,VEHICLE,2023,8,6
2483,August,2023-08-06,Sunday,2023-08-07,Banastarim Bridge,Nil,Goa,"15.49083550304323, 73.9557638984226",TWO WHEELER,SUV,3,6,"58,52,26",BOTH,NH,Others,15.49083550304323,73.9557638984226,3.0,45.333333333333336,26.0,58.0,VEHICLE,2023,8,6
2488,August,2023-08-07,Monday,2023-08-08,Bareilly-Badaun Road,Nil,Uttar Pradesh,"28.19040134234527, 79.28255945008567",TWO WHEELER,UNIDENTIFIED,3,0,"30,30,28",MALE,NH,Hit and Run,28.19040134234527,79.28255945008567,3.0,29.333333333333332,28.0,30.0,UNKNOWN,2023,8,0
2489,August,2023-08-07,Monday,2023-08-08,Hargaon,Nil,Uttar Pradesh,"27.772346668282772, 80.72960972130268",PEDESTRIAN,BUS,1,0,48,MALE,SH,Hit and Run,27.77234666828277,80.72960972130268,1.0,48.0,48.0,48.0,VEHICLE,2023,8,0
2492,August,2023-08-07,Monday,2023-08-08,East Khasi Hills,Nil,Meghalaya,"25.300237533937473, 91.721516168988",TRUCK,GORGE,3,2,,MALE,SH,Vehicle Overturn,25.300237533937477,91.721516168988,,,,,OBJECT,2023,8,0
2493,August,2023-08-07,Monday,2023-08-09,Dengarbond,Nil,Assam,"24.489269130175998, 92.32088668537024",AUTO RICKSHAW,TRUCK,3,4,48,BOTH,NH,With Parked Vehicle,24.489269130176,92.32088668537024,1.0,48.0,48.0,48.0,VEHICLE,2023,8,0
2494,August,2023-08-08,Tuesday,2023-08-09,Danpur,Nil,Uttar Pradesh,"28.195515241977162, 78.2066165868646",VAN,UNIDENTIFIED,4,1,"25,18,20,18",MALE,NH,Hit and Run,28.19551524197716,78.2066165868646,4.0,20.25,18.0,25.0,UNKNOWN,2023,8,1
2496,August,2023-08-08,Tuesday,2023-08-09,Mashobra,Nil,Himachal Pradesh,"31.11378662074655, 77.24902954991805",PICK UP,TRUCK,2,0,,,NH,Head On Collision,31.11378662074655,77.24902954991805,,,,,VEHICLE,2023,8,1
2497,August,2023-08-09,Wednesday,2023-08-10,Aikala,Nil,Karnataka,"13.074535702868497, 74.86041520538336",CAR,TRUCK,1,4,48,MALE,SH,Others,13.074535702868497,74.86041520538336,1.0,48.0,48.0,48.0,VEHICLE,2023,8,2
2498,August,2023-08-09,Wednesday,2023-08-10,Gollaradoddi,Nil,Karnataka,"12.858929474582107, 77.29557672731572",PEDESTRIAN,PICK UP,2,7,"5,8",BOTH,SH,Hit and Run,12.858929474582109,77.29557672731572,2.0,6.5,5.0,8.0,VEHICLE,2023,8,2
2499,August,2023-08-09,Wednesday,2023-08-10,Chakan Petrol Depot,Nil,Maharashtra,"18.760809982696408, 73.8595543897488",TWO WHEELER,TRUCK,1,0,40,MALE,NH,Others,18.760809982696408,73.8595543897488,1.0,40.0,40.0,40.0,VEHICLE,2023,8,2
2500,August,2023-08-08,Tuesday,2023-08-10,Shikrapur Road,Nil,Maharashtra,"18.752416135806623, 73.86340955037326",TWO WHEELER,TRUCK,1,1,19,FEMALE,NH,Hit From Back,18.752416135806623,73.86340955037326,1.0,19.0,19.0,19.0,VEHICLE,2023,8,1
2501,August,2023-08-10,Thursday,2023-08-11,NH1-Samrala Road,Nil,Punjab,"30.834867727188282, 76.19018025869389",TWO WHEELER,CAR,1,0,65,MALE,SH,Head On Collision,30.83486772718828,76.19018025869389,1.0,65.0,65.0,65.0,VEHICLE,2023,8,3
2502,August,2023-08-09,Wednesday,2023-08-11,GT Road,Ludhiana,Punjab,"30.903301297560976, 75.88262065529933",PEDESTRIAN,CAR,1,0,28,MALE,NH,Hit and Run,30.903301297560976,75.88262065529933,1.0,28.0,28.0,28.0,VEHICLE,2023,8,2
2504,August,2023-08-10,Thursday,2023-08-11,Katraj-Kondwa Road,Pune,Maharashtra,"18.44979819014267, 73.87480734165986",TWO WHEELER,TRUCK,1,5,45,MALE,NH,Others,18.44979819014267,73.87480734165986,1.0,45.0,45.0,45.0,VEHICLE,2023,8,3
2505,August,2023-08-09,Wednesday,2023-08-11,Weigh Bridge,Pune,Maharashtra,"18.56975887441897, 73.95195534701449",TWO WHEELER,TRUCK,1,0,74,MALE,SH,Hit From Back,18.56975887441897,73.95195534701449,1.0,74.0,74.0,74.0,VEHICLE,2023,8,2
2507,August,2023-08-10,Thursday,2023-08-11,Rampur Baghelan,Nil,Madhya Pradesh,"24.51108255238158, 81.0590308442248",CAR,NIL,1,2,22,MALE,SH,Run Off Road,24.51108255238158,81.0590308442248,1.0,22.0,22.0,22.0,UNKNOWN,2023,8,3
2508,August,2023-08-10,Thursday,2023-08-11,Seneerkuppam,Chennai,Tamil Nadu,"13.056567845953595, 80.11598016359757",TWO WHEELER,NIL,1,0,22,MALE,NH,Run Off Road,13.056567845953596,80.11598016359757,1.0,22.0,22.0,22.0,UNKNOWN,2023,8,3
2509,August,2023-08-11,Friday,2023-08-11,Churah,Nil,Himachal Pradesh,"32.837051424234, 76.14740975481766",SUV,GORGE,7,4,,MALE,SH,Vehicle Overturn,32.837051424234,76.14740975481766,,,,,OBJECT,2023,8,4
2512,August,2023-08-12,Saturday,2023-08-12,Bijnor-Moradabad,Nil,Uttar Pradesh,"29.110684428396393, 78.45452061817029",TWO WHEELER,CAR,2,1,"55,45",MALE,SH,Head On Collision,29.110684428396397,78.45452061817029,2.0,50.0,45.0,55.0,VEHICLE,2023,8,5
2514,August,2023-08-11,Friday,2023-08-12,NH 91,Meerut,Uttar Pradesh,"28.96978784143976, 77.72308708067644",BUS,TRUCK,4,11,"26,18,70,35",BOTH,NH,Hit From Back,28.96978784143976,77.72308708067644,4.0,37.25,18.0,70.0,VEHICLE,2023,8,4
2515,August,2023-08-12,Saturday,2023-08-13,Banthadi,Nil,Rajasthan,"27.272623194584476, 74.3461514780576",SUV,BUS,7,2,"22,28,15,18,30,17,21",BOTH,NH,Head On Collision,27.27262319458448,74.3461514780576,7.0,21.571428571428573,15.0,30.0,VEHICLE,2023,8,5
2516,August,2023-08-11,Friday,2023-08-13,Dwarka Junction,Nashik,Maharashtra,"19.993786773445137, 73.7973335560066",TWO WHEELER,TRACTOR,1,1,54,FEMALE,NH,Head On Collision,19.993786773445137,73.7973335560066,1.0,54.0,54.0,54.0,VEHICLE,2023,8,4
2518,August,2023-08-12,Saturday,2023-08-14,Trambakeshwar Rd,Nashik,Maharashtra,"19.985659622504702, 73.72347856930219",TWO WHEELER,BUS,1,0,,MALE,NH,Hit From Side,19.985659622504706,73.72347856930219,,,,,VEHICLE,2023,8,5
2519,August,2023-08-12,Saturday,2023-08-14,Mumbai-Agra Highway,Nashik,Maharashtra,"20.009985337345462, 73.80736261116807",PEDESTRIAN,TRUCK,1,0,20,MALE,NH,Hit and Run,20.009985337345466,73.80736261116807,1.0,20.0,20.0,20.0,VEHICLE,2023,8,5
2521,August,2023-08-13,Sunday,2023-08-14,Valanjanaganam Waterfalls,Nil,Kerala,"9.562848772816334, 76.97744036837142",CAR,BOULDER,1,4,67,FEMALE,NH,Fixed Object Collision,9.562848772816334,76.97744036837142,1.0,67.0,67.0,67.0,VEHICLE,2023,8,6
2522,August,2023-08-13,Sunday,2023-08-14,Aganampudi,Vizag,Andhra Pradesh,"17.688816813889716, 83.13536095932004",TWO WHEELER,LORRY,1,1,55,FEMALE,SH,Head On Collision,17.688816813889716,83.13536095932004,1.0,55.0,55.0,55.0,VEHICLE,2023,8,6
2529,August,2023-08-16,Wednesday,2023-08-16,Yellanda,Nil,Telangana,"17.79050970644225, 79.59373705001147",AUTO RICKSHAW,TRUCK,4,3,,MALE,SH,Head On Collision,17.79050970644225,79.59373705001147,,,,,VEHICLE,2023,8,2
2530,August,2023-08-16,Wednesday,2023-08-16,Hansot,Nil,Gujarat,"21.58310869442561, 72.81583668894363",CAR,CAR,5,1,,BOTH,NH,Head On Collision,21.58310869442561,72.81583668894363,,,,,VEHICLE,2023,8,2
2531,August,2023-08-14,Monday,2023-08-16,Sultanpur,Nil,Haryana,"28.46389670070146, 76.86761282185974",PEDESTRIAN,UNIDENTIFIED,1,0,5,MALE,SH,Hit and Run,28.46389670070146,76.86761282185974,1.0,5.0,5.0,5.0,UNKNOWN,2023,8,0
2532,August,2023-08-13,Sunday,2023-08-16,Sohna,Nil,Haryana,"28.24920565718072, 77.07056343317039",PEDESTRIAN,CAR,1,0,25,MALE,NH,Hit and Run,28.24920565718072,77.07056343317039,1.0,25.0,25.0,25.0,VEHICLE,2023,8,6
2533,August,2023-08-15,Tuesday,2023-08-16,Damain De Goa,Nil,Goa,"15.545454618404014, 73.81973857583796",TWO WHEELER,CAR,1,0,28,MALE,NH,Hit From Back,15.545454618404014,73.81973857583796,1.0,28.0,28.0,28.0,VEHICLE,2023,8,1
2534,August,2023-08-15,Tuesday,2023-08-17,Nildoh,Nagpur,Maharashtra,"21.10828200994058, 78.9973576948831",CAR,CAR,1,0,20,FEMALE,SH,Head On Collision,21.10828200994058,78.9973576948831,1.0,20.0,20.0,20.0,VEHICLE,2023,8,1
2535,August,2023-08-15,Tuesday,2023-08-17,Manewada Ring Rd,Nagpur,Maharashtra,"21.10530315457456, 79.1023890007021",TWO WHEELER,CAR,1,0,28,MALE,SH,Hit From Back,21.10530315457456,79.1023890007021,1.0,28.0,28.0,28.0,VEHICLE,2023,8,1
2538,August,2023-08-17,Thursday,2023-08-18,Jagiroad,Nil,Assam,"26.126260291002918, 92.22288940239844",CAR,TRUCK,1,1,55,MALE,NH,With Parked Vehicle,26.12626029100292,92.22288940239844,1.0,55.0,55.0,55.0,VEHICLE,2023,8,3
2539,August,2023-08-17,Thursday,2023-08-18,Karukutty,Nil,Kerala,"10.220069377607278, 76.37654768696075",TWO WHEELER,TRUCK,1,0,70,MALE,NH,With Parked Vehicle,10.220069377607278,76.37654768696075,1.0,70.0,70.0,70.0,VEHICLE,2023,8,3
2541,August,2023-08-16,Wednesday,2023-08-18,Devanhalli,Nil,Karnataka,"13.247219024008837, 77.71523898888026",AUTO RICKSHAW,CAR,1,0,35,MALE,SH,Head On Collision,13.247219024008835,77.71523898888026,1.0,35.0,35.0,35.0,VEHICLE,2023,8,2
2542,August,2023-08-17,Thursday,2023-08-19,Vellore Junction,Nil,Tamil Nadu,"12.973442283421878, 79.13679354809453",TWO WHEELER,CAR,1,0,19,MALE,NH,Head On Collision,12.973442283421878,79.13679354809453,1.0,19.0,19.0,19.0,VEHICLE,2023,8,3
2543,August,2023-08-18,Friday,2023-08-19,Masuri,Nil,Uttar Pradesh,"28.690276131788746, 77.55656718405524",TWO WHEELER,TRUCK,2,0,"26,48",BOTH,NH,Hit From Back,28.690276131788742,77.55656718405524,2.0,37.0,26.0,48.0,VEHICLE,2023,8,4
2544,August,2023-08-17,Thursday,2023-08-19,Punasa,Nil,Madhya Pradesh,"22.228147119078038, 76.3892470157241",CAR,TRUCK,5,0,"24,25,26,36,40",BOTH,NH,Head On Collision,22.22814711907804,76.3892470157241,5.0,30.2,24.0,40.0,VEHICLE,2023,8,3
2545,August,2023-08-18,Friday,2023-08-19,Zaheerabad,Nil,Telangana,"17.681089254303846, 77.61236092908304",SUV,LORRY,2,0,"27,30",MALE,NH,With Parked Vehicle,17.681089254303846,77.61236092908304,2.0,28.5,27.0,30.0,VEHICLE,2023,8,4
2547,August,2023-08-19,Saturday,2023-08-20,Kiari,Nil,Jammu,"33.478381280053554, 78.12942261481611",TRUCK,GORGE,9,1,,MALE,NH,Run Off Road,33.478381280053554,78.12942261481611,,,,,OBJECT,2023,8,5
2548,August,2023-08-19,Saturday,2023-08-20,Kalluzuvvalapadu,Nil,Andhra Pradesh,"15.66117681454957, 79.37095283899914",TWO WHEELER,LORRY,3,0,"17,17,18",MALE,NH,Head On Collision,15.66117681454957,79.37095283899914,3.0,17.333333333333332,17.0,18.0,VEHICLE,2023,8,5
2549,August,2023-08-19,Saturday,2023-08-20,Kohefiza,Bhopal,Madhya Pradesh,"23.264444809516142, 77.36799818599366",CAR,DIVIDER,1,2,22,MALE,NH,Fixed Object Collision,23.264444809516142,77.36799818599366,1.0,22.0,22.0,22.0,OBJECT,2023,8,5
2550,August,2023-08-19,Saturday,2023-08-21,Dantour,Nil,Rajasthan,"28.447514038563543, 72.50583094706732",TRACTOR,NIL,2,0,,MALE,SH,Run Off Road,28.447514038563543,72.50583094706732,,,,,UNKNOWN,2023,8,5
2552,August,2023-08-19,Saturday,2023-08-21,Suramangalam,Nil,Tamil Nadu,"11.672412197067684, 78.11336365577785",TWO WHEELER,TRUCK,1,0,23,MALE,SH,Hit From Back,11.672412197067684,78.11336365577785,1.0,23.0,23.0,23.0,VEHICLE,2023,8,5
2555,August,2023-08-19,Saturday,2023-08-21,Ambience Mall,Nil,Haryana,"28.505679419621313, 77.09515629776202",TWO WHEELER,TRUCK,1,0,45,MALE,NH,Hit From Back,28.505679419621316,77.09515629776202,1.0,45.0,45.0,45.0,VEHICLE,2023,8,5
2557,August,2023-08-22,Tuesday,2023-08-22,Janetpur,Nil,Haryana,"30.40225062567659, 76.84004836169441",BUS,NIL,1,20,50,FEMALE,NH,Run Off Road,30.40225062567659,76.84004836169441,1.0,50.0,50.0,50.0,UNKNOWN,2023,8,1
2558,August,2023-08-20,Sunday,2023-08-22,Pahadishareef,Nil,Telangana,"17.271495902783936, 78.47430228461764",TWO WHEELER,CAR,2,1,"6,31",MALE,NH,Head On Collision,17.271495902783936,78.47430228461764,2.0,18.5,6.0,31.0,VEHICLE,2023,8,6
2560,August,2023-08-20,Sunday,2023-08-22,Kamarjar Salai,Madurai,Tamil Nadu,"9.915441411988324, 78.13896722200971",PEDESTRIAN,VAN,1,0,57,FEMALE,NH,Hit and Run,9.915441411988324,78.13896722200971,1.0,57.0,57.0,57.0,VEHICLE,2023,8,6
2561,August,2023-08-20,Sunday,2023-08-22,Annur Rd,Nil,Tamil Nadu,"11.298174176722066, 76.94513587158295",TWO WHEELER,AMBULANCE,1,2,21,MALE,SH,Head On Collision,11.298174176722066,76.94513587158295,1.0,21.0,21.0,21.0,VEHICLE,2023,8,6
2563,August,2023-08-22,Tuesday,2023-08-23,Ladwa,Nil,Haryana,"29.9957053797992, 77.0486020196515",PEDESTRIAN,TRUCK,3,0,"31,29,7",BOTH,SH,Hit and Run,29.9957053797992,77.0486020196515,3.0,22.333333333333332,7.0,31.0,VEHICLE,2023,8,1
2564,August,2023-08-20,Sunday,2023-08-23,Hoshangabad,Nil,Madhya Pradesh,"22.751634702786603, 77.73461701052376",TWO WHEELER,NIL,1,1,38,FEMALE,SH,Run Off Road,22.751634702786603,77.73461701052376,1.0,38.0,38.0,38.0,UNKNOWN,2023,8,6
2565,August,2023-08-24,Thursday,2023-08-24,Nanguneri,Nil,Tamil Nadu,"8.498665296965612, 77.6462597092211",CAR,DIVIDER,1,2,32,MALE,NH,Fixed Object Collision,8.498665296965612,77.6462597092211,1.0,32.0,32.0,32.0,OBJECT,2023,8,3
2566,August,2023-08-22,Tuesday,2023-08-24,Ambikapur,Nil,Chhattisgarh,"23.13316258972121, 83.18878594223186",TWO WHEELER,TWO WHEELER,1,4,20,MALE,SH,Head On Collision,23.13316258972121,83.18878594223186,1.0,20.0,20.0,20.0,VEHICLE,2023,8,1
2567,August,2023-08-23,Wednesday,2023-08-24,Shahpura,Nil,Rajasthan,"27.388980544486092, 75.96671846191002",TWO WHEELER,TRUCK,1,2,5,MALE,NH,Hit From Back,27.38898054448609,75.96671846191002,1.0,5.0,5.0,5.0,VEHICLE,2023,8,2
2570,August,2023-08-25,Friday,2023-08-25,Thalappuzha,Nil,Kerala,"11.840930233375301, 75.95055112014207",SUV,GORGE,9,5,"57,55,60,60,47,62,65,55,32",,SH,Vehicle Overturn,11.8409302333753,75.95055112014207,9.0,54.77777777777778,32.0,65.0,OBJECT,2023,8,4
2572,August,2023-08-24,Thursday,2023-08-26,Maraimalai Nagar,Nil,Tamil Nadu,"12.791326441035999, 80.01769579977045",TWO WHEELER,BUS,1,1,20,MALE,NH,Hit From Back,12.791326441036,80.01769579977045,1.0,20.0,20.0,20.0,VEHICLE,2023,8,3
2573,August,2023-08-25,Friday,2023-08-26,Guduvancheri,Nil,Tamil Nadu,"12.846801349674353, 80.06235325918077",TWO WHEELER,VAN,1,0,32,FEMALE,NH,Hit From Side,12.846801349674353,80.06235325918077,1.0,32.0,32.0,32.0,VEHICLE,2023,8,4
2574,August,2023-08-26,Saturday,2023-08-27,Changsari,Nil,Assam,"26.256250000402886, 91.69280263799766",TWO WHEELER,CRANE,2,0,"55,37",BOTH,NH,Head On Collision,26.256250000402886,91.69280263799766,2.0,46.0,37.0,55.0,VEHICLE,2023,8,5
2575,August,2023-08-26,Saturday,2023-08-27,Alamganj,Nil,Assam,"26.128804962300286, 90.0254069171231",AUTO RICKSHAW,VAN,4,0,,FEMALE,NH,Head On Collision,26.128804962300286,90.0254069171231,,,,,VEHICLE,2023,8,5
2576,August,2023-08-26,Saturday,2023-08-27,Ghilamora,Nil,Assam,"27.31703597739719, 94.41760606780939",PEDESTRIAN,TRUCK,1,0,,MALE,SH,Hit and Run,27.31703597739719,94.4176060678094,,,,,VEHICLE,2023,8,5
2577,August,2023-08-26,Saturday,2023-08-27,Dima Hasao,Nil,Assam,"25.393771643853654, 92.98962189205335",TWO WHEELER,TRUCK,2,0,"17,39",MALE,NH,Head On Collision,25.39377164385365,92.98962189205336,2.0,28.0,17.0,39.0,VEHICLE,2023,8,5
2579,August,2023-08-26,Saturday,2023-08-27,Bheemili,Vizag,Andhra Pradesh,"17.895374230787624, 83.44778969493336",CAR,TREE,1,2,20,MALE,SH,Fixed Object Collision,17.895374230787624,83.44778969493336,1.0,20.0,20.0,20.0,OBJECT,2023,8,5
2586,August,2023-08-28,Monday,2023-08-29,Ghodbunder Rd,Mumbai,Maharashtra,"19.280128171189915, 72.93019233843965",TWO WHEELER,DIVIDER,1,0,25,MALE,SH,Fixed Object Collision,19.280128171189915,72.93019233843965,1.0,25.0,25.0,25.0,OBJECT,2023,8,0
2587,August,2023-08-27,Sunday,2023-08-29,Ambad midc area,Nashik,Maharashtra,"19.960408654471735, 73.75268243502768",TWO WHEELER,TRUCK,1,0,41,MALE,NH,Hit From Back,19.96040865447173,73.75268243502768,1.0,41.0,41.0,41.0,VEHICLE,2023,8,6
2588,August,2023-08-28,Monday,2023-08-29,Trimbak Rd,Nashik,Maharashtra,"19.98603451987088, 73.72394889574069",CAR,DIVIDER,1,0,46,MALE,NH,Fixed Object Collision,19.98603451987088,73.72394889574069,1.0,46.0,46.0,46.0,OBJECT,2023,8,0
2590,August,2023-08-30,Wednesday,2023-08-30,Pakhnari,Nil,Bihar,"24.976070430300325, 83.89878856152365",SUV,TRUCK,7,2,"45,42,12,22,20,60",BOTH,NH,With Parked Vehicle,24.976070430300325,83.89878856152365,6.0,33.5,12.0,60.0,VEHICLE,2023,8,2
2592,August,2023-08-29,Tuesday,2023-08-30,Pendurthi,Vizag,Andhra Pradesh,"17.814127169015446, 83.20677087782397",CAR,LORRY,1,4,27,MALE,SH,Hit From Back,17.814127169015446,83.20677087782397,1.0,27.0,27.0,27.0,VEHICLE,2023,8,1
2595,August,2023-08-28,Monday,2023-08-30,Chamorshi Rd,Nil,Maharashtra,"20.16410972916241, 80.00055656151187",TRUCK,TRUCK,1,1,,MALE,NH,Head On Collision,20.16410972916241,80.00055656151187,,,,,VEHICLE,2023,8,0
2597,August,2023-08-29,Tuesday,2023-08-31,Kham Kheda,Nil,Madhya Pradesh,"23.385506251333524, 77.39998461391264",AUTO RICKSHAW,SUV,3,4,"48,48,60",FEMALE,SH,Head On Collision,23.385506251333524,77.39998461391264,3.0,52.0,48.0,60.0,VEHICLE,2023,8,1
2598,September,2023-08-31,Thursday,2023-09-01,Red Light Multan Nagar,Delhi,Delhi,"28.6781524924097, 77.1048332973475",TWO WHEELER,TRUCK,2,0,"23,23",MALE,NH,Hit From Side,28.6781524924097,77.1048332973475,2.0,23.0,23.0,23.0,VEHICLE,2023,8,3
2599,September,2023-08-31,Thursday,2023-09-01,Pedda Amberpet,Nil,Telangana,"17.319861649675634, 78.64434500581801",PEDESTRIAN,LORRY,1,0,50,MALE,NH,Hit and Run,17.319861649675634,78.64434500581801,1.0,50.0,50.0,50.0,VEHICLE,2023,8,3
2602,September,2023-08-31,Thursday,2023-09-01,Karnavati Club,Ahmedabad,Gujarat,"23.01935123322296, 72.5048671045704",PEDESTRIAN,CAR,1,0,47,MALE,NH,Hit and Run,23.01935123322296,72.5048671045704,1.0,47.0,47.0,47.0,VEHICLE,2023,8,3
2605,September,2023-08-30,Wednesday,2023-09-02,Mumbai-Agra Highway,Nashik,Maharashtra,"20.009338517755914, 73.8062804904404",TWO WHEELER,TRUCK,1,0,26,MALE,NH,Head On Collision,20.009338517755918,73.8062804904404,1.0,26.0,26.0,26.0,VEHICLE,2023,8,2
2606,September,2023-08-30,Wednesday,2023-09-02,Garware Point,Nashik,Maharashtra,"19.943708309904483, 73.74409013741382",TWO WHEELER,NIL,1,0,32,MALE,NH,Run Off Road,19.943708309904483,73.74409013741382,1.0,32.0,32.0,32.0,UNKNOWN,2023,8,2
2607,September,2023-08-31,Thursday,2023-09-02,Sehjada Nangal,Nil,Punjab,"32.032173218768584, 75.41545110577637",PICK UP,TRUCK,2,0,,MALE,NH,Head On Collision,32.032173218768584,75.41545110577637,,,,,VEHICLE,2023,8,3
2608,September,2023-08-31,Thursday,2023-09-02,Bhadalwal,Nil,Punjab,"30.424678150955224, 75.56647545354616",CAR,TRACTOR,4,0,"40,14",MALE,SH,Head On Collision,30.424678150955224,75.56647545354616,2.0,27.0,14.0,40.0,VEHICLE,2023,8,3
2609,September,2023-09-03,Sunday,2023-09-03,Kadiri,Nil,Andhra Pradesh,"14.116153888221081, 78.15873631438839",AUTO RICKSHAW,CAR,3,5,,,NH,Hit From Side,14.11615388822108,78.15873631438839,,,,,VEHICLE,2023,9,6
2612,September,2023-09-03,Sunday,2023-09-04,Porvorim,Nil,Goa,"15.534296733149244, 73.82381654059952",CAR,TREE,3,2,"26,21,22",BOTH,NH,Fixed Object Collision,15.534296733149244,73.82381654059952,3.0,23.0,21.0,26.0,OBJECT,2023,9,6
2613,September,2023-09-03,Sunday,2023-09-04,Itwari,Nagpur,Maharashtra,"21.14966937257455, 79.11163612491369",TWO WHEELER,TWO WHEELER,1,1,42,MALE,NH,Hit From Side,21.14966937257455,79.11163612491369,1.0,42.0,42.0,42.0,VEHICLE,2023,9,6
2614,September,2023-09-04,Monday,2023-09-04,Mallapura,Nil,Karnataka,"14.253558459378763, 76.40565275815203",CAR,LORRY,4,3,"40,37,42,13",BOTH,NH,With Parked Vehicle,14.253558459378764,76.40565275815203,4.0,33.0,13.0,42.0,VEHICLE,2023,9,0
2615,September,2023-09-03,Sunday,2023-09-04,Amjhera,Nil,Madhya Pradesh,"22.556582704857295, 75.12361395212626",TWO WHEELER,TRUCK,1,2,58,FEMALE,SH,Head On Collision,22.55658270485729,75.12361395212626,1.0,58.0,58.0,58.0,VEHICLE,2023,9,6
2616,September,2023-09-03,Sunday,2023-09-05,Kapinandka,Nil,Karnataka,"13.030180805231465, 75.22363426031288",TWO WHEELER,CAR,1,0,,MALE,SH,Head On Collision,13.030180805231463,75.22363426031288,,,,,VEHICLE,2023,9,6
2620,September,2023-09-04,Monday,2023-09-06,Post Office Light Point,Chandigarh,Chandigarh,"30.73745208241285, 76.79343492669835",PEDESTRIAN,AUTO RICKSHAW,1,1,14,MALE,NH,Hit and Run,30.73745208241285,76.79343492669835,1.0,14.0,14.0,14.0,VEHICLE,2023,9,0
2621,September,2023-09-05,Tuesday,2023-09-06,Karnavati Club,Ahmedabad,Gujarat,"23.019623577192323, 72.5049075773068",CAR,DIVIDER,3,2,"23,25,21",MALE,NH,Fixed Object Collision,23.019623577192323,72.5049075773068,3.0,23.0,21.0,25.0,OBJECT,2023,9,1
2622,September,2023-09-05,Tuesday,2023-09-06,Sola Overbridge,Ahmedabad,Gujarat,"23.05937382510496, 72.5204645034526",TWO WHEELER,BUS,1,0,21,MALE,NH,Head On Collision,23.05937382510496,72.5204645034526,1.0,21.0,21.0,21.0,VEHICLE,2023,9,1
2624,September,2023-09-05,Tuesday,2023-09-06,Dhorimana,Nil,Rajasthan,"25.203011720395313, 71.4409351368613",TWO WHEELER,TRUCK,1,0,,MALE,NH,Head On Collision,25.203011720395317,71.4409351368613,,,,,VEHICLE,2023,9,1
2626,September,2023-09-06,Wednesday,2023-09-06,Sankari,Nil,Tamil Nadu,"11.475243543071892, 77.87052970012616",VAN,TRUCK,6,2,"50,48,45,45,40,1",BOTH,SH,Hit From Back,11.475243543071892,77.87052970012616,6.0,38.166666666666664,1.0,50.0,VEHICLE,2023,9,2
2627,September,2023-09-06,Wednesday,2023-09-06,Sativali,Nil,Maharashtra,"19.410254850950245, 72.87788668272417",CAR,TRUCK,3,2,,,NH,Head On Collision,19.410254850950245,72.87788668272417,,,,,VEHICLE,2023,9,2
2628,September,2023-09-05,Tuesday,2023-09-07,Bordirak,Nil,Assam,"27.646710505375157, 95.7673861031296",SUV,TRUCK,7,11,"52,29,48,50,54,30,60",BOTH,NH,Head On Collision,27.64671050537516,95.7673861031296,7.0,46.142857142857146,29.0,60.0,VEHICLE,2023,9,1
2629,September,2023-09-05,Tuesday,2023-09-07,Pansal,Nil,Rajasthan,"25.348497873702325, 74.57589466306061",SUV,TRUCK,4,1,"66,64,35,32",BOTH,NH,Head On Collision,25.348497873702325,74.57589466306061,4.0,49.25,32.0,66.0,VEHICLE,2023,9,1
2631,September,2023-09-07,Thursday,2023-09-08,Bhanipura,Nil,Rajasthan,"28.601899912601063, 74.38078769456503",SUV,TRUCK,5,16,"55,50,35,28,10",BOTH,SH,Head On Collision,28.601899912601063,74.38078769456503,5.0,35.6,10.0,55.0,VEHICLE,2023,9,3
2634,September,2023-09-06,Wednesday,2023-09-08,Sancholi,Nil,Haryana,"28.231250886409835, 77.11955482949286",TRUCK,NIL,3,0,,MALE,NH,Run Off Road,28.231250886409835,77.11955482949286,,,,,UNKNOWN,2023,9,2
2636,September,2023-09-06,Wednesday,2023-09-09,Sardhar,Nil,Gujarat,"22.13790281135746, 70.98487623338778",TWO WHEELER,TWO WHEELER,5,0,"25,18,30,22,22",MALE,SH,Head On Collision,22.13790281135746,70.98487623338778,5.0,23.4,18.0,30.0,VEHICLE,2023,9,2
2642,September,2023-09-09,Saturday,2023-09-10,Maduranthkam,Nil,Tamil Nadu,"12.508305010704397, 79.88165733400959",CAR,VAN,3,6,,,NH,Head On Collision,12.508305010704396,79.88165733400959,,,,,VEHICLE,2023,9,5
2643,September,2023-09-09,Saturday,2023-09-10,Medavakkam Flyover,Chennai,Tamil Nadu,"12.918930358361152, 80.18786563957566",TWO WHEELER,TRUCK,3,0,"21,22,22",MALE,SH,Head On Collision,12.918930358361152,80.18786563957566,3.0,21.666666666666668,21.0,22.0,VEHICLE,2023,9,5
2647,September,2023-09-09,Saturday,2023-09-11,Dhanubhanga,Nil,Assam,"25.971915177771052, 90.98409175511541",TWO WHEELER,UNIDENTIFIED,2,0,Na,MALE,NH,Hit and Run,25.97191517777105,90.9840917551154,0.0,,,,UNKNOWN,2023,9,5
2648,September,2023-09-10,Sunday,2023-09-11,Kollur,Hyderabad,Telangana,"17.449129886423822, 78.25477198834997",CAR,TREE,2,2,"19,19",MALE,NH,Hit and Run,17.449129886423822,78.25477198834997,2.0,19.0,19.0,19.0,OBJECT,2023,9,6
2650,September,2023-09-10,Sunday,2023-09-12,Lepetkata,Nil,Assam,"27.348770210514452, 94.86727653698998",CAR,TRUCK,2,6,"65,45",MALE,NH,Head On Collision,27.34877021051445,94.86727653698998,2.0,55.0,45.0,65.0,VEHICLE,2023,9,6
2651,September,2023-09-11,Monday,2023-09-12,Sadar Flyover,Nagpur,Maharashtra,"21.16717787434535, 79.0787298745634",TWO WHEELER,CAR,2,0,,MALE,SH,Head On Collision,21.16717787434535,79.0787298745634,,,,,VEHICLE,2023,9,0
2654,September,2023-09-09,Saturday,2023-09-12,Asath road,Nil,Tamil Nadu,"10.565639809625257, 78.3310151309958",PEDESTRIAN,UNIDENTIFIED,1,0,50,MALE,NH,Hit and Run,10.565639809625257,78.3310151309958,1.0,50.0,50.0,50.0,UNKNOWN,2023,9,5
2656,September,2023-09-12,Tuesday,2023-09-12,Ramban,Nil,Jammu,"33.249718821198584, 75.21158094204965",TRUCK,GORGE,4,0,"42,36,33,29",MALE,NH,Vehicle Overturn,33.249718821198584,75.21158094204965,4.0,35.0,29.0,42.0,OBJECT,2023,9,1
2659,September,2023-09-13,Wednesday,2023-09-13,Afjalpur Turn,Nil,Uttar Pradesh,"26.322812851018792, 80.27651185343184",PICK UP,TRUCK,4,9,"55,45,42,4",BOTH,NH,Others,26.322812851018792,80.27651185343184,4.0,36.5,4.0,55.0,VEHICLE,2023,9,2
2663,September,2023-09-12,Tuesday,2023-09-14,Karap,Nil,Chhattisgarh,"20.286753825809367, 81.5994667267018",TWO WHEELER,TRUCK,2,0,"21,22",MALE,SH,Hit From Back,20.286753825809367,81.5994667267018,2.0,21.5,21.0,22.0,VEHICLE,2023,9,1
2664,September,2023-09-09,Saturday,2023-09-14,Trimbak Rd,Nashik,Maharashtra,"19.98509574708395, 73.72177622886888",TWO WHEELER,BUS,1,0,22,MALE,NH,Head On Collision,19.98509574708395,73.72177622886888,1.0,22.0,22.0,22.0,VEHICLE,2023,9,5
2665,September,2023-09-09,Saturday,2023-09-14,Mumbai Naka,Nashik,Maharashtra,"19.98458982013281, 73.78296846421314",TWO WHEELER,TRUCK,1,0,30,MALE,NH,With Parked Vehicle,19.98458982013281,73.78296846421314,1.0,30.0,30.0,30.0,VEHICLE,2023,9,5
2666,September,2023-09-10,Sunday,2023-09-14,Mallapura Bridge,Nil,Karnataka,"16.199322013973894, 75.72064292677261",CAR,TRUCK,3,0,"36,29,8",BOTH,NH,Hit From Back,16.199322013973894,75.72064292677261,3.0,24.333333333333332,8.0,36.0,VEHICLE,2023,9,6
2667,September,2023-09-10,Sunday,2023-09-14,Aganampudi,Vizag,Andhra Pradesh,"17.68887860519317, 83.13537013102103",TWO WHEELER,LORRY,1,1,55,FEMALE,NH,Hit and Run,17.68887860519317,83.13537013102103,1.0,55.0,55.0,55.0,VEHICLE,2023,9,6
2668,September,2023-09-15,Friday,2023-09-15,Tellagundla Palli,Nil,Andhra Pradesh,"13.406589778707827, 78.9976162023211",AMBULANCE,TRUCK,4,1,"45,63,45,56",BOTH,SH,With Parked Vehicle,13.406589778707827,78.9976162023211,4.0,52.25,45.0,63.0,VEHICLE,2023,9,4
2672,September,2023-09-11,Monday,2023-09-16,Neelakundilu,Nil,Andhra Pradesh,"17.87737902047589, 83.30374723039516",CAR,NIL,1,3,,FEMALE,NH,Run Off Road,17.87737902047589,83.30374723039516,,,,,UNKNOWN,2023,9,0
2675,September,2023-09-13,Wednesday,2023-09-16,Thorrur,Nil,Telangana,"17.588710098623007, 79.65332844484782",AUTO RICKSHAW,TRUCK,4,0,,MALE,NH,Head On Collision,17.588710098623007,79.65332844484782,,,,,VEHICLE,2023,9,2
2676,September,2023-09-13,Wednesday,2023-09-16,Maduranthkam,Nil,Tamil Nadu,"12.495600514313457, 79.87170374151513",CAR,GORGE,3,0,,MALE,NH,Run Off Road,12.495600514313455,79.87170374151513,,,,,OBJECT,2023,9,2
2677,September,2023-09-15,Friday,2023-09-17,Farnakhedi,Nil,Madhya Pradesh,"23.51541568232515, 75.27060812470579",BUS,NIL,3,7,"29,26,35",BOTH,SH,Run Off Road,23.51541568232515,75.27060812470579,3.0,30.0,26.0,35.0,UNKNOWN,2023,9,4
2678,September,2023-09-16,Saturday,2023-09-17,Wardha Rd,Nagpur,Maharashtra,"21.090575026308382, 79.06503114178945",TWO WHEELER,TRUCK,1,2,1,MALE,NH,Hit From Back,21.090575026308382,79.06503114178945,1.0,1.0,1.0,1.0,VEHICLE,2023,9,5
2679,September,2023-09-18,Monday,2023-09-18,Chinchwad,Pune,Maharashtra,"18.634496160585485, 73.79900612085567",CAR,TRUCK,4,0,,,NH,Hit From Back,18.634496160585485,73.79900612085567,,,,,VEHICLE,2023,9,0
2682,September,2023-09-17,Sunday,2023-09-19,Chitarpur,Nil,Jharkhand,"23.577979478564497, 85.64952650652769",TWO WHEELER,CAR,3,1,"30,28,1",BOTH,NH,Hit and Run,23.577979478564497,85.64952650652769,3.0,19.666666666666668,1.0,30.0,VEHICLE,2023,9,6
2683,September,2023-09-20,Wednesday,2023-09-20,Tseminyu,Nil,Nagaland,"25.90401080742006, 94.20690453836819",SUV,GORGE,8,0,,,NH,Vehicle Overturn,25.90401080742006,94.2069045383682,,,,,OBJECT,2023,9,2
2685,September,2023-09-19,Tuesday,2023-09-21,Mahemdabad,Nil,Gujarat,"22.812326103802203, 72.74868820790365",TRUCK,TRUCK,2,0,,MALE,SH,With Parked Vehicle,22.812326103802203,72.74868820790365,,,,,VEHICLE,2023,9,1
2686,September,2023-09-19,Tuesday,2023-09-21,Koilwar,Nil,Bihar,"25.574110260248663, 84.79464756354015",TWO WHEELER,UNIDENTIFIED,2,0,"20,18",MALE,NH,Others,25.574110260248663,84.79464756354015,2.0,19.0,18.0,20.0,UNKNOWN,2023,9,1
2690,September,2023-09-23,Saturday,2023-09-23,Kakkar Majra,Nil,Haryana,"30.482612080361612, 77.0215093285634",PEDESTRIAN,UNIDENTIFIED,2,0,,MALE,NH,Hit and Run,30.48261208036161,77.0215093285634,,,,,UNKNOWN,2023,9,5
2695,September,2023-09-26,Tuesday,2023-09-26,Jagdishpur,Nil,Uttar Pradesh,"26.45710193743699, 81.62635619582055",TRUCK,TRUCK,3,0,"35,47,25",MALE,NH,Head On Collision,26.45710193743699,81.62635619582055,3.0,35.666666666666664,25.0,47.0,VEHICLE,2023,9,1
2701,September,2023-09-24,Sunday,2023-09-26,CMBT Bus Stand,Chennai,Tamil Nadu,"13.069706182382584, 80.20424376172885",PEDESTRIAN,BUS,1,0,,MALE,SH,Hit and Run,13.069706182382584,80.20424376172885,,,,,VEHICLE,2023,9,6
2702,September,2023-09-25,Monday,2023-09-27,Saswad,Nil,Maharashtra,"18.352121429169298, 74.02898898450192",AUTO RICKSHAW,NIL,3,2,"23,18,17",BOTH,NH,Run Off Road,18.352121429169294,74.02898898450192,3.0,19.333333333333332,17.0,23.0,UNKNOWN,2023,9,0
2703,September,2023-09-25,Monday,2023-09-27,Tambaram,Chennai,Tamil Nadu,"12.920450452965344, 80.11214098580244",PEDESTRIAN,TRUCK,1,2,57,MALE,NH,Hit and Run,12.920450452965344,80.11214098580244,1.0,57.0,57.0,57.0,VEHICLE,2023,9,0
2704,September,2023-09-24,Sunday,2023-09-27,DLF Phase 2,Nil,Haryana,"28.489886238988397, 77.08079273341426",TWO WHEELER,CAR,1,0,38,MALE,NH,Others,28.4898862389884,77.08079273341426,1.0,38.0,38.0,38.0,VEHICLE,2023,9,6
2705,September,2023-09-24,Sunday,2023-09-27,Jharsa Flyover,Nil,Haryana,"28.452318099450668, 77.04245751244791",TWO WHEELER,TRUCK,1,1,20,MALE,NH,Hit From Back,28.452318099450668,77.04245751244791,1.0,20.0,20.0,20.0,VEHICLE,2023,9,6
2707,September,2023-09-27,Wednesday,2023-09-28,Bellur Cross,Nil,Karnataka,"12.961954835206178, 76.74261329178503",CAR,BUS,4,0,"24,24,25,26",MALE,NH,Head On Collision,12.961954835206178,76.74261329178503,4.0,24.75,24.0,26.0,VEHICLE,2023,9,2
2709,September,2023-09-28,Thursday,2023-09-29,Gaya-Nawada Rd,Nil,Bihar,"24.81027681303184, 85.28375922381441",PEDESTRIAN,TRUCK,3,1,,MALE,NH,Hit and Run,24.81027681303184,85.28375922381441,,,,,VEHICLE,2023,9,3
2716,October,2023-10-02,Monday,2023-10-02,Wadner Bholji,Nil,Maharashtra,"20.839230046689483, 76.31558622858029",PEDESTRIAN,TRUCK,5,5,,MALE,NH,Hit and Run,20.839230046689483,76.31558622858029,,,,,VEHICLE,2023,10,0
2718,October,2023-10-01,Sunday,2023-10-03,Vikhroli,Mumbai,Maharashtra,"19.08458704700705, 72.9213352768611",TWO WHEELER,UNIDENTIFIED,1,0,40,MALE,NH,Hit From Back,19.08458704700705,72.9213352768611,1.0,40.0,40.0,40.0,UNKNOWN,2023,10,6
2722,October,2023-10-03,Tuesday,2023-10-04,Barso Village,Nil,Rajasthan,"27.18071286899174, 77.54398095948915",BUS,TRUCK,3,24,"40,40,22",MALE,NH,With Parked Vehicle,27.18071286899174,77.54398095948915,3.0,34.0,22.0,40.0,VEHICLE,2023,10,1
2723,October,2023-10-04,Wednesday,2023-10-04,Kharkhiyaon,Nil,Uttar Pradesh,"25.532234601557743, 82.80585381507834",CAR,TRUCK,8,1,"45,42,35,32,35,55,55,25",BOTH,NH,Hit From Back,25.532234601557743,82.80585381507834,8.0,40.5,25.0,55.0,VEHICLE,2023,10,2
2724,October,2023-10-03,Tuesday,2023-10-04,NICE Rd,Bengaluru,Karnataka,"12.858243521880208, 77.52692884171",CAR,TRUCK,3,1,"31,2,6",FEMALE,NH,Head On Collision,12.858243521880208,77.52692884171,3.0,13.0,2.0,31.0,VEHICLE,2023,10,1
2726,October,2023-09-30,Saturday,2023-10-05,Uddandapuram,Nil,Andhra Pradesh,"17.38982758853759, 82.64277304393133",PEDESTRIAN,BUS,2,0,"40,58",MALE,NH,Head On Collision,17.38982758853759,82.64277304393133,2.0,49.0,40.0,58.0,VEHICLE,2023,9,5
2729,October,2023-10-04,Wednesday,2023-10-06,Wazirpur,Nil,Haryana,"28.420230530686066, 76.91294423343706",TWO WHEELER,TRUCK,2,1,,MALE,NH,Hit From Back,28.420230530686062,76.91294423343706,,,,,VEHICLE,2023,10,2
2732,October,2023-10-06,Friday,2023-10-07,Ranoganj,Nil,Madhya Pradesh,"23.394452808273375, 76.67950488328349",PEDESTRIAN,TRUCK,4,0,"45,26,23,12",BOTH,SH,Hit and Run,23.39445280827337,76.67950488328349,4.0,26.5,12.0,45.0,VEHICLE,2023,10,4
2733,October,2023-10-07,Saturday,2023-10-08,Balwara,Nil,Madhya Pradesh,"22.395606234575016, 75.97460359698857",SUV,RIVER,2,6,"24,28",MALE,SH,Vehicle Overturn,22.395606234575016,75.97460359698857,2.0,26.0,24.0,28.0,OBJECT,2023,10,5
2737,October,2023-10-09,Monday,2023-10-09,Hospet Tunnel,Nil,Karnataka,"15.242561451432671, 76.36020931784769",TRUCK,TRUCK,7,6,"45,80,32,30,65,50,7",BOTH,NH,Others,15.242561451432673,76.36020931784769,7.0,44.142857142857146,7.0,80.0,VEHICLE,2023,10,0
2739,October,2023-10-09,Monday,2023-10-10,Jadcherla,Nil,Telangana,"16.763246437985266, 78.15064385224638",BUS,TRUCK,1,25,10,MALE,NH,Others,16.763246437985266,78.15064385224638,1.0,10.0,10.0,10.0,VEHICLE,2023,10,0
2745,October,2023-10-09,Monday,2023-10-11,Khategaon,Nil,Madhya Pradesh,"22.591985886780915, 76.91665642645455",BUS,NIL,1,6,50,MALE,NH,Vehicle Overturn,22.591985886780915,76.91665642645455,1.0,50.0,50.0,50.0,UNKNOWN,2023,10,0
2746,October,2023-10-10,Tuesday,2023-10-12,NH8 Vasant Kunj,Delhi,Delhi,"28.54232166449003, 77.11820724267744",PEDESTRIAN,CAR,1,0,43,MALE,NH,Hit and Run,28.54232166449003,77.11820724267744,1.0,43.0,43.0,43.0,VEHICLE,2023,10,1
2750,October,2023-10-10,Tuesday,2023-10-15,Chengam,Nil,Tamil Nadu,"12.30726790265024, 78.79266802819006",CAR,LORRY,7,1,,BOTH,SH,Head On Collision,12.30726790265024,78.79266802819006,,,,,VEHICLE,2023,10,1
2751,October,2023-10-12,Thursday,2023-10-15,Sinnar Phata,Nashik,Maharashtra,"19.94698377223248, 73.84720686378326",TWO WHEELER,TRUCK,1,1,19,MALE,SH,Hit From Back,19.94698377223248,73.84720686378326,1.0,19.0,19.0,19.0,VEHICLE,2023,10,3
2752,October,2023-10-14,Saturday,2023-10-15,Chakrata,Nil,Uttarakhand,"30.71111385359286, 77.8606449720474",PICK UP,GORGE,3,0,,BOTH,NH,Run Off Road,30.71111385359286,77.8606449720474,,,,,OBJECT,2023,10,5
2754,October,2023-10-13,Friday,2023-10-15,Shekhala,Nil,Rajasthan,"26.524638298823312, 72.38428905724719",CAR,TRUCK,2,1,"50,40",MALE,NH,Head On Collision,26.524638298823312,72.38428905724719,2.0,45.0,40.0,50.0,VEHICLE,2023,10,4
2756,October,2023-10-13,Friday,2023-10-15,Sikandarpur Metro Station,Nil,Haryana,"28.481592741063487, 77.09417200853146",TWO WHEELER,BUS,1,0,42,MALE,NH,Hit From Back,28.481592741063487,77.09417200853146,1.0,42.0,42.0,42.0,VEHICLE,2023,10,4
2757,October,2023-10-14,Saturday,2023-10-15,Bishnauli,Nil,Uttar Pradesh,"28.608156226457798, 77.49714607705492",PEDESTRIAN,UNIDENTIFIED,1,4,,MALE,NH,Hit and Run,28.6081562264578,77.49714607705492,,,,,UNKNOWN,2023,10,5
2758,October,2023-10-10,Tuesday,2023-10-16,Naregal,Nil,Karnataka,"15.574178764374366, 75.80514898900495",SUV,BUS,6,3,"50,42,32,31,33,5",BOTH,SH,Head On Collision,15.574178764374366,75.80514898900495,6.0,32.166666666666664,5.0,50.0,VEHICLE,2023,10,1
2762,October,2023-10-20,Friday,2023-10-20,Kotli Jhajjar Bridge,Nil,Jammu,"32.83839103656937, 74.9209520276687",CAR,TRUCK,4,0,,,NH,Others,32.83839103656937,74.9209520276687,,,,,VEHICLE,2023,10,4
2764,October,2023-10-21,Saturday,2023-10-21,Uruli Kanchan,Nil,Maharashtra,"18.487368510440284, 74.13434080099877",TWO WHEELER,UNIDENTIFIED,2,0,"26,26",MALE,NH,Hit and Run,18.487368510440284,74.13434080099877,2.0,26.0,26.0,26.0,UNKNOWN,2023,10,5
2768,October,2023-10-22,Sunday,2023-10-22,Dapchari Check Post,Nil,Maharashtra,"20.075941314442986, 72.91446057465907",BUS,CRANE,1,34,,MALE,NH,With Parked Vehicle,20.075941314442986,72.91446057465907,,,,,VEHICLE,2023,10,6
2773,October,2023-10-22,Sunday,2023-10-24,IMT Chowk,Nil,Haryana,"28.362133871915102, 76.94072304924175",AUTO RICKSHAW,UNIDENTIFIED,1,0,30,MALE,NH,Hit and Run,28.362133871915105,76.94072304924175,1.0,30.0,30.0,30.0,UNKNOWN,2023,10,6
2776,October,2023-10-26,Thursday,2023-10-26,Ashta Phata,Nil,Maharashtra,"18.763099823948814, 75.26302058908408",BUS,NIL,5,26,,,NH,Run Off Road,18.763099823948814,75.26302058908408,,,,,UNKNOWN,2023,10,3
2777,October,2023-10-25,Wednesday,2023-10-26,Ambhora,Nil,Maharashtra,"21.03327894608263, 79.6105527959469",AMBULANCE,TRUCK,4,1,"35,35",MALE,SH,Hit From Back,21.03327894608263,79.6105527959469,2.0,35.0,35.0,35.0,VEHICLE,2023,10,2
2778,October,2023-10-26,Thursday,2023-10-26,Chikkabalapur,Nil,Karnataka,"13.43453540110621, 77.73703478288856",SUV,TRUCK,13,0,"32,47,40,32,32,20,17,40,37,15,51,50",BOTH,NH,With Parked Vehicle,13.43453540110621,77.73703478288856,12.0,34.416666666666664,15.0,51.0,VEHICLE,2023,10,3
2780,October,2023-10-27,Friday,2023-10-27,Dadari Bandha,Nil,Uttar Pradesh,"24.967918516514406, 82.29023976923575",BUS,NIL,5,26,"26,2,25,10,40",BOTH,NH,Run Off Road,24.96791851651441,82.29023976923575,5.0,20.6,2.0,40.0,UNKNOWN,2023,10,4
2781,October,2023-10-27,Friday,2023-10-28,Naviganj,Nil,Uttar Pradesh,"27.19068944444808, 79.38550647753992",VAN,BUS,5,16,"28,6,9,9",BOTH,NH,Head On Collision,27.19068944444808,79.38550647753992,4.0,13.0,6.0,28.0,VEHICLE,2023,10,4
2787,October,2023-10-30,Monday,2023-10-30,Tinali,Nil,Assam,"26.179005549717488, 91.82968597596268",PEDESTRIAN,UNIDENTIFIED,1,0,55,FEMALE,SH,Hit and Run,26.179005549717488,91.82968597596268,1.0,55.0,55.0,55.0,UNKNOWN,2023,10,0
2789,November,2023-10-26,Thursday,2023-11-01,Sangrur,Nil,Punjab,"30.265383090124846, 75.83413948597719",CAR,TRUCK,6,0,,,SH,Others,30.26538309012485,75.83413948597719,,,,,VEHICLE,2023,10,3
2791,November,2023-10-27,Friday,2023-11-02,Alsindi,Nil,Himachal Pradesh,"31.297932804121047, 77.13116875320893",PICK UP,GORGE,5,6,,,SH,Run Off Road,31.297932804121047,77.13116875320893,,,,,OBJECT,2023,10,4
2793,November,2023-11-01,Wednesday,2023-11-02,Jattari,Nil,Uttar Pradesh,"28.019616031391845, 77.66243933202415",PEDESTRIAN,TRUCK,2,5,,MALE,NH,Hit From Back,28.019616031391845,77.66243933202415,,,,,VEHICLE,2023,11,2
2798,November,2023-10-30,Monday,2023-11-05,Karahe Wala,Nil,Punjab,"31.04718163802245, 75.05477018132397",CAR,TRUCK,5,0,,,SH,Head On Collision,31.04718163802245,75.05477018132397,,,,,VEHICLE,2023,10,0
2799,November,2023-11-05,Sunday,2023-11-06,Kundarki,Nil,Uttar Pradesh,"28.689780405326726, 78.78694585860178",CAR,TRUCK,4,0,"38,18",BOTH,NH,With Parked Vehicle,28.68978040532673,78.78694585860178,2.0,28.0,18.0,38.0,VEHICLE,2023,11,6
2802,November,2023-11-08,Wednesday,2023-11-09,Corlim,Nil,Goa,"15.492981339803384, 73.94730647199805",TWO WHEELER,TRUCK,1,0,27,MALE,NH,Hit From Back,15.492981339803384,73.94730647199805,1.0,27.0,27.0,27.0,VEHICLE,2023,11,2
2803,November,2023-11-09,Thursday,2023-11-10,Jagdishpur,Nil,Uttar Pradesh,"26.454709205271172, 81.62114574751747",BUS,TRUCK,6,27,,BOTH,NH,With Parked Vehicle,26.45470920527117,81.62114574751747,,,,,VEHICLE,2023,11,3
2805,November,2023-11-11,Saturday,2023-11-12,Hindoli,Nil,Rajasthan,"25.57298804525201, 75.49680224681327",SUV,TRUCK,4,0,"50,45,40,20",BOTH,NH,Hit From Back,25.57298804525201,75.49680224681327,4.0,38.75,20.0,50.0,VEHICLE,2023,11,5
2806,November,2023-11-11,Saturday,2023-11-12,Dari Pul,Pune,Maharashtra,"18.432904158765993, 73.83797487481702",VAN,TRUCK,2,4,"22,30",MALE,NH,Hit From Side,18.432904158765997,73.83797487481702,2.0,26.0,22.0,30.0,VEHICLE,2023,11,5
2807,November,2023-11-10,Friday,2023-11-12,Triveni Hotel,Nil,Haryana,"28.309851100422822, 76.88357514062382",VAN,TRUCK,4,0,"30,32,34,35",MALE,NH,Head On Collision,28.309851100422826,76.88357514062382,4.0,32.75,30.0,35.0,VEHICLE,2023,11,4
2809,November,2023-11-14,Tuesday,2023-11-14,Rampurtiraha,Nil,Uttar Pradesh,"29.523417440082305, 77.71588679214184",CAR,TRUCK,6,0,,,NH,Others,29.523417440082305,77.71588679214184,,,,,VEHICLE,2023,11,1
2810,November,2023-11-14,Tuesday,2023-11-14,Thikri,Nil,Haryana,"30.024223439218545, 76.61385650268751",SUV,SUV,5,3,,BOTH,NH,Head On Collision,30.024223439218545,76.61385650268751,,,,,VEHICLE,2023,11,1
2812,November,2023-11-13,Monday,2023-11-14,Vedachinnanoor,Nil,Tamil Nadu,"11.45066075104929, 77.21440901638428",CAR,TREE,4,1,"28,30,24,26",BOTH,NH,Fixed Object Collision,11.45066075104929,77.21440901638428,4.0,27.0,24.0,30.0,OBJECT,2023,11,0
2813,November,2023-11-13,Monday,2023-11-14,Gobichettipalayam,Nil,Tamil Nadu,"11.455021162601474, 77.44015000372355",TWO WHEELER,WALL,2,0,"25,23",MALE,SH,Fixed Object Collision,11.455021162601474,77.44015000372355,2.0,24.0,23.0,25.0,OBJECT,2023,11,0
2814,November,2023-11-15,Wednesday,2023-11-15,Trungal,Nil,Jammu,"33.12951061530184, 75.39581434641154",BUS,GORGE,39,17,,BOTH,NH,Run Off Road,33.12951061530184,75.39581434641154,,,,,OBJECT,2023,11,2
2815,November,2023-11-14,Tuesday,2023-11-16,Koraput,Nil,Odisha,"18.812804848545966, 82.71985807450947",CAR,NIL,3,0,,BOTH,SH,Run Off Road,18.81280484854597,82.71985807450947,,,,,UNKNOWN,2023,11,1
2816,November,2023-11-14,Tuesday,2023-11-16,Karamdihi,Nil,Odisha,"22.154203385721093, 84.11259602523543",PEDESTRIAN,TRUCK,1,0,35,MALE,SH,Hit and Run,22.154203385721093,84.11259602523543,1.0,35.0,35.0,35.0,VEHICLE,2023,11,1
2817,November,2023-11-16,Thursday,2023-11-17,Velampatti,Nil,Tamil Nadu,"10.596750008294746, 77.53550933295116",CAR,TRUCK,5,0,"50,45,65,60,55",BOTH,SH,Head On Collision,10.596750008294746,77.53550933295116,5.0,55.0,45.0,65.0,VEHICLE,2023,11,3
2819,November,2023-11-17,Friday,2023-11-19,Nakatia,Nil,Uttar Pradesh,"28.533025418956235, 79.88852202220927",PEDESTRIAN,TRACTOR,1,0,60,MALE,NH,Hit and Run,28.533025418956235,79.88852202220927,1.0,60.0,60.0,60.0,VEHICLE,2023,11,4
2821,November,2023-11-19,Sunday,2023-11-19,Churu,Nil,Rajasthan,"28.290781012871175, 74.98110810130244",BUS,TRUCK,6,1,,MALE,NH,Head On Collision,28.29078101287117,74.98110810130244,,,,,VEHICLE,2023,11,6
2824,November,2023-11-21,Tuesday,2023-11-22,Shedung Toll Plaza,Mumbai,Maharashtra,"18.94726491199384, 73.17889898172236",TWO WHEELER,UNIDENTIFIED,1,0,54,MALE,NH,Hit and Run,18.94726491199384,73.17889898172236,1.0,54.0,54.0,54.0,UNKNOWN,2023,11,1
2828,November,2023-11-23,Thursday,2023-11-23,Puikhadi,Nil,Maharashtra,"16.660557405208273, 74.19079694781269",BUS,NIL,3,19,"43,17,13",BOTH,SH,Vehicle Overturn,16.660557405208273,74.19079694781269,3.0,24.333333333333332,13.0,43.0,UNKNOWN,2023,11,3
2829,November,2023-11-21,Tuesday,2023-11-24,Gangaikondan,Nil,Tamil Nadu,"8.858144822242261, 77.77630419872335",TWO WHEELER,NIL,1,0,52,MALE,NH,Vehicle Overturn,8.858144822242261,77.77630419872335,1.0,52.0,52.0,52.0,UNKNOWN,2023,11,1
2830,November,2023-11-23,Thursday,2023-11-25,Mendhawan,Nil,Maharashtra,"19.62439269960579, 74.34350758208873",SUV,TRUCK,3,2,"42,5,43",BOTH,NH,Head On Collision,19.62439269960579,74.34350758208873,3.0,30.0,5.0,43.0,VEHICLE,2023,11,3
2834,November,2023-11-27,Monday,2023-11-29,Narela,Delhi,Delhi,"28.837380375929996, 77.09812889352416",TWO WHEELER,TRUCK,1,0,38,MALE,NH,Hit and Run,28.83738037593,77.09812889352416,1.0,38.0,38.0,38.0,VEHICLE,2023,11,0
2835,November,2023-11-29,Wednesday,2023-11-30,Guirim,Nil,Goa,"15.573092493842738, 73.80652716621455",CAR,TREE,1,0,78,MALE,NH,Fixed Object Collision,15.573092493842738,73.80652716621455,1.0,78.0,78.0,78.0,OBJECT,2023,11,2
2836,December,2023-11-30,Thursday,2023-12-01,Kilakkadu,Nil,Tamil Nadu,"11.506248101319986, 77.86271648021811",PICK UP,TRUCK,3,1,"27,40,52",MALE,SH,Head On Collision,11.506248101319986,77.86271648021811,3.0,39.666666666666664,27.0,52.0,VEHICLE,2023,11,3
2837,December,2023-12-01,Friday,2023-12-01,Balijodi,Nil,Odisha,"21.38169512854721, 85.9226546651804",BUS,TRUCK,8,12,,BOTH,NH,With Parked Vehicle,21.38169512854721,85.9226546651804,,,,,VEHICLE,2023,12,4
2840,December,2023-12-01,Friday,2023-12-02,Sikroda,Ghaziabad,Uttar Pradesh,"28.693938061861655, 77.5110017610641",PEDESTRIAN,TRUCK,1,0,10,MALE,NH,Hit and Run,28.69393806186165,77.5110017610641,1.0,10.0,10.0,10.0,VEHICLE,2023,12,4
2841,December,2023-11-27,Monday,2023-12-03,Kandaghat,Nil,Himachal Pradesh,"30.96541731967689, 77.10732589307734",PICK UP,GORGE,6,6,,,NH,Run Off Road,30.96541731967689,77.10732589307734,,,,,OBJECT,2023,11,0
2845,December,2023-12-03,Sunday,2023-12-04,Ghatgar,Nil,Uttarakhand,"29.334723937648086, 79.39040012618601",PICK UP,GORGE,2,19,"28,23",FEMALE,SH,Run Off Road,29.33472393764809,79.39040012618601,2.0,25.5,23.0,28.0,OBJECT,2023,12,6
2847,December,2023-12-02,Saturday,2023-12-04,Kekri,Nil,Rajasthan,"25.95790217587853, 75.15803139592457",BUS,TRUCK,2,12,"10,40",MALE,SH,Others,25.95790217587853,75.15803139592457,2.0,25.0,10.0,40.0,VEHICLE,2023,12,5
2848,December,2023-11-29,Wednesday,2023-12-05,HBR Layout,Bengaluru,Karnataka,"13.036307382521208, 77.62780065561182",BICYCLE,TRUCK,1,0,50,MALE,NH,With Parked Vehicle,13.036307382521208,77.62780065561182,1.0,50.0,50.0,50.0,VEHICLE,2023,11,2
2849,December,2023-12-06,Wednesday,2023-12-06,Devanhally,Nil,Karnataka,"13.282955852567117, 77.70879664861427",CAR,TRUCK,1,0,58,FEMALE,NH,Head On Collision,13.282955852567117,77.70879664861427,1.0,58.0,58.0,58.0,VEHICLE,2023,12,2
2852,December,2023-12-01,Friday,2023-12-07,Katkamsandi,Nil,Jharkhand,"24.108919168689397, 85.20569091939944",VAN,BUS,1,14,,MALE,NH,Others,24.1089191686894,85.20569091939944,,,,,VEHICLE,2023,12,4
2853,December,2023-12-06,Wednesday,2023-12-07,Deganga,Nil,West Bengal,"22.690416803471017, 88.6496476272095",TWO WHEELER,TWO WHEELER,3,0,"25,26,29",BOTH,SH,Head On Collision,22.690416803471017,88.6496476272095,3.0,26.666666666666668,25.0,29.0,VEHICLE,2023,12,2
2854,December,2023-12-01,Friday,2023-12-08,Sirsi,Nil,Karnataka,"14.604281570883257, 74.84958925251316",VAN,BUS,5,0,,,SH,Others,14.604281570883256,74.84958925251316,,,,,VEHICLE,2023,12,4
2855,December,2023-12-06,Wednesday,2023-12-09,Devagiri,Nil,Karnataka,"14.830731725130054, 75.3623138008089",CAR,TRUCK,2,2,"24,12",,NH,Head On Collision,14.830731725130054,75.3623138008089,2.0,18.0,12.0,24.0,VEHICLE,2023,12,2
2857,December,2023-12-11,Monday,2023-12-11,Hantara,Nil,Rajasthan,"27.138981475034907, 77.23981137605023",TEMPO,UNIDENTIFIED,3,6,"35,38,50",BOTH,NH,Others,27.138981475034907,77.23981137605023,3.0,41.0,35.0,50.0,UNKNOWN,2023,12,0
2862,December,2023-12-13,Wednesday,2023-12-14,Dankaur,Nil,Uttar Pradesh,"28.345745778877244, 77.54425036519994",TWO WHEELER,BUS,4,5,"22,26,30,35",MALE,NH,Hit and Run,28.345745778877244,77.54425036519994,4.0,28.25,22.0,35.0,VEHICLE,2023,12,2
2863,December,2023-12-14,Thursday,2023-12-15,Vrindavan Colony,Lucknow,Uttar Pradesh,"26.765755876605752, 80.95371548681742",TWO WHEELER,BUS,1,2,12,MALE,NH,Hit and Run,26.765755876605752,80.95371548681742,1.0,12.0,12.0,12.0,VEHICLE,2023,12,3
2868,December,2023-12-16,Saturday,2023-12-17,Manikpur,Nil,Uttar Pradesh,"26.664626108548784, 79.38370118325574",PEDESTRIAN,TRUCK,3,3,,,NH,Fixed Object Collision,26.664626108548784,79.38370118325574,,,,,VEHICLE,2023,12,5
2871,December,2023-12-16,Saturday,2023-12-18,SG Road,Ahmedabad,Gujarat,"23.079173782261627, 72.52616133543485",TWO WHEELER,TRUCK,1,0,17,MALE,NH,Others,23.079173782261627,72.52616133543485,1.0,17.0,17.0,17.0,VEHICLE,2023,12,5
2880,December,2023-12-23,Saturday,2023-12-23,Kallur,Nil,Andhra Pradesh,"13.557908200108967, 79.00062610046132",TRACTOR,BUS,4,0,,,NH,Others,13.557908200108969,79.00062610046132,,,,,VEHICLE,2023,12,5
2890,December,2023-12-26,Tuesday,2023-12-27,Haibatpur,Ghaziabad,Uttar Pradesh,"28.606952912777246, 77.42571121554528",CAR,BUS,1,14,,MALE,NH,Hit From Back,28.60695291277725,77.42571121554528,,,,,VEHICLE,2023,12,1
2891,December,2023-12-27,Wednesday,2023-12-28,Guna,Nil,Madhya Pradesh,"24.625538118158303, 77.30528683329011",BUS,TRUCK,13,17,,BOTH,SH,Others,24.625538118158303,77.30528683329011,,,,,VEHICLE,2023,12,2
2892,December,2023-12-26,Tuesday,2023-12-28,GandhiNagar Police Station,Indore,Madhya Pradesh,"22.751534888754843, 75.77348589956134",TWO WHEELER,CAR,1,1,21,MALE,NH,Others,22.751534888754843,75.77348589956134,1.0,21.0,21.0,21.0,VEHICLE,2023,12,1
2895,December,2023-12-27,Wednesday,2023-12-29,Morena,Nil,Madhya Pradesh,"26.490620091970335, 77.98564550111799",TWO WHEELER,TWO WHEELER,3,3,,MALE,NH,Others,26.49062009197033,77.98564550111799,,,,,VEHICLE,2023,12,2
2898,December,2023-12-30,Saturday,2023-12-31,Thirumayam,Nil,Tamil Nadu,"10.240699823836232, 78.75082889687518",CAR,TRUCK,5,19,,BOTH,SH,With Parked Vehicle,10.240699823836232,78.75082889687518,,,,,VEHICLE,2023,12,5
