2026-09-05 12:02:36 | INFO | __main__ | === ETL PIPELINE STARTED ===
2026-09-05 12:02:36 | INFO | etl.extract | Extracted 3 records from 'weather' (3 files)
2026-09-05 12:02:36 | INFO | etl.extract | Extracted 300 records from 'news' (1 files)
2026-09-05 12:02:39 | INFO | etl.extract | Extracted 193 records from 'government' (193 files)
2026-09-05 12:02:46 | INFO | etl.extract | Extracted 443 records from 'disaster' (443 files)
2026-09-05 12:02:46 | INFO | etl.extract | Extracted 0 records from 'transport' (0 files)
2026-09-05 12:02:46 | INFO | etl.extract | TOTAL extracted across all sources: 939
2026-09-05 12:02:46 | WARNING | etl.clean | Date parse nahi hui: 'Fri, 04 Sep 2026 19:18:27 GMT'
2026-09-05 12:02:46 | WARNING | etl.clean | Date parse nahi hui: 'Fri, 04 Sep 2026 19:18:27 GMT'
2026-09-05 12:02:46 | WARNING | etl.clean | Date parse nahi hui: 'Sat, 05 Sep 2026 00:38:00 GMT'
2026-09-05 12:02:46 | WARNING | etl.clean | Date parse nahi hui: 'Sat, 05 Sep 2026 00:38:00 GMT'
2026-09-05 12:02:46 | WARNING | etl.clean | Date parse nahi hui: 'Sat, 05 Sep 2026 02:44:46 GMT'
2026-09-05 12:02:46 | WARNING | etl.clean | Date parse nahi hui: 'Sat, 05 Sep 2026 02:44:46 GMT'
2026-09-05 12:02:46 | WARNING | etl.clean | Date parse nahi hui: 'Fri, 04 Sep 2026 23:50:58 GMT'
2026-09-05 12:02:46 | WARNING | etl.clean | Date parse nahi hui: 'Fri, 04 Sep 2026 23:50:58 GMT'
2026-09-05 12:02:46 | WARNING | etl.clean | Date parse nahi hui: 'Sat, 05 Sep 2026 03:33:00 GMT'
2026-09-05 12:02:46 | WARNING | etl.clean | Date parse nahi hui: 'Sat, 05 Sep 2026 03:33:00 GMT'
2026-09-05 12:02:46 | WARNING | etl.clean | Date parse nahi hui: 'Sat, 05 Sep 2026 05:23:12 GMT'
2026-09-05 12:02:46 | WARNING | etl.clean | Date parse nahi hui: 'Sat, 05 Sep 2026 05:23:12 GMT'
2026-09-05 12:02:46 | WARNING | etl.clean | Date parse nahi hui: 'Sat, 05 Sep 2026 03:40:04 GMT'
2026-09-05 12:02:46 | WARNING | etl.clean | Date parse nahi hui: 'Sat, 05 Sep 2026 03:40:04 GMT'
2026-09-05 12:02:46 | WARNING | etl.clean | Date parse nahi hui: 'Sat, 05 Sep 2026 01:56:00 GMT'
2026-09-05 12:02:46 | WARNING | etl.clean | Date parse nahi hui: 'Sat, 05 Sep 2026 01:56:00 GMT'
2026-09-05 12:02:46 | WARNING | etl.clean | Date parse nahi hui: 'Sat, 05 Sep 2026 02:47:10 GMT'
2026-09-05 12:02:46 | WARNING | etl.clean | Date parse nahi hui: 'Sat, 05 Sep 2026 02:47:10 GMT'
2026-09-05 12:02:46 | WARNING | etl.clean | Date parse nahi hui: 'Sat, 05 Sep 2026 01:56:27 GMT'
2026-09-05 12:02:46 | WARNING | etl.clean | Date parse nahi hui: 'Sat, 05 Sep 2026 01:56:27 GMT'
2026-09-05 12:02:46 | WARNING | etl.clean | Date parse nahi hui: 'Sat, 05 Sep 2026 03:34:43 GMT'
2026-09-05 12:02:46 | WARNING | etl.clean | Date parse nahi hui: 'Sat, 05 Sep 2026 03:34:43 GMT'
2026-09-05 12:02:46 | WARNING | etl.clean | Date parse nahi hui: 'Sat, 05 Sep 2026 03:19:51 GMT'
2026-09-05 12:02:46 | WARNING | etl.clean | Date parse nahi hui: 'Sat, 05 Sep 2026 03:19:51 GMT'
2026-09-05 12:02:46 | WARNING | etl.clean | Date parse nahi hui: 'Fri, 04 Sep 2026 07:17:33 GMT'
2026-09-05 12:02:46 | WARNING | etl.clean | Date parse nahi hui: 'Fri, 04 Sep 2026 07:17:33 GMT'
2026-09-05 12:02:46 | WARNING | etl.clean | Date parse nahi hui: 'Wed, 02 Sep 2026 16:30:00 GMT'
2026-09-05 12:02:46 | WARNING | etl.clean | Date parse nahi hui: 'Wed, 02 Sep 2026 16:30:00 GMT'
2026-09-05 12:02:46 | WARNING | etl.clean | Date parse nahi hui: 'Fri, 04 Sep 2026 16:25:24 GMT'
2026-09-05 12:02:46 | WARNING | etl.clean | Date parse nahi hui: 'Fri, 04 Sep 2026 16:25:24 GMT'
2026-09-05 12:02:46 | WARNING | etl.clean | Date parse nahi hui: 'Sat, 05 Sep 2026 02:56:48 GMT'
2026-09-05 12:02:46 | WARNING | etl.clean | Date parse nahi hui: 'Sat, 05 Sep 2026 02:56:48 GMT'
2026-09-05 12:02:46 | WARNING | etl.clean | Date parse nahi hui: 'Thu, 03 Sep 2026 10:35:07 GMT'
2026-09-05 12:02:46 | WARNING | etl.clean | Date parse nahi hui: 'Thu, 03 Sep 2026 10:35:07 GMT'
2026-09-05 12:02:46 | WARNING | etl.clean | Date parse nahi hui: 'Fri, 04 Sep 2026 17:06:00 GMT'
2026-09-05 12:02:46 | WARNING | etl.clean | Date parse nahi hui: 'Fri, 04 Sep 2026 17:06:00 GMT'
2026-09-05 12:02:46 | WARNING | etl.clean | Date parse nahi hui: 'Fri, 04 Sep 2026 15:33:00 GMT'
2026-09-05 12:02:46 | WARNING | etl.clean | Date parse nahi hui: 'Fri, 04 Sep 2026 15:33:00 GMT'
2026-09-05 12:02:46 | WARNING | etl.clean | Date parse nahi hui: 'Mon, 31 Aug 2026 09:11:25 GMT'
2026-09-05 12:02:46 | WARNING | etl.clean | Date parse nahi hui: 'Mon, 31 Aug 2026 09:11:25 GMT'
2026-09-05 12:02:46 | WARNING | etl.clean | Date parse nahi hui: 'Thu, 03 Sep 2026 11:56:19 GMT'
2026-09-05 12:02:46 | WARNING | etl.clean | Date parse nahi hui: 'Thu, 03 Sep 2026 11:56:19 GMT'
2026-09-05 12:02:46 | WARNING | etl.clean | Date parse nahi hui: 'Sat, 05 Sep 2026 04:38:59 GMT'
2026-09-05 12:02:46 | WARNING | etl.clean | Date parse nahi hui: 'Sat, 05 Sep 2026 04:38:59 GMT'
2026-09-05 12:02:46 | WARNING | etl.clean | Date parse nahi hui: 'Thu, 03 Sep 2026 07:33:12 GMT'
2026-09-05 12:02:46 | WARNING | etl.clean | Date parse nahi hui: 'Thu, 03 Sep 2026 07:33:12 GMT'
2026-09-05 12:02:46 | WARNING | etl.clean | Date parse nahi hui: 'Thu, 03 Sep 2026 10:09:56 GMT'
2026-09-05 12:02:46 | WARNING | etl.clean | Date parse nahi hui: 'Thu, 03 Sep 2026 10:09:56 GMT'
2026-09-05 12:02:46 | WARNING | etl.clean | Date parse nahi hui: 'Thu, 03 Sep 2026 15:58:00 GMT'
2026-09-05 12:02:46 | WARNING | etl.clean | Date parse nahi hui: 'Thu, 03 Sep 2026 15:58:00 GMT'
2026-09-05 12:02:46 | WARNING | etl.clean | Date parse nahi hui: 'Thu, 03 Sep 2026 15:52:00 GMT'
2026-09-05 12:02:46 | WARNING | etl.clean | Date parse nahi hui: 'Thu, 03 Sep 2026 15:52:00 GMT'
2026-09-05 12:02:46 | WARNING | etl.clean | Date parse nahi hui: 'Thu, 03 Sep 2026 05:10:00 GMT'
2026-09-05 12:02:46 | WARNING | etl.clean | Date parse nahi hui: 'Thu, 03 Sep 2026 05:10:00 GMT'
2026-09-05 12:02:46 | WARNING | etl.clean | Date parse nahi hui: 'Mon, 11 May 2026 07:00:00 GMT'
2026-09-05 12:02:46 | WARNING | etl.clean | Date parse nahi hui: 'Mon, 11 May 2026 07:00:00 GMT'
2026-09-05 12:02:46 | WARNING | etl.clean | Date parse nahi hui: 'Wed, 02 Sep 2026 17:22:00 GMT'
2026-09-05 12:02:46 | WARNING | etl.clean | Date parse nahi hui: 'Wed, 02 Sep 2026 17:22:00 GMT'
2026-09-05 12:02:46 | WARNING | etl.clean | Date parse nahi hui: 'Mon, 10 Aug 2026 07:00:00 GMT'
2026-09-05 12:02:46 | WARNING | etl.clean | Date parse nahi hui: 'Mon, 10 Aug 2026 07:00:00 GMT'
2026-09-05 12:02:46 | WARNING | etl.clean | Date parse nahi hui: 'Thu, 03 Sep 2026 08:00:40 GMT'
2026-09-05 12:02:46 | WARNING | etl.clean | Date parse nahi hui: 'Thu, 03 Sep 2026 08:00:40 GMT'
2026-09-05 12:02:46 | WARNING | etl.clean | Date parse nahi hui: 'Wed, 02 Sep 2026 14:02:00 GMT'
2026-09-05 12:02:46 | WARNING | etl.clean | Date parse nahi hui: 'Wed, 02 Sep 2026 14:02:00 GMT'
2026-09-05 12:02:46 | WARNING | etl.clean | Date parse nahi hui: 'Fri, 12 Jun 2026 07:00:00 GMT'
2026-09-05 12:02:46 | WARNING | etl.clean | Date parse nahi hui: 'Fri, 12 Jun 2026 07:00:00 GMT'
2026-09-05 12:02:46 | WARNING | etl.clean | Date parse nahi hui: 'Wed, 26 Aug 2026 07:00:00 GMT'
2026-09-05 12:02:46 | WARNING | etl.clean | Date parse nahi hui: 'Wed, 26 Aug 2026 07:00:00 GMT'
2026-09-05 12:02:46 | WARNING | etl.clean | Date parse nahi hui: 'Mon, 03 Aug 2026 07:00:00 GMT'
2026-09-05 12:02:46 | WARNING | etl.clean | Date parse nahi hui: 'Mon, 03 Aug 2026 07:00:00 GMT'
2026-09-05 12:02:46 | WARNING | etl.clean | Date parse nahi hui: 'Sat, 05 Sep 2026 02:45:42 GMT'
2026-09-05 12:02:46 | WARNING | etl.clean | Date parse nahi hui: 'Sat, 05 Sep 2026 02:45:42 GMT'
2026-09-05 12:02:46 | WARNING | etl.clean | Date parse nahi hui: 'Sun, 30 Aug 2026 14:34:51 GMT'
2026-09-05 12:02:46 | WARNING | etl.clean | Date parse nahi hui: 'Sun, 30 Aug 2026 14:34:51 GMT'
2026-09-05 12:02:46 | WARNING | etl.clean | Date parse nahi hui: 'Wed, 12 Aug 2026 07:00:00 GMT'
2026-09-05 12:02:46 | WARNING | etl.clean | Date parse nahi hui: 'Wed, 12 Aug 2026 07:00:00 GMT'
2026-09-05 12:02:46 | WARNING | etl.clean | Date parse nahi hui: 'Thu, 26 Feb 2026 08:00:00 GMT'
2026-09-05 12:02:46 | WARNING | etl.clean | Date parse nahi hui: 'Thu, 26 Feb 2026 08:00:00 GMT'
2026-09-05 12:02:46 | WARNING | etl.clean | Date parse nahi hui: 'Wed, 27 May 2026 06:51:35 GMT'
2026-09-05 12:02:46 | WARNING | etl.clean | Date parse nahi hui: 'Wed, 27 May 2026 06:51:35 GMT'
2026-09-05 12:02:46 | WARNING | etl.clean | Date parse nahi hui: 'Thu, 13 Aug 2026 07:00:00 GMT'
2026-09-05 12:02:46 | WARNING | etl.clean | Date parse nahi hui: 'Thu, 13 Aug 2026 07:00:00 GMT'
2026-09-05 12:02:46 | WARNING | etl.clean | Date parse nahi hui: 'Thu, 23 Jul 2026 07:00:00 GMT'
2026-09-05 12:02:46 | WARNING | etl.clean | Date parse nahi hui: 'Thu, 23 Jul 2026 07:00:00 GMT'
2026-09-05 12:02:46 | WARNING | etl.clean | Date parse nahi hui: 'Fri, 24 Jul 2026 07:00:00 GMT'
2026-09-05 12:02:46 | WARNING | etl.clean | Date parse nahi hui: 'Fri, 24 Jul 2026 07:00:00 GMT'
2026-09-05 12:02:46 | WARNING | etl.clean | Date parse nahi hui: 'Thu, 30 Jul 2026 07:00:00 GMT'
2026-09-05 12:02:46 | WARNING | etl.clean | Date parse nahi hui: 'Thu, 30 Jul 2026 07:00:00 GMT'
2026-09-05 12:02:46 | WARNING | etl.clean | Date parse nahi hui: 'Sat, 04 Jul 2026 07:00:00 GMT'
2026-09-05 12:02:46 | WARNING | etl.clean | Date parse nahi hui: 'Sat, 04 Jul 2026 07:00:00 GMT'
2026-09-05 12:02:46 | WARNING | etl.clean | Date parse nahi hui: 'Sun, 28 Jun 2026 07:00:00 GMT'
2026-09-05 12:02:46 | WARNING | etl.clean | Date parse nahi hui: 'Sun, 28 Jun 2026 07:00:00 GMT'
2026-09-05 12:02:46 | WARNING | etl.clean | Date parse nahi hui: 'Mon, 11 May 2026 07:00:00 GMT'
2026-09-05 12:02:46 | WARNING | etl.clean | Date parse nahi hui: 'Mon, 11 May 2026 07:00:00 GMT'
2026-09-05 12:02:46 | WARNING | etl.clean | Date parse nahi hui: 'Fri, 31 Jul 2026 07:00:00 GMT'
2026-09-05 12:02:46 | WARNING | etl.clean | Date parse nahi hui: 'Fri, 31 Jul 2026 07:00:00 GMT'
2026-09-05 12:02:46 | WARNING | etl.clean | Date parse nahi hui: 'Tue, 11 Aug 2026 07:00:00 GMT'
2026-09-05 12:02:46 | WARNING | etl.clean | Date parse nahi hui: 'Tue, 11 Aug 2026 07:00:00 GMT'
2026-09-05 12:02:46 | WARNING | etl.clean | Date parse nahi hui: 'Wed, 19 Aug 2026 07:00:00 GMT'
2026-09-05 12:02:46 | WARNING | etl.clean | Date parse nahi hui: 'Wed, 19 Aug 2026 07:00:00 GMT'
2026-09-05 12:02:46 | WARNING | etl.clean | Date parse nahi hui: 'Mon, 20 Jul 2026 07:00:00 GMT'
2026-09-05 12:02:46 | WARNING | etl.clean | Date parse nahi hui: 'Mon, 20 Jul 2026 07:00:00 GMT'
2026-09-05 12:02:46 | WARNING | etl.clean | Date parse nahi hui: 'Tue, 18 Aug 2026 07:00:00 GMT'
2026-09-05 12:02:46 | WARNING | etl.clean | Date parse nahi hui: 'Tue, 18 Aug 2026 07:00:00 GMT'
2026-09-05 12:02:46 | WARNING | etl.clean | Date parse nahi hui: 'Fri, 21 Aug 2026 07:00:00 GMT'
2026-09-05 12:02:46 | WARNING | etl.clean | Date parse nahi hui: 'Fri, 21 Aug 2026 07:00:00 GMT'
2026-09-05 12:02:46 | WARNING | etl.clean | Date parse nahi hui: 'Thu, 11 Jun 2026 07:00:00 GMT'
2026-09-05 12:02:46 | WARNING | etl.clean | Date parse nahi hui: 'Thu, 11 Jun 2026 07:00:00 GMT'
2026-09-05 12:02:46 | WARNING | etl.clean | Date parse nahi hui: 'Thu, 16 Jul 2026 07:00:00 GMT'
2026-09-05 12:02:46 | WARNING | etl.clean | Date parse nahi hui: 'Thu, 16 Jul 2026 07:00:00 GMT'
2026-09-05 12:02:46 | WARNING | etl.clean | Date parse nahi hui: 'Sun, 03 May 2026 07:00:00 GMT'
2026-09-05 12:02:46 | WARNING | etl.clean | Date parse nahi hui: 'Sun, 03 May 2026 07:00:00 GMT'
2026-09-05 12:02:46 | WARNING | etl.clean | Date parse nahi hui: 'Tue, 11 Aug 2026 07:00:00 GMT'
2026-09-05 12:02:46 | WARNING | etl.clean | Date parse nahi hui: 'Tue, 11 Aug 2026 07:00:00 GMT'
2026-09-05 12:02:46 | WARNING | etl.clean | Date parse nahi hui: 'Wed, 08 Jul 2026 07:00:00 GMT'
2026-09-05 12:02:46 | WARNING | etl.clean | Date parse nahi hui: 'Wed, 08 Jul 2026 07:00:00 GMT'
2026-09-05 12:02:46 | WARNING | etl.clean | Date parse nahi hui: 'Mon, 27 Jul 2026 07:00:00 GMT'
2026-09-05 12:02:46 | WARNING | etl.clean | Date parse nahi hui: 'Mon, 27 Jul 2026 07:00:00 GMT'
2026-09-05 12:02:46 | WARNING | etl.clean | Date parse nahi hui: 'Sat, 09 May 2026 07:00:00 GMT'
2026-09-05 12:02:46 | WARNING | etl.clean | Date parse nahi hui: 'Sat, 09 May 2026 07:00:00 GMT'
2026-09-05 12:02:46 | WARNING | etl.clean | Date parse nahi hui: 'Thu, 23 Jul 2026 07:00:00 GMT'
2026-09-05 12:02:46 | WARNING | etl.clean | Date parse nahi hui: 'Thu, 23 Jul 2026 07:00:00 GMT'
2026-09-05 12:02:46 | WARNING | etl.clean | Date parse nahi hui: 'Fri, 12 Jun 2026 07:00:00 GMT'
2026-09-05 12:02:46 | WARNING | etl.clean | Date parse nahi hui: 'Fri, 12 Jun 2026 07:00:00 GMT'
2026-09-05 12:02:46 | WARNING | etl.clean | Date parse nahi hui: 'Mon, 03 Aug 2026 07:00:00 GMT'
2026-09-05 12:02:46 | WARNING | etl.clean | Date parse nahi hui: 'Mon, 03 Aug 2026 07:00:00 GMT'
2026-09-05 12:02:46 | WARNING | etl.clean | Date parse nahi hui: 'Mon, 10 Aug 2026 07:00:00 GMT'
2026-09-05 12:02:46 | WARNING | etl.clean | Date parse nahi hui: 'Mon, 10 Aug 2026 07:00:00 GMT'
2026-09-05 12:02:46 | WARNING | etl.clean | Date parse nahi hui: 'Tue, 26 May 2026 21:33:44 GMT'
2026-09-05 12:02:46 | WARNING | etl.clean | Date parse nahi hui: 'Tue, 26 May 2026 21:33:44 GMT'
2026-09-05 12:02:46 | WARNING | etl.clean | Date parse nahi hui: 'Fri, 21 Aug 2026 07:00:00 GMT'
2026-09-05 12:02:46 | WARNING | etl.clean | Date parse nahi hui: 'Fri, 21 Aug 2026 07:00:00 GMT'
2026-09-05 12:02:46 | WARNING | etl.clean | Date parse nahi hui: 'Tue, 16 Jun 2026 07:00:00 GMT'
2026-09-05 12:02:46 | WARNING | etl.clean | Date parse nahi hui: 'Tue, 16 Jun 2026 07:00:00 GMT'
2026-09-05 12:02:46 | WARNING | etl.clean | Date parse nahi hui: 'Tue, 14 Jul 2026 07:00:00 GMT'
2026-09-05 12:02:46 | WARNING | etl.clean | Date parse nahi hui: 'Tue, 14 Jul 2026 07:00:00 GMT'
2026-09-05 12:02:46 | WARNING | etl.clean | Date parse nahi hui: 'Tue, 16 Jun 2026 07:00:00 GMT'
2026-09-05 12:02:46 | WARNING | etl.clean | Date parse nahi hui: 'Tue, 16 Jun 2026 07:00:00 GMT'
2026-09-05 12:02:46 | WARNING | etl.clean | Date parse nahi hui: 'Thu, 23 Jul 2026 07:00:00 GMT'
2026-09-05 12:02:46 | WARNING | etl.clean | Date parse nahi hui: 'Thu, 23 Jul 2026 07:00:00 GMT'
2026-09-05 12:02:46 | WARNING | etl.clean | Date parse nahi hui: 'Fri, 31 Jul 2026 07:00:00 GMT'
2026-09-05 12:02:46 | WARNING | etl.clean | Date parse nahi hui: 'Fri, 31 Jul 2026 07:00:00 GMT'
2026-09-05 12:02:46 | WARNING | etl.clean | Date parse nahi hui: 'Fri, 07 Aug 2026 07:00:00 GMT'
2026-09-05 12:02:46 | WARNING | etl.clean | Date parse nahi hui: 'Fri, 07 Aug 2026 07:00:00 GMT'
2026-09-05 12:02:46 | WARNING | etl.clean | Date parse nahi hui: 'Mon, 13 Jul 2026 07:00:00 GMT'
2026-09-05 12:02:46 | WARNING | etl.clean | Date parse nahi hui: 'Mon, 13 Jul 2026 07:00:00 GMT'
2026-09-05 12:02:46 | WARNING | etl.clean | Date parse nahi hui: 'Thu, 21 May 2026 07:00:00 GMT'
2026-09-05 12:02:46 | WARNING | etl.clean | Date parse nahi hui: 'Thu, 21 May 2026 07:00:00 GMT'
2026-09-05 12:02:46 | WARNING | etl.clean | Date parse nahi hui: 'Sat, 09 May 2026 07:00:00 GMT'
2026-09-05 12:02:46 | WARNING | etl.clean | Date parse nahi hui: 'Sat, 09 May 2026 07:00:00 GMT'
2026-09-05 12:02:46 | WARNING | etl.clean | Date parse nahi hui: 'Tue, 28 Jul 2026 07:00:00 GMT'
2026-09-05 12:02:46 | WARNING | etl.clean | Date parse nahi hui: 'Tue, 28 Jul 2026 07:00:00 GMT'
2026-09-05 12:02:46 | WARNING | etl.clean | Date parse nahi hui: 'Tue, 19 May 2026 07:00:00 GMT'
2026-09-05 12:02:46 | WARNING | etl.clean | Date parse nahi hui: 'Tue, 19 May 2026 07:00:00 GMT'
2026-09-05 12:02:46 | WARNING | etl.clean | Date parse nahi hui: 'Sat, 09 May 2026 07:00:00 GMT'
2026-09-05 12:02:46 | WARNING | etl.clean | Date parse nahi hui: 'Sat, 09 May 2026 07:00:00 GMT'
2026-09-05 12:02:46 | WARNING | etl.clean | Date parse nahi hui: 'Mon, 10 Aug 2026 07:00:00 GMT'
2026-09-05 12:02:46 | WARNING | etl.clean | Date parse nahi hui: 'Mon, 10 Aug 2026 07:00:00 GMT'
2026-09-05 12:02:46 | WARNING | etl.clean | Date parse nahi hui: 'Wed, 12 Aug 2026 07:00:00 GMT'
2026-09-05 12:02:46 | WARNING | etl.clean | Date parse nahi hui: 'Wed, 12 Aug 2026 07:00:00 GMT'
2026-09-05 12:02:46 | WARNING | etl.clean | Date parse nahi hui: 'Wed, 22 Jul 2026 07:00:00 GMT'
2026-09-05 12:02:46 | WARNING | etl.clean | Date parse nahi hui: 'Wed, 22 Jul 2026 07:00:00 GMT'
2026-09-05 12:02:46 | WARNING | etl.clean | Date parse nahi hui: 'Thu, 09 Jul 2026 07:00:00 GMT'
2026-09-05 12:02:46 | WARNING | etl.clean | Date parse nahi hui: 'Thu, 09 Jul 2026 07:00:00 GMT'
2026-09-05 12:02:46 | WARNING | etl.clean | Date parse nahi hui: 'Sat, 10 Jan 2026 08:00:00 GMT'
2026-09-05 12:02:46 | WARNING | etl.clean | Date parse nahi hui: 'Sat, 10 Jan 2026 08:00:00 GMT'
2026-09-05 12:02:46 | WARNING | etl.clean | Date parse nahi hui: 'Sun, 21 Jun 2026 07:00:00 GMT'
2026-09-05 12:02:46 | WARNING | etl.clean | Date parse nahi hui: 'Sun, 21 Jun 2026 07:00:00 GMT'
2026-09-05 12:02:46 | WARNING | etl.clean | Date parse nahi hui: 'Mon, 16 Feb 2026 08:00:00 GMT'
2026-09-05 12:02:46 | WARNING | etl.clean | Date parse nahi hui: 'Mon, 16 Feb 2026 08:00:00 GMT'
2026-09-05 12:02:46 | WARNING | etl.clean | Date parse nahi hui: 'Thu, 06 Nov 2025 08:00:00 GMT'
2026-09-05 12:02:46 | WARNING | etl.clean | Date parse nahi hui: 'Thu, 06 Nov 2025 08:00:00 GMT'
2026-09-05 12:02:46 | WARNING | etl.clean | Date parse nahi hui: 'Fri, 22 May 2026 07:00:00 GMT'
2026-09-05 12:02:46 | WARNING | etl.clean | Date parse nahi hui: 'Fri, 22 May 2026 07:00:00 GMT'
2026-09-05 12:02:46 | WARNING | etl.clean | Date parse nahi hui: 'Wed, 14 Jan 2026 08:00:00 GMT'
2026-09-05 12:02:46 | WARNING | etl.clean | Date parse nahi hui: 'Wed, 14 Jan 2026 08:00:00 GMT'
2026-09-05 12:02:46 | WARNING | etl.clean | Date parse nahi hui: 'Fri, 07 Aug 2026 07:00:00 GMT'
2026-09-05 12:02:46 | WARNING | etl.clean | Date parse nahi hui: 'Fri, 07 Aug 2026 07:00:00 GMT'
2026-09-05 12:02:46 | WARNING | etl.clean | Date parse nahi hui: 'Thu, 06 Aug 2026 07:00:00 GMT'
2026-09-05 12:02:46 | WARNING | etl.clean | Date parse nahi hui: 'Thu, 06 Aug 2026 07:00:00 GMT'
2026-09-05 12:02:46 | WARNING | etl.clean | Date parse nahi hui: 'Tue, 11 Aug 2026 07:00:00 GMT'
2026-09-05 12:02:46 | WARNING | etl.clean | Date parse nahi hui: 'Tue, 11 Aug 2026 07:00:00 GMT'
2026-09-05 12:02:46 | WARNING | etl.clean | Date parse nahi hui: 'Sun, 31 May 2026 07:00:00 GMT'
2026-09-05 12:02:46 | WARNING | etl.clean | Date parse nahi hui: 'Sun, 31 May 2026 07:00:00 GMT'
2026-09-05 12:02:46 | WARNING | etl.clean | Date parse nahi hui: 'Tue, 12 May 2026 07:00:00 GMT'
2026-09-05 12:02:46 | WARNING | etl.clean | Date parse nahi hui: 'Tue, 12 May 2026 07:00:00 GMT'
2026-09-05 12:02:46 | WARNING | etl.clean | Date parse nahi hui: 'Fri, 12 Jun 2026 07:00:00 GMT'
2026-09-05 12:02:46 | WARNING | etl.clean | Date parse nahi hui: 'Fri, 12 Jun 2026 07:00:00 GMT'
2026-09-05 12:02:46 | WARNING | etl.clean | Date parse nahi hui: 'Tue, 24 Feb 2026 08:00:00 GMT'
2026-09-05 12:02:46 | WARNING | etl.clean | Date parse nahi hui: 'Tue, 24 Feb 2026 08:00:00 GMT'
2026-09-05 12:02:46 | WARNING | etl.clean | Date parse nahi hui: 'Sat, 20 Jun 2026 07:00:00 GMT'
2026-09-05 12:02:46 | WARNING | etl.clean | Date parse nahi hui: 'Sat, 20 Jun 2026 07:00:00 GMT'
2026-09-05 12:02:46 | WARNING | etl.clean | Date parse nahi hui: 'Sat, 04 Jul 2026 07:00:00 GMT'
2026-09-05 12:02:46 | WARNING | etl.clean | Date parse nahi hui: 'Sat, 04 Jul 2026 07:00:00 GMT'
2026-09-05 12:02:46 | WARNING | etl.clean | Date parse nahi hui: 'Sun, 19 Apr 2026 07:00:00 GMT'
2026-09-05 12:02:46 | WARNING | etl.clean | Date parse nahi hui: 'Sun, 19 Apr 2026 07:00:00 GMT'
2026-09-05 12:02:46 | WARNING | etl.clean | Date parse nahi hui: 'Mon, 22 Jun 2026 07:00:00 GMT'
2026-09-05 12:02:46 | WARNING | etl.clean | Date parse nahi hui: 'Mon, 22 Jun 2026 07:00:00 GMT'
2026-09-05 12:02:46 | WARNING | etl.clean | Date parse nahi hui: 'Fri, 07 Aug 2026 07:00:00 GMT'
2026-09-05 12:02:46 | WARNING | etl.clean | Date parse nahi hui: 'Fri, 07 Aug 2026 07:00:00 GMT'
2026-09-05 12:02:46 | WARNING | etl.clean | Date parse nahi hui: 'Sat, 29 Aug 2026 09:33:57 GMT'
2026-09-05 12:02:46 | WARNING | etl.clean | Date parse nahi hui: 'Sat, 29 Aug 2026 09:33:57 GMT'
2026-09-05 12:02:46 | WARNING | etl.clean | Date parse nahi hui: 'Tue, 01 Sep 2026 17:16:37 GMT'
2026-09-05 12:02:46 | WARNING | etl.clean | Date parse nahi hui: 'Tue, 01 Sep 2026 17:16:37 GMT'
2026-09-05 12:02:46 | WARNING | etl.clean | Date parse nahi hui: 'Tue, 01 Sep 2026 09:00:00 GMT'
2026-09-05 12:02:46 | WARNING | etl.clean | Date parse nahi hui: 'Tue, 01 Sep 2026 09:00:00 GMT'
2026-09-05 12:02:46 | WARNING | etl.clean | Date parse nahi hui: 'Mon, 24 Aug 2026 07:00:00 GMT'
2026-09-05 12:02:46 | WARNING | etl.clean | Date parse nahi hui: 'Mon, 24 Aug 2026 07:00:00 GMT'
2026-09-05 12:02:46 | WARNING | etl.clean | Date parse nahi hui: 'Tue, 01 Sep 2026 16:51:00 GMT'
2026-09-05 12:02:46 | WARNING | etl.clean | Date parse nahi hui: 'Tue, 01 Sep 2026 16:51:00 GMT'
2026-09-05 12:02:46 | WARNING | etl.clean | Date parse nahi hui: 'Wed, 02 Sep 2026 16:46:53 GMT'
2026-09-05 12:02:46 | WARNING | etl.clean | Date parse nahi hui: 'Wed, 02 Sep 2026 16:46:53 GMT'
2026-09-05 12:02:46 | WARNING | etl.clean | Date parse nahi hui: 'Sun, 23 Aug 2026 07:00:00 GMT'
2026-09-05 12:02:46 | WARNING | etl.clean | Date parse nahi hui: 'Sun, 23 Aug 2026 07:00:00 GMT'
2026-09-05 12:02:46 | WARNING | etl.clean | Date parse nahi hui: 'Mon, 17 Aug 2026 07:00:00 GMT'
2026-09-05 12:02:46 | WARNING | etl.clean | Date parse nahi hui: 'Mon, 17 Aug 2026 07:00:00 GMT'
2026-09-05 12:02:46 | WARNING | etl.clean | Date parse nahi hui: 'Wed, 12 Aug 2026 07:00:00 GMT'
2026-09-05 12:02:46 | WARNING | etl.clean | Date parse nahi hui: 'Wed, 12 Aug 2026 07:00:00 GMT'
2026-09-05 12:02:46 | WARNING | etl.clean | Date parse nahi hui: 'Mon, 03 Aug 2026 07:00:00 GMT'
2026-09-05 12:02:46 | WARNING | etl.clean | Date parse nahi hui: 'Mon, 03 Aug 2026 07:00:00 GMT'
2026-09-05 12:02:46 | WARNING | etl.clean | Date parse nahi hui: 'Sun, 30 Aug 2026 11:08:07 GMT'
2026-09-05 12:02:46 | WARNING | etl.clean | Date parse nahi hui: 'Sun, 30 Aug 2026 11:08:07 GMT'
2026-09-05 12:02:46 | WARNING | etl.clean | Date parse nahi hui: 'Tue, 11 Aug 2026 07:00:00 GMT'
2026-09-05 12:02:46 | WARNING | etl.clean | Date parse nahi hui: 'Tue, 11 Aug 2026 07:00:00 GMT'
2026-09-05 12:02:46 | WARNING | etl.clean | Date parse nahi hui: 'Thu, 06 Aug 2026 07:00:00 GMT'
2026-09-05 12:02:46 | WARNING | etl.clean | Date parse nahi hui: 'Thu, 06 Aug 2026 07:00:00 GMT'
2026-09-05 12:02:46 | WARNING | etl.clean | Date parse nahi hui: 'Wed, 02 Sep 2026 03:32:48 GMT'
2026-09-05 12:02:46 | WARNING | etl.clean | Date parse nahi hui: 'Wed, 02 Sep 2026 03:32:48 GMT'
2026-09-05 12:02:46 | WARNING | etl.clean | Date parse nahi hui: 'Mon, 17 Aug 2026 07:00:00 GMT'
2026-09-05 12:02:46 | WARNING | etl.clean | Date parse nahi hui: 'Mon, 17 Aug 2026 07:00:00 GMT'
2026-09-05 12:02:46 | WARNING | etl.clean | Date parse nahi hui: 'Thu, 23 Jul 2026 07:00:00 GMT'
2026-09-05 12:02:46 | WARNING | etl.clean | Date parse nahi hui: 'Thu, 23 Jul 2026 07:00:00 GMT'
2026-09-05 12:02:46 | WARNING | etl.clean | Date parse nahi hui: 'Tue, 01 Sep 2026 11:51:02 GMT'
2026-09-05 12:02:46 | WARNING | etl.clean | Date parse nahi hui: 'Tue, 01 Sep 2026 11:51:02 GMT'
2026-09-05 12:02:46 | WARNING | etl.clean | Date parse nahi hui: 'Wed, 22 Jul 2026 07:00:00 GMT'
2026-09-05 12:02:46 | WARNING | etl.clean | Date parse nahi hui: 'Wed, 22 Jul 2026 07:00:00 GMT'
2026-09-05 12:02:46 | WARNING | etl.clean | Date parse nahi hui: 'Mon, 06 Jul 2026 07:00:00 GMT'
2026-09-05 12:02:46 | WARNING | etl.clean | Date parse nahi hui: 'Mon, 06 Jul 2026 07:00:00 GMT'
2026-09-05 12:02:46 | WARNING | etl.clean | Date parse nahi hui: 'Wed, 08 Jul 2026 07:00:00 GMT'
2026-09-05 12:02:46 | WARNING | etl.clean | Date parse nahi hui: 'Wed, 08 Jul 2026 07:00:00 GMT'
2026-09-05 12:02:46 | WARNING | etl.clean | Date parse nahi hui: 'Thu, 09 Jul 2026 07:00:00 GMT'
2026-09-05 12:02:46 | WARNING | etl.clean | Date parse nahi hui: 'Thu, 09 Jul 2026 07:00:00 GMT'
2026-09-05 12:02:46 | WARNING | etl.clean | Date parse nahi hui: 'Mon, 24 Aug 2026 07:00:00 GMT'
2026-09-05 12:02:46 | WARNING | etl.clean | Date parse nahi hui: 'Mon, 24 Aug 2026 07:00:00 GMT'
2026-09-05 12:02:46 | WARNING | etl.clean | Date parse nahi hui: 'Mon, 06 Jul 2026 07:00:00 GMT'
2026-09-05 12:02:46 | WARNING | etl.clean | Date parse nahi hui: 'Mon, 06 Jul 2026 07:00:00 GMT'
2026-09-05 12:02:46 | WARNING | etl.clean | Date parse nahi hui: 'Sat, 01 Aug 2026 07:00:00 GMT'
2026-09-05 12:02:46 | WARNING | etl.clean | Date parse nahi hui: 'Sat, 01 Aug 2026 07:00:00 GMT'
2026-09-05 12:02:46 | WARNING | etl.clean | Date parse nahi hui: 'Tue, 07 Jul 2026 07:00:00 GMT'
2026-09-05 12:02:46 | WARNING | etl.clean | Date parse nahi hui: 'Tue, 07 Jul 2026 07:00:00 GMT'
2026-09-05 12:02:46 | WARNING | etl.clean | Date parse nahi hui: 'Mon, 06 Jul 2026 07:00:00 GMT'
2026-09-05 12:02:46 | WARNING | etl.clean | Date parse nahi hui: 'Mon, 06 Jul 2026 07:00:00 GMT'
2026-09-05 12:02:46 | WARNING | etl.clean | Date parse nahi hui: 'Tue, 07 Jul 2026 07:00:00 GMT'
2026-09-05 12:02:46 | WARNING | etl.clean | Date parse nahi hui: 'Tue, 07 Jul 2026 07:00:00 GMT'
2026-09-05 12:02:46 | WARNING | etl.clean | Date parse nahi hui: 'Sat, 11 Jul 2026 07:00:00 GMT'
2026-09-05 12:02:46 | WARNING | etl.clean | Date parse nahi hui: 'Sat, 11 Jul 2026 07:00:00 GMT'
2026-09-05 12:02:46 | WARNING | etl.clean | Date parse nahi hui: 'Tue, 07 Jul 2026 07:00:00 GMT'
2026-09-05 12:02:46 | WARNING | etl.clean | Date parse nahi hui: 'Tue, 07 Jul 2026 07:00:00 GMT'
2026-09-05 12:02:46 | WARNING | etl.clean | Date parse nahi hui: 'Mon, 06 Jul 2026 07:00:00 GMT'
2026-09-05 12:02:46 | WARNING | etl.clean | Date parse nahi hui: 'Mon, 06 Jul 2026 07:00:00 GMT'
2026-09-05 12:02:46 | WARNING | etl.clean | Date parse nahi hui: 'Tue, 21 Jul 2026 07:00:00 GMT'
2026-09-05 12:02:46 | WARNING | etl.clean | Date parse nahi hui: 'Tue, 21 Jul 2026 07:00:00 GMT'
2026-09-05 12:02:46 | WARNING | etl.clean | Date parse nahi hui: 'Thu, 02 Jul 2026 07:00:00 GMT'
2026-09-05 12:02:46 | WARNING | etl.clean | Date parse nahi hui: 'Thu, 02 Jul 2026 07:00:00 GMT'
2026-09-05 12:02:46 | WARNING | etl.clean | Date parse nahi hui: 'Mon, 06 Jul 2026 07:00:00 GMT'
2026-09-05 12:02:46 | WARNING | etl.clean | Date parse nahi hui: 'Mon, 06 Jul 2026 07:00:00 GMT'
2026-09-05 12:02:46 | WARNING | etl.clean | Date parse nahi hui: 'Tue, 07 Jul 2026 07:00:00 GMT'
2026-09-05 12:02:46 | WARNING | etl.clean | Date parse nahi hui: 'Tue, 07 Jul 2026 07:00:00 GMT'
2026-09-05 12:02:46 | WARNING | etl.clean | Date parse nahi hui: 'Fri, 22 May 2026 07:00:00 GMT'
2026-09-05 12:02:46 | WARNING | etl.clean | Date parse nahi hui: 'Fri, 22 May 2026 07:00:00 GMT'
2026-09-05 12:02:46 | WARNING | etl.clean | Date parse nahi hui: 'Mon, 06 Jul 2026 07:00:00 GMT'
2026-09-05 12:02:46 | WARNING | etl.clean | Date parse nahi hui: 'Mon, 06 Jul 2026 07:00:00 GMT'
2026-09-05 12:02:46 | WARNING | etl.clean | Date parse nahi hui: 'Mon, 06 Jul 2026 07:00:00 GMT'
2026-09-05 12:02:46 | WARNING | etl.clean | Date parse nahi hui: 'Mon, 06 Jul 2026 07:00:00 GMT'
2026-09-05 12:02:46 | WARNING | etl.clean | Date parse nahi hui: 'Tue, 28 Jul 2026 07:00:00 GMT'
2026-09-05 12:02:46 | WARNING | etl.clean | Date parse nahi hui: 'Tue, 28 Jul 2026 07:00:00 GMT'
2026-09-05 12:02:46 | WARNING | etl.clean | Date parse nahi hui: 'Fri, 07 Aug 2026 07:00:00 GMT'
2026-09-05 12:02:46 | WARNING | etl.clean | Date parse nahi hui: 'Fri, 07 Aug 2026 07:00:00 GMT'
2026-09-05 12:02:46 | WARNING | etl.clean | Date parse nahi hui: 'Sun, 12 Jul 2026 07:00:00 GMT'
2026-09-05 12:02:46 | WARNING | etl.clean | Date parse nahi hui: 'Sun, 12 Jul 2026 07:00:00 GMT'
2026-09-05 12:02:46 | WARNING | etl.clean | Date parse nahi hui: 'Mon, 27 Jul 2026 07:00:00 GMT'
2026-09-05 12:02:46 | WARNING | etl.clean | Date parse nahi hui: 'Mon, 27 Jul 2026 07:00:00 GMT'
2026-09-05 12:02:46 | WARNING | etl.clean | Date parse nahi hui: 'Mon, 27 Jul 2026 07:00:00 GMT'
2026-09-05 12:02:46 | WARNING | etl.clean | Date parse nahi hui: 'Mon, 27 Jul 2026 07:00:00 GMT'
2026-09-05 12:02:46 | WARNING | etl.clean | Date parse nahi hui: 'Wed, 22 Jul 2026 07:00:00 GMT'
2026-09-05 12:02:46 | WARNING | etl.clean | Date parse nahi hui: 'Wed, 22 Jul 2026 07:00:00 GMT'
2026-09-05 12:02:46 | WARNING | etl.clean | Date parse nahi hui: 'Sat, 08 Aug 2026 07:00:00 GMT'
2026-09-05 12:02:46 | WARNING | etl.clean | Date parse nahi hui: 'Sat, 08 Aug 2026 07:00:00 GMT'
2026-09-05 12:02:46 | WARNING | etl.clean | Date parse nahi hui: 'Tue, 07 Jul 2026 07:00:00 GMT'
2026-09-05 12:02:46 | WARNING | etl.clean | Date parse nahi hui: 'Tue, 07 Jul 2026 07:00:00 GMT'
2026-09-05 12:02:46 | WARNING | etl.clean | Date parse nahi hui: 'Tue, 11 Aug 2026 07:00:00 GMT'
2026-09-05 12:02:46 | WARNING | etl.clean | Date parse nahi hui: 'Tue, 11 Aug 2026 07:00:00 GMT'
2026-09-05 12:02:46 | WARNING | etl.clean | Date parse nahi hui: 'Sat, 11 Jul 2026 07:00:00 GMT'
2026-09-05 12:02:46 | WARNING | etl.clean | Date parse nahi hui: 'Sat, 11 Jul 2026 07:00:00 GMT'
2026-09-05 12:02:46 | WARNING | etl.clean | Date parse nahi hui: 'Tue, 28 Jul 2026 07:00:00 GMT'
2026-09-05 12:02:46 | WARNING | etl.clean | Date parse nahi hui: 'Tue, 28 Jul 2026 07:00:00 GMT'
2026-09-05 12:02:46 | WARNING | etl.clean | Date parse nahi hui: 'Mon, 06 Jul 2026 07:00:00 GMT'
2026-09-05 12:02:46 | WARNING | etl.clean | Date parse nahi hui: 'Mon, 06 Jul 2026 07:00:00 GMT'
2026-09-05 12:02:46 | WARNING | etl.clean | Date parse nahi hui: 'Mon, 06 Jul 2026 07:00:00 GMT'
2026-09-05 12:02:46 | WARNING | etl.clean | Date parse nahi hui: 'Mon, 06 Jul 2026 07:00:00 GMT'
2026-09-05 12:02:46 | WARNING | etl.clean | Date parse nahi hui: 'Fri, 10 Jul 2026 07:00:00 GMT'
2026-09-05 12:02:46 | WARNING | etl.clean | Date parse nahi hui: 'Fri, 10 Jul 2026 07:00:00 GMT'
2026-09-05 12:02:46 | WARNING | etl.clean | Date parse nahi hui: 'Thu, 16 Jul 2026 07:00:00 GMT'
2026-09-05 12:02:46 | WARNING | etl.clean | Date parse nahi hui: 'Thu, 16 Jul 2026 07:00:00 GMT'
2026-09-05 12:02:46 | WARNING | etl.clean | Date parse nahi hui: 'Mon, 06 Jul 2026 07:00:00 GMT'
2026-09-05 12:02:46 | WARNING | etl.clean | Date parse nahi hui: 'Mon, 06 Jul 2026 07:00:00 GMT'
2026-09-05 12:02:46 | WARNING | etl.clean | Date parse nahi hui: 'Thu, 06 Aug 2026 07:00:00 GMT'
2026-09-05 12:02:46 | WARNING | etl.clean | Date parse nahi hui: 'Thu, 06 Aug 2026 07:00:00 GMT'
2026-09-05 12:02:46 | WARNING | etl.clean | Date parse nahi hui: 'Sun, 19 Jul 2026 07:00:00 GMT'
2026-09-05 12:02:46 | WARNING | etl.clean | Date parse nahi hui: 'Sun, 19 Jul 2026 07:00:00 GMT'
2026-09-05 12:02:46 | WARNING | etl.clean | Date parse nahi hui: 'Wed, 08 Apr 2026 07:00:00 GMT'
2026-09-05 12:02:46 | WARNING | etl.clean | Date parse nahi hui: 'Wed, 08 Apr 2026 07:00:00 GMT'
2026-09-05 12:02:46 | WARNING | etl.clean | Date parse nahi hui: 'Fri, 03 Jul 2026 07:00:00 GMT'
2026-09-05 12:02:46 | WARNING | etl.clean | Date parse nahi hui: 'Fri, 03 Jul 2026 07:00:00 GMT'
2026-09-05 12:02:46 | WARNING | etl.clean | Date parse nahi hui: 'Sun, 21 Jun 2026 07:00:00 GMT'
2026-09-05 12:02:46 | WARNING | etl.clean | Date parse nahi hui: 'Sun, 21 Jun 2026 07:00:00 GMT'
2026-09-05 12:02:46 | WARNING | etl.clean | Date parse nahi hui: 'Mon, 06 Jul 2026 07:00:00 GMT'
2026-09-05 12:02:46 | WARNING | etl.clean | Date parse nahi hui: 'Mon, 06 Jul 2026 07:00:00 GMT'
2026-09-05 12:02:46 | WARNING | etl.clean | Date parse nahi hui: 'Wed, 22 Jul 2026 07:00:00 GMT'
2026-09-05 12:02:46 | WARNING | etl.clean | Date parse nahi hui: 'Wed, 22 Jul 2026 07:00:00 GMT'
2026-09-05 12:02:46 | WARNING | etl.clean | Date parse nahi hui: 'Wed, 08 Jul 2026 07:00:00 GMT'
2026-09-05 12:02:46 | WARNING | etl.clean | Date parse nahi hui: 'Wed, 08 Jul 2026 07:00:00 GMT'
2026-09-05 12:02:46 | WARNING | etl.clean | Date parse nahi hui: 'Fri, 24 Jul 2026 07:00:00 GMT'
2026-09-05 12:02:46 | WARNING | etl.clean | Date parse nahi hui: 'Fri, 24 Jul 2026 07:00:00 GMT'
2026-09-05 12:02:46 | WARNING | etl.clean | Date parse nahi hui: 'Mon, 06 Jul 2026 07:00:00 GMT'
2026-09-05 12:02:46 | WARNING | etl.clean | Date parse nahi hui: 'Mon, 06 Jul 2026 07:00:00 GMT'
2026-09-05 12:02:46 | WARNING | etl.clean | Date parse nahi hui: 'Fri, 03 Jul 2026 07:00:00 GMT'
2026-09-05 12:02:46 | WARNING | etl.clean | Date parse nahi hui: 'Fri, 03 Jul 2026 07:00:00 GMT'
2026-09-05 12:02:46 | WARNING | etl.clean | Date parse nahi hui: 'Fri, 10 Jul 2026 07:00:00 GMT'
2026-09-05 12:02:46 | WARNING | etl.clean | Date parse nahi hui: 'Fri, 10 Jul 2026 07:00:00 GMT'
2026-09-05 12:02:46 | WARNING | etl.clean | Date parse nahi hui: 'Fri, 03 Jul 2026 07:00:00 GMT'
2026-09-05 12:02:46 | WARNING | etl.clean | Date parse nahi hui: 'Fri, 03 Jul 2026 07:00:00 GMT'
2026-09-05 12:02:46 | WARNING | etl.clean | Date parse nahi hui: 'Mon, 06 Jul 2026 07:00:00 GMT'
2026-09-05 12:02:46 | WARNING | etl.clean | Date parse nahi hui: 'Mon, 06 Jul 2026 07:00:00 GMT'
2026-09-05 12:02:46 | WARNING | etl.clean | Date parse nahi hui: 'Sun, 05 Jul 2026 07:00:00 GMT'
2026-09-05 12:02:46 | WARNING | etl.clean | Date parse nahi hui: 'Sun, 05 Jul 2026 07:00:00 GMT'
2026-09-05 12:02:46 | WARNING | etl.clean | Date parse nahi hui: 'Sun, 12 Jul 2026 07:00:00 GMT'
2026-09-05 12:02:46 | WARNING | etl.clean | Date parse nahi hui: 'Sun, 12 Jul 2026 07:00:00 GMT'
2026-09-05 12:02:46 | WARNING | etl.clean | Date parse nahi hui: 'Tue, 11 Aug 2026 07:00:00 GMT'
2026-09-05 12:02:46 | WARNING | etl.clean | Date parse nahi hui: 'Tue, 11 Aug 2026 07:00:00 GMT'
2026-09-05 12:02:46 | WARNING | etl.clean | Date parse nahi hui: 'Thu, 23 Jul 2026 07:00:00 GMT'
2026-09-05 12:02:46 | WARNING | etl.clean | Date parse nahi hui: 'Thu, 23 Jul 2026 07:00:00 GMT'
2026-09-05 12:02:46 | WARNING | etl.clean | Date parse nahi hui: 'Mon, 06 Jul 2026 07:00:00 GMT'
2026-09-05 12:02:46 | WARNING | etl.clean | Date parse nahi hui: 'Mon, 06 Jul 2026 07:00:00 GMT'
2026-09-05 12:02:46 | WARNING | etl.clean | Date parse nahi hui: 'Mon, 27 Jul 2026 07:00:00 GMT'
2026-09-05 12:02:46 | WARNING | etl.clean | Date parse nahi hui: 'Mon, 27 Jul 2026 07:00:00 GMT'
2026-09-05 12:02:46 | WARNING | etl.clean | Date parse nahi hui: 'Sun, 07 Jun 2026 07:00:00 GMT'
2026-09-05 12:02:46 | WARNING | etl.clean | Date parse nahi hui: 'Sun, 07 Jun 2026 07:00:00 GMT'
2026-09-05 12:02:46 | WARNING | etl.clean | Date parse nahi hui: 'Mon, 06 Jul 2026 07:00:00 GMT'
2026-09-05 12:02:46 | WARNING | etl.clean | Date parse nahi hui: 'Mon, 06 Jul 2026 07:00:00 GMT'
2026-09-05 12:02:46 | WARNING | etl.clean | Date parse nahi hui: 'Wed, 08 Apr 2026 07:00:00 GMT'
2026-09-05 12:02:46 | WARNING | etl.clean | Date parse nahi hui: 'Wed, 08 Apr 2026 07:00:00 GMT'
2026-09-05 12:02:46 | WARNING | etl.clean | Date parse nahi hui: 'Sun, 19 Jul 2026 07:00:00 GMT'
2026-09-05 12:02:46 | WARNING | etl.clean | Date parse nahi hui: 'Sun, 19 Jul 2026 07:00:00 GMT'
2026-09-05 12:02:46 | WARNING | etl.clean | Date parse nahi hui: 'Mon, 13 Jul 2026 07:00:00 GMT'
2026-09-05 12:02:46 | WARNING | etl.clean | Date parse nahi hui: 'Mon, 13 Jul 2026 07:00:00 GMT'
2026-09-05 12:02:46 | WARNING | etl.clean | Date parse nahi hui: 'Tue, 07 Jul 2026 07:00:00 GMT'
2026-09-05 12:02:46 | WARNING | etl.clean | Date parse nahi hui: 'Tue, 07 Jul 2026 07:00:00 GMT'
2026-09-05 12:02:46 | WARNING | etl.clean | Date parse nahi hui: 'Mon, 27 Jul 2026 07:00:00 GMT'
2026-09-05 12:02:46 | WARNING | etl.clean | Date parse nahi hui: 'Mon, 27 Jul 2026 07:00:00 GMT'
2026-09-05 12:02:46 | WARNING | etl.clean | Date parse nahi hui: 'Mon, 27 Jul 2026 07:00:00 GMT'
2026-09-05 12:02:46 | WARNING | etl.clean | Date parse nahi hui: 'Mon, 27 Jul 2026 07:00:00 GMT'
2026-09-05 12:02:46 | WARNING | etl.clean | Date parse nahi hui: 'Sun, 12 Jul 2026 07:00:00 GMT'
2026-09-05 12:02:46 | WARNING | etl.clean | Date parse nahi hui: 'Sun, 12 Jul 2026 07:00:00 GMT'
2026-09-05 12:02:46 | WARNING | etl.clean | Date parse nahi hui: 'Tue, 14 Jul 2026 07:00:00 GMT'
2026-09-05 12:02:46 | WARNING | etl.clean | Date parse nahi hui: 'Tue, 14 Jul 2026 07:00:00 GMT'
2026-09-05 12:02:46 | WARNING | etl.clean | Date parse nahi hui: 'Fri, 10 Jul 2026 07:00:00 GMT'
2026-09-05 12:02:46 | WARNING | etl.clean | Date parse nahi hui: 'Fri, 10 Jul 2026 07:00:00 GMT'
2026-09-05 12:02:46 | WARNING | etl.clean | Date parse nahi hui: 'Mon, 11 May 2026 07:00:00 GMT'
2026-09-05 12:02:46 | WARNING | etl.clean | Date parse nahi hui: 'Mon, 11 May 2026 07:00:00 GMT'
2026-09-05 12:02:46 | WARNING | etl.clean | Date parse nahi hui: 'Mon, 06 Jul 2026 07:00:00 GMT'
2026-09-05 12:02:46 | WARNING | etl.clean | Date parse nahi hui: 'Mon, 06 Jul 2026 07:00:00 GMT'
2026-09-05 12:02:46 | WARNING | etl.clean | Date parse nahi hui: 'Tue, 07 Jul 2026 07:00:00 GMT'
2026-09-05 12:02:46 | WARNING | etl.clean | Date parse nahi hui: 'Tue, 07 Jul 2026 07:00:00 GMT'
2026-09-05 12:02:46 | WARNING | etl.clean | Date parse nahi hui: 'Fri, 31 Jul 2026 07:00:00 GMT'
2026-09-05 12:02:46 | WARNING | etl.clean | Date parse nahi hui: 'Fri, 31 Jul 2026 07:00:00 GMT'
2026-09-05 12:02:46 | WARNING | etl.clean | Date parse nahi hui: 'Mon, 13 Jul 2026 07:00:00 GMT'
2026-09-05 12:02:46 | WARNING | etl.clean | Date parse nahi hui: 'Mon, 13 Jul 2026 07:00:00 GMT'
2026-09-05 12:02:46 | WARNING | etl.clean | Date parse nahi hui: 'Sun, 12 Jul 2026 07:00:00 GMT'
2026-09-05 12:02:46 | WARNING | etl.clean | Date parse nahi hui: 'Sun, 12 Jul 2026 07:00:00 GMT'
2026-09-05 12:02:46 | WARNING | etl.clean | Date parse nahi hui: 'Wed, 01 Jul 2026 07:00:00 GMT'
2026-09-05 12:02:46 | WARNING | etl.clean | Date parse nahi hui: 'Wed, 01 Jul 2026 07:00:00 GMT'
2026-09-05 12:02:46 | WARNING | etl.clean | Date parse nahi hui: 'Thu, 09 Jul 2026 07:00:00 GMT'
2026-09-05 12:02:46 | WARNING | etl.clean | Date parse nahi hui: 'Thu, 09 Jul 2026 07:00:00 GMT'
2026-09-05 12:02:46 | WARNING | etl.clean | Date parse nahi hui: 'Mon, 27 Jul 2026 07:00:00 GMT'
2026-09-05 12:02:46 | WARNING | etl.clean | Date parse nahi hui: 'Mon, 27 Jul 2026 07:00:00 GMT'
2026-09-05 12:02:46 | WARNING | etl.clean | Date parse nahi hui: 'Fri, 10 Jul 2026 07:00:00 GMT'
2026-09-05 12:02:46 | WARNING | etl.clean | Date parse nahi hui: 'Fri, 10 Jul 2026 07:00:00 GMT'
2026-09-05 12:02:46 | WARNING | etl.clean | Date parse nahi hui: 'Mon, 06 Jul 2026 07:00:00 GMT'
2026-09-05 12:02:46 | WARNING | etl.clean | Date parse nahi hui: 'Mon, 06 Jul 2026 07:00:00 GMT'
2026-09-05 12:02:46 | WARNING | etl.clean | Date parse nahi hui: 'Thu, 21 May 2026 07:00:00 GMT'
2026-09-05 12:02:46 | WARNING | etl.clean | Date parse nahi hui: 'Thu, 21 May 2026 07:00:00 GMT'
2026-09-05 12:02:46 | WARNING | etl.clean | Date parse nahi hui: 'Sun, 19 Jul 2026 07:00:00 GMT'
2026-09-05 12:02:46 | WARNING | etl.clean | Date parse nahi hui: 'Sun, 19 Jul 2026 07:00:00 GMT'
2026-09-05 12:02:46 | WARNING | etl.clean | Date parse nahi hui: 'Sun, 19 Jul 2026 07:00:00 GMT'
2026-09-05 12:02:46 | WARNING | etl.clean | Date parse nahi hui: 'Sun, 19 Jul 2026 07:00:00 GMT'
2026-09-05 12:02:46 | WARNING | etl.clean | Date parse nahi hui: 'Fri, 31 Jul 2026 07:00:00 GMT'
2026-09-05 12:02:46 | WARNING | etl.clean | Date parse nahi hui: 'Fri, 31 Jul 2026 07:00:00 GMT'
2026-09-05 12:02:46 | WARNING | etl.clean | Date parse nahi hui: 'Tue, 31 Mar 2026 07:00:00 GMT'
2026-09-05 12:02:46 | WARNING | etl.clean | Date parse nahi hui: 'Tue, 31 Mar 2026 07:00:00 GMT'
2026-09-05 12:02:46 | WARNING | etl.clean | Date parse nahi hui: 'Tue, 01 Sep 2026 09:00:00 GMT'
2026-09-05 12:02:46 | WARNING | etl.clean | Date parse nahi hui: 'Tue, 01 Sep 2026 09:00:00 GMT'
2026-09-05 12:02:46 | WARNING | etl.clean | Date parse nahi hui: 'Tue, 01 Sep 2026 17:16:37 GMT'
2026-09-05 12:02:46 | WARNING | etl.clean | Date parse nahi hui: 'Tue, 01 Sep 2026 17:16:37 GMT'
2026-09-05 12:02:46 | WARNING | etl.clean | Date parse nahi hui: 'Wed, 02 Sep 2026 03:36:00 GMT'
2026-09-05 12:02:46 | WARNING | etl.clean | Date parse nahi hui: 'Wed, 02 Sep 2026 03:36:00 GMT'
2026-09-05 12:02:46 | WARNING | etl.clean | Date parse nahi hui: 'Wed, 26 Aug 2026 07:00:00 GMT'
2026-09-05 12:02:46 | WARNING | etl.clean | Date parse nahi hui: 'Wed, 26 Aug 2026 07:00:00 GMT'
2026-09-05 12:02:46 | WARNING | etl.clean | Date parse nahi hui: 'Mon, 29 Jun 2026 07:00:00 GMT'
2026-09-05 12:02:46 | WARNING | etl.clean | Date parse nahi hui: 'Mon, 29 Jun 2026 07:00:00 GMT'
2026-09-05 12:02:46 | WARNING | etl.clean | Date parse nahi hui: 'Tue, 21 Jul 2026 07:00:00 GMT'
2026-09-05 12:02:46 | WARNING | etl.clean | Date parse nahi hui: 'Tue, 21 Jul 2026 07:00:00 GMT'
2026-09-05 12:02:46 | WARNING | etl.clean | Date parse nahi hui: 'Fri, 10 Jul 2026 07:00:00 GMT'
2026-09-05 12:02:46 | WARNING | etl.clean | Date parse nahi hui: 'Fri, 10 Jul 2026 07:00:00 GMT'
2026-09-05 12:02:46 | WARNING | etl.clean | Date parse nahi hui: 'Mon, 29 Jun 2026 07:00:00 GMT'
2026-09-05 12:02:46 | WARNING | etl.clean | Date parse nahi hui: 'Mon, 29 Jun 2026 07:00:00 GMT'
2026-09-05 12:02:46 | WARNING | etl.clean | Date parse nahi hui: 'Mon, 06 Jul 2026 07:00:00 GMT'
2026-09-05 12:02:46 | WARNING | etl.clean | Date parse nahi hui: 'Mon, 06 Jul 2026 07:00:00 GMT'
2026-09-05 12:02:46 | WARNING | etl.clean | Date parse nahi hui: 'Sun, 19 Jul 2026 07:00:00 GMT'
2026-09-05 12:02:46 | WARNING | etl.clean | Date parse nahi hui: 'Sun, 19 Jul 2026 07:00:00 GMT'
2026-09-05 12:02:46 | WARNING | etl.clean | Date parse nahi hui: 'Tue, 28 Jul 2026 07:00:00 GMT'
2026-09-05 12:02:46 | WARNING | etl.clean | Date parse nahi hui: 'Tue, 28 Jul 2026 07:00:00 GMT'
2026-09-05 12:02:46 | WARNING | etl.clean | Date parse nahi hui: 'Thu, 25 Jun 2026 07:00:00 GMT'
2026-09-05 12:02:46 | WARNING | etl.clean | Date parse nahi hui: 'Thu, 25 Jun 2026 07:00:00 GMT'
2026-09-05 12:02:46 | WARNING | etl.clean | Date parse nahi hui: 'Sat, 04 Jul 2026 07:00:00 GMT'
2026-09-05 12:02:46 | WARNING | etl.clean | Date parse nahi hui: 'Sat, 04 Jul 2026 07:00:00 GMT'
2026-09-05 12:02:46 | WARNING | etl.clean | Date parse nahi hui: 'Sun, 19 Jul 2026 07:00:00 GMT'
2026-09-05 12:02:46 | WARNING | etl.clean | Date parse nahi hui: 'Sun, 19 Jul 2026 07:00:00 GMT'
2026-09-05 12:02:46 | WARNING | etl.clean | Date parse nahi hui: 'Wed, 01 Jul 2026 07:00:00 GMT'
2026-09-05 12:02:46 | WARNING | etl.clean | Date parse nahi hui: 'Wed, 01 Jul 2026 07:00:00 GMT'
2026-09-05 12:02:46 | WARNING | etl.clean | Date parse nahi hui: 'Fri, 10 Jul 2026 07:00:00 GMT'
2026-09-05 12:02:46 | WARNING | etl.clean | Date parse nahi hui: 'Fri, 10 Jul 2026 07:00:00 GMT'
2026-09-05 12:02:46 | WARNING | etl.clean | Date parse nahi hui: 'Fri, 03 Jul 2026 07:00:00 GMT'
2026-09-05 12:02:46 | WARNING | etl.clean | Date parse nahi hui: 'Fri, 03 Jul 2026 07:00:00 GMT'
2026-09-05 12:02:46 | WARNING | etl.clean | Date parse nahi hui: 'Fri, 31 Jul 2026 07:00:00 GMT'
2026-09-05 12:02:46 | WARNING | etl.clean | Date parse nahi hui: 'Fri, 31 Jul 2026 07:00:00 GMT'
2026-09-05 12:02:46 | WARNING | etl.clean | Date parse nahi hui: 'Tue, 28 Jul 2026 07:00:00 GMT'
2026-09-05 12:02:46 | WARNING | etl.clean | Date parse nahi hui: 'Tue, 28 Jul 2026 07:00:00 GMT'
2026-09-05 12:02:46 | WARNING | etl.clean | Date parse nahi hui: 'Mon, 06 Jul 2026 07:00:00 GMT'
2026-09-05 12:02:46 | WARNING | etl.clean | Date parse nahi hui: 'Mon, 06 Jul 2026 07:00:00 GMT'
2026-09-05 12:02:46 | WARNING | etl.clean | Date parse nahi hui: 'Wed, 08 Jul 2026 07:00:00 GMT'
2026-09-05 12:02:46 | WARNING | etl.clean | Date parse nahi hui: 'Wed, 08 Jul 2026 07:00:00 GMT'
2026-09-05 12:02:46 | WARNING | etl.clean | Date parse nahi hui: 'Sat, 25 Jul 2026 07:00:00 GMT'
2026-09-05 12:02:46 | WARNING | etl.clean | Date parse nahi hui: 'Sat, 25 Jul 2026 07:00:00 GMT'
2026-09-05 12:02:46 | WARNING | etl.clean | Date parse nahi hui: 'Fri, 24 Jul 2026 07:00:00 GMT'
2026-09-05 12:02:46 | WARNING | etl.clean | Date parse nahi hui: 'Fri, 24 Jul 2026 07:00:00 GMT'
2026-09-05 12:02:46 | WARNING | etl.clean | Date parse nahi hui: 'Sat, 01 Aug 2026 07:00:00 GMT'
2026-09-05 12:02:46 | WARNING | etl.clean | Date parse nahi hui: 'Sat, 01 Aug 2026 07:00:00 GMT'
2026-09-05 12:02:46 | WARNING | etl.clean | Date parse nahi hui: 'Sat, 25 Jul 2026 07:00:00 GMT'
2026-09-05 12:02:46 | WARNING | etl.clean | Date parse nahi hui: 'Sat, 25 Jul 2026 07:00:00 GMT'
2026-09-05 12:02:46 | WARNING | etl.clean | Date parse nahi hui: 'Sat, 25 Jul 2026 07:00:00 GMT'
2026-09-05 12:02:46 | WARNING | etl.clean | Date parse nahi hui: 'Sat, 25 Jul 2026 07:00:00 GMT'
2026-09-05 12:02:46 | WARNING | etl.clean | Date parse nahi hui: 'Fri, 10 Jul 2026 07:00:00 GMT'
2026-09-05 12:02:46 | WARNING | etl.clean | Date parse nahi hui: 'Fri, 10 Jul 2026 07:00:00 GMT'
2026-09-05 12:02:46 | WARNING | etl.clean | Date parse nahi hui: 'Mon, 20 Jul 2026 07:00:00 GMT'
2026-09-05 12:02:46 | WARNING | etl.clean | Date parse nahi hui: 'Mon, 20 Jul 2026 07:00:00 GMT'
2026-09-05 12:02:46 | WARNING | etl.clean | Date parse nahi hui: 'Fri, 12 Jun 2026 07:00:00 GMT'
2026-09-05 12:02:46 | WARNING | etl.clean | Date parse nahi hui: 'Fri, 12 Jun 2026 07:00:00 GMT'
2026-09-05 12:02:46 | WARNING | etl.clean | Date parse nahi hui: 'Tue, 28 Jul 2026 07:00:00 GMT'
2026-09-05 12:02:46 | WARNING | etl.clean | Date parse nahi hui: 'Tue, 28 Jul 2026 07:00:00 GMT'
2026-09-05 12:02:46 | WARNING | etl.clean | Date parse nahi hui: 'Fri, 28 Nov 2025 08:00:00 GMT'
2026-09-05 12:02:46 | WARNING | etl.clean | Date parse nahi hui: 'Fri, 28 Nov 2025 08:00:00 GMT'
2026-09-05 12:02:46 | WARNING | etl.clean | Date parse nahi hui: 'Wed, 10 Dec 2025 08:00:00 GMT'
2026-09-05 12:02:46 | WARNING | etl.clean | Date parse nahi hui: 'Wed, 10 Dec 2025 08:00:00 GMT'
2026-09-05 12:02:46 | WARNING | etl.clean | Date parse nahi hui: 'Tue, 12 May 2026 07:00:00 GMT'
2026-09-05 12:02:46 | WARNING | etl.clean | Date parse nahi hui: 'Tue, 12 May 2026 07:00:00 GMT'
2026-09-05 12:02:46 | WARNING | etl.clean | Date parse nahi hui: 'Mon, 23 Mar 2026 07:00:00 GMT'
2026-09-05 12:02:46 | WARNING | etl.clean | Date parse nahi hui: 'Mon, 23 Mar 2026 07:00:00 GMT'
2026-09-05 12:02:46 | WARNING | etl.clean | Date parse nahi hui: 'Sun, 30 Nov 2025 08:00:00 GMT'
2026-09-05 12:02:46 | WARNING | etl.clean | Date parse nahi hui: 'Sun, 30 Nov 2025 08:00:00 GMT'
2026-09-05 12:02:46 | WARNING | etl.clean | Date parse nahi hui: 'Fri, 28 Nov 2025 08:00:00 GMT'
2026-09-05 12:02:46 | WARNING | etl.clean | Date parse nahi hui: 'Fri, 28 Nov 2025 08:00:00 GMT'
2026-09-05 12:02:46 | WARNING | etl.clean | Date parse nahi hui: 'Mon, 06 Oct 2025 07:00:00 GMT'
2026-09-05 12:02:46 | WARNING | etl.clean | Date parse nahi hui: 'Mon, 06 Oct 2025 07:00:00 GMT'
2026-09-05 12:02:46 | WARNING | etl.clean | Date parse nahi hui: 'Mon, 15 Sep 2025 07:00:00 GMT'
2026-09-05 12:02:46 | WARNING | etl.clean | Date parse nahi hui: 'Mon, 15 Sep 2025 07:00:00 GMT'
2026-09-05 12:02:46 | WARNING | etl.clean | Date parse nahi hui: 'Tue, 16 Sep 2025 07:00:00 GMT'
2026-09-05 12:02:46 | WARNING | etl.clean | Date parse nahi hui: 'Tue, 16 Sep 2025 07:00:00 GMT'
2026-09-05 12:02:46 | WARNING | etl.clean | Date parse nahi hui: 'Wed, 06 Aug 2025 07:00:00 GMT'
2026-09-05 12:02:46 | WARNING | etl.clean | Date parse nahi hui: 'Wed, 06 Aug 2025 07:00:00 GMT'
2026-09-05 12:02:46 | WARNING | etl.clean | Date parse nahi hui: 'Mon, 29 Sep 2025 07:00:00 GMT'
2026-09-05 12:02:46 | WARNING | etl.clean | Date parse nahi hui: 'Mon, 29 Sep 2025 07:00:00 GMT'
2026-09-05 12:02:46 | WARNING | etl.clean | Date parse nahi hui: 'Wed, 13 Aug 2025 07:00:00 GMT'
2026-09-05 12:02:46 | WARNING | etl.clean | Date parse nahi hui: 'Wed, 13 Aug 2025 07:00:00 GMT'
2026-09-05 12:02:46 | WARNING | etl.clean | Date parse nahi hui: 'Wed, 17 Sep 2025 07:00:00 GMT'
2026-09-05 12:02:46 | WARNING | etl.clean | Date parse nahi hui: 'Wed, 17 Sep 2025 07:00:00 GMT'
2026-09-05 12:02:46 | WARNING | etl.clean | Date parse nahi hui: 'Sun, 24 Aug 2025 07:00:00 GMT'
2026-09-05 12:02:46 | WARNING | etl.clean | Date parse nahi hui: 'Sun, 24 Aug 2025 07:00:00 GMT'
2026-09-05 12:02:46 | WARNING | etl.clean | Date parse nahi hui: 'Wed, 16 Jul 2025 07:00:00 GMT'
2026-09-05 12:02:46 | WARNING | etl.clean | Date parse nahi hui: 'Wed, 16 Jul 2025 07:00:00 GMT'
2026-09-05 12:02:46 | WARNING | etl.clean | Date parse nahi hui: 'Wed, 03 Sep 2025 07:00:00 GMT'
2026-09-05 12:02:46 | WARNING | etl.clean | Date parse nahi hui: 'Wed, 03 Sep 2025 07:00:00 GMT'
2026-09-05 12:02:46 | WARNING | etl.clean | Date parse nahi hui: 'Thu, 25 Sep 2025 07:00:00 GMT'
2026-09-05 12:02:46 | WARNING | etl.clean | Date parse nahi hui: 'Thu, 25 Sep 2025 07:00:00 GMT'
2026-09-05 12:02:46 | WARNING | etl.clean | Date parse nahi hui: 'Wed, 06 Aug 2025 07:00:00 GMT'
2026-09-05 12:02:46 | WARNING | etl.clean | Date parse nahi hui: 'Wed, 06 Aug 2025 07:00:00 GMT'
2026-09-05 12:02:46 | WARNING | etl.clean | Date parse nahi hui: 'Mon, 18 Aug 2025 07:00:00 GMT'
2026-09-05 12:02:46 | WARNING | etl.clean | Date parse nahi hui: 'Mon, 18 Aug 2025 07:00:00 GMT'
2026-09-05 12:02:46 | WARNING | etl.clean | Date parse nahi hui: 'Wed, 06 Aug 2025 07:00:00 GMT'
2026-09-05 12:02:46 | WARNING | etl.clean | Date parse nahi hui: 'Wed, 06 Aug 2025 07:00:00 GMT'
2026-09-05 12:02:46 | WARNING | etl.clean | Date parse nahi hui: 'Wed, 06 Aug 2025 07:00:00 GMT'
2026-09-05 12:02:46 | WARNING | etl.clean | Date parse nahi hui: 'Wed, 06 Aug 2025 07:00:00 GMT'
2026-09-05 12:02:46 | WARNING | etl.clean | Date parse nahi hui: 'Sat, 02 Aug 2025 07:00:00 GMT'
2026-09-05 12:02:46 | WARNING | etl.clean | Date parse nahi hui: 'Sat, 02 Aug 2025 07:00:00 GMT'
2026-09-05 12:02:46 | WARNING | etl.clean | Date parse nahi hui: 'Tue, 22 Jul 2025 07:00:00 GMT'
2026-09-05 12:02:46 | WARNING | etl.clean | Date parse nahi hui: 'Tue, 22 Jul 2025 07:00:00 GMT'
2026-09-05 12:02:46 | WARNING | etl.clean | Date parse nahi hui: 'Mon, 04 Aug 2025 07:00:00 GMT'
2026-09-05 12:02:46 | WARNING | etl.clean | Date parse nahi hui: 'Mon, 04 Aug 2025 07:00:00 GMT'
2026-09-05 12:02:46 | WARNING | etl.clean | Date parse nahi hui: 'Tue, 05 Aug 2025 07:00:00 GMT'
2026-09-05 12:02:46 | WARNING | etl.clean | Date parse nahi hui: 'Tue, 05 Aug 2025 07:00:00 GMT'
2026-09-05 12:02:46 | WARNING | etl.clean | Date parse nahi hui: 'Mon, 21 Jul 2025 07:00:00 GMT'
2026-09-05 12:02:46 | WARNING | etl.clean | Date parse nahi hui: 'Mon, 21 Jul 2025 07:00:00 GMT'
2026-09-05 12:02:46 | WARNING | etl.clean | Date parse nahi hui: 'Tue, 29 Jul 2025 07:00:00 GMT'
2026-09-05 12:02:46 | WARNING | etl.clean | Date parse nahi hui: 'Tue, 29 Jul 2025 07:00:00 GMT'
2026-09-05 12:02:46 | WARNING | etl.clean | Date parse nahi hui: 'Mon, 21 Jul 2025 07:00:00 GMT'
2026-09-05 12:02:46 | WARNING | etl.clean | Date parse nahi hui: 'Mon, 21 Jul 2025 07:00:00 GMT'
2026-09-05 12:02:46 | WARNING | etl.clean | Date parse nahi hui: 'Mon, 30 Jun 2025 07:00:00 GMT'
2026-09-05 12:02:46 | WARNING | etl.clean | Date parse nahi hui: 'Mon, 30 Jun 2025 07:00:00 GMT'
2026-09-05 12:02:46 | WARNING | etl.clean | Date parse nahi hui: 'Thu, 14 Aug 2025 07:00:00 GMT'
2026-09-05 12:02:46 | WARNING | etl.clean | Date parse nahi hui: 'Thu, 14 Aug 2025 07:00:00 GMT'
2026-09-05 12:02:46 | WARNING | etl.clean | Date parse nahi hui: 'Mon, 11 Aug 2025 07:00:00 GMT'
2026-09-05 12:02:46 | WARNING | etl.clean | Date parse nahi hui: 'Mon, 11 Aug 2025 07:00:00 GMT'
2026-09-05 12:02:46 | WARNING | etl.clean | Date parse nahi hui: 'Mon, 01 Sep 2025 07:00:00 GMT'
2026-09-05 12:02:46 | WARNING | etl.clean | Date parse nahi hui: 'Mon, 01 Sep 2025 07:00:00 GMT'
2026-09-05 12:02:46 | WARNING | etl.clean | Date parse nahi hui: 'Sun, 17 Aug 2025 07:00:00 GMT'
2026-09-05 12:02:46 | WARNING | etl.clean | Date parse nahi hui: 'Sun, 17 Aug 2025 07:00:00 GMT'
2026-09-05 12:02:46 | WARNING | etl.clean | Date parse nahi hui: 'Tue, 26 Aug 2025 07:00:00 GMT'
2026-09-05 12:02:46 | WARNING | etl.clean | Date parse nahi hui: 'Tue, 26 Aug 2025 07:00:00 GMT'
2026-09-05 12:02:46 | WARNING | etl.clean | Date parse nahi hui: 'Fri, 01 Aug 2025 07:00:00 GMT'
2026-09-05 12:02:46 | WARNING | etl.clean | Date parse nahi hui: 'Fri, 01 Aug 2025 07:00:00 GMT'
2026-09-05 12:02:46 | WARNING | etl.clean | Date parse nahi hui: 'Wed, 31 Dec 2025 08:00:00 GMT'
2026-09-05 12:02:46 | WARNING | etl.clean | Date parse nahi hui: 'Wed, 31 Dec 2025 08:00:00 GMT'
2026-09-05 12:02:46 | WARNING | etl.clean | Date parse nahi hui: 'Sun, 17 Aug 2025 07:00:00 GMT'
2026-09-05 12:02:46 | WARNING | etl.clean | Date parse nahi hui: 'Sun, 17 Aug 2025 07:00:00 GMT'
2026-09-05 12:02:46 | WARNING | etl.clean | Date parse nahi hui: 'Thu, 04 Sep 2025 07:00:00 GMT'
2026-09-05 12:02:46 | WARNING | etl.clean | Date parse nahi hui: 'Thu, 04 Sep 2025 07:00:00 GMT'
2026-09-05 12:02:46 | WARNING | etl.clean | Date parse nahi hui: 'Sun, 10 Aug 2025 07:00:00 GMT'
2026-09-05 12:02:46 | WARNING | etl.clean | Date parse nahi hui: 'Sun, 10 Aug 2025 07:00:00 GMT'
2026-09-05 12:02:46 | WARNING | etl.clean | Date parse nahi hui: 'Thu, 14 Aug 2025 07:00:00 GMT'
2026-09-05 12:02:46 | WARNING | etl.clean | Date parse nahi hui: 'Thu, 14 Aug 2025 07:00:00 GMT'
2026-09-05 12:02:46 | WARNING | etl.clean | Date parse nahi hui: 'Tue, 01 Jul 2025 07:00:00 GMT'
2026-09-05 12:02:46 | WARNING | etl.clean | Date parse nahi hui: 'Tue, 01 Jul 2025 07:00:00 GMT'
2026-09-05 12:02:46 | WARNING | etl.clean | Date parse nahi hui: 'Thu, 28 Aug 2025 07:00:00 GMT'
2026-09-05 12:02:46 | WARNING | etl.clean | Date parse nahi hui: 'Thu, 28 Aug 2025 07:00:00 GMT'
2026-09-05 12:02:46 | WARNING | etl.clean | Date parse nahi hui: 'Wed, 24 Dec 2025 08:00:00 GMT'
2026-09-05 12:02:46 | WARNING | etl.clean | Date parse nahi hui: 'Wed, 24 Dec 2025 08:00:00 GMT'
2026-09-05 12:02:46 | WARNING | etl.clean | Date parse nahi hui: 'Thu, 14 Aug 2025 07:00:00 GMT'
2026-09-05 12:02:46 | WARNING | etl.clean | Date parse nahi hui: 'Thu, 14 Aug 2025 07:00:00 GMT'
2026-09-05 12:02:46 | WARNING | etl.clean | Date parse nahi hui: 'Wed, 06 Aug 2025 07:00:00 GMT'
2026-09-05 12:02:46 | WARNING | etl.clean | Date parse nahi hui: 'Wed, 06 Aug 2025 07:00:00 GMT'
2026-09-05 12:02:46 | WARNING | etl.clean | Date parse nahi hui: 'Sun, 03 Aug 2025 07:00:00 GMT'
2026-09-05 12:02:46 | WARNING | etl.clean | Date parse nahi hui: 'Sun, 03 Aug 2025 07:00:00 GMT'
2026-09-05 12:02:46 | WARNING | etl.clean | Date parse nahi hui: 'Thu, 17 Jul 2025 07:00:00 GMT'
2026-09-05 12:02:46 | WARNING | etl.clean | Date parse nahi hui: 'Thu, 17 Jul 2025 07:00:00 GMT'
2026-09-05 12:02:46 | WARNING | etl.clean | Date parse nahi hui: 'Tue, 02 Sep 2025 07:00:00 GMT'
2026-09-05 12:02:46 | WARNING | etl.clean | Date parse nahi hui: 'Tue, 02 Sep 2025 07:00:00 GMT'
2026-09-05 12:02:46 | WARNING | etl.clean | Date parse nahi hui: 'Tue, 01 Jul 2025 07:00:00 GMT'
2026-09-05 12:02:46 | WARNING | etl.clean | Date parse nahi hui: 'Tue, 01 Jul 2025 07:00:00 GMT'
2026-09-05 12:02:46 | WARNING | etl.clean | Date parse nahi hui: 'Tue, 29 Jul 2025 07:00:00 GMT'
2026-09-05 12:02:46 | WARNING | etl.clean | Date parse nahi hui: 'Tue, 29 Jul 2025 07:00:00 GMT'
2026-09-05 12:02:46 | WARNING | etl.clean | Date parse nahi hui: 'Tue, 12 Aug 2025 07:00:00 GMT'
2026-09-05 12:02:46 | WARNING | etl.clean | Date parse nahi hui: 'Tue, 12 Aug 2025 07:00:00 GMT'
2026-09-05 12:02:46 | WARNING | etl.clean | Date parse nahi hui: 'Wed, 06 Aug 2025 07:00:00 GMT'
2026-09-05 12:02:46 | WARNING | etl.clean | Date parse nahi hui: 'Wed, 06 Aug 2025 07:00:00 GMT'
2026-09-05 12:02:46 | WARNING | etl.clean | Date parse nahi hui: 'Tue, 26 Aug 2025 07:00:00 GMT'
2026-09-05 12:02:46 | WARNING | etl.clean | Date parse nahi hui: 'Tue, 26 Aug 2025 07:00:00 GMT'
2026-09-05 12:02:46 | WARNING | etl.clean | Date parse nahi hui: 'Sat, 02 Aug 2025 07:00:00 GMT'
2026-09-05 12:02:46 | WARNING | etl.clean | Date parse nahi hui: 'Sat, 02 Aug 2025 07:00:00 GMT'
2026-09-05 12:02:46 | WARNING | etl.clean | Date parse nahi hui: 'Tue, 26 Aug 2025 07:00:00 GMT'
2026-09-05 12:02:46 | WARNING | etl.clean | Date parse nahi hui: 'Tue, 26 Aug 2025 07:00:00 GMT'
2026-09-05 12:02:46 | WARNING | etl.clean | Date parse nahi hui: 'Mon, 01 Sep 2025 07:00:00 GMT'
2026-09-05 12:02:46 | WARNING | etl.clean | Date parse nahi hui: 'Mon, 01 Sep 2025 07:00:00 GMT'
2026-09-05 12:02:46 | WARNING | etl.clean | Date parse nahi hui: 'Sun, 27 Jul 2025 07:00:00 GMT'
2026-09-05 12:02:46 | WARNING | etl.clean | Date parse nahi hui: 'Sun, 27 Jul 2025 07:00:00 GMT'
2026-09-05 12:02:46 | WARNING | etl.clean | Date parse nahi hui: 'Wed, 27 Aug 2025 07:00:00 GMT'
2026-09-05 12:02:46 | WARNING | etl.clean | Date parse nahi hui: 'Wed, 27 Aug 2025 07:00:00 GMT'
2026-09-05 12:02:46 | WARNING | etl.clean | Date parse nahi hui: 'Thu, 14 Aug 2025 07:00:00 GMT'
2026-09-05 12:02:46 | WARNING | etl.clean | Date parse nahi hui: 'Thu, 14 Aug 2025 07:00:00 GMT'
2026-09-05 12:02:46 | WARNING | etl.clean | Date parse nahi hui: 'Tue, 05 Aug 2025 07:00:00 GMT'
2026-09-05 12:02:46 | WARNING | etl.clean | Date parse nahi hui: 'Tue, 05 Aug 2025 07:00:00 GMT'
2026-09-05 12:02:46 | WARNING | etl.clean | Date parse nahi hui: 'Tue, 26 Aug 2025 07:00:00 GMT'
2026-09-05 12:02:46 | WARNING | etl.clean | Date parse nahi hui: 'Tue, 26 Aug 2025 07:00:00 GMT'
2026-09-05 12:02:46 | WARNING | etl.clean | Date parse nahi hui: 'Mon, 21 Jul 2025 07:00:00 GMT'
2026-09-05 12:02:46 | WARNING | etl.clean | Date parse nahi hui: 'Mon, 21 Jul 2025 07:00:00 GMT'
2026-09-05 12:02:46 | WARNING | etl.clean | Date parse nahi hui: 'Sun, 24 Aug 2025 07:00:00 GMT'
2026-09-05 12:02:46 | WARNING | etl.clean | Date parse nahi hui: 'Sun, 24 Aug 2025 07:00:00 GMT'
2026-09-05 12:02:46 | WARNING | etl.clean | Date parse nahi hui: 'Thu, 07 Aug 2025 07:00:00 GMT'
2026-09-05 12:02:46 | WARNING | etl.clean | Date parse nahi hui: 'Thu, 07 Aug 2025 07:00:00 GMT'
2026-09-05 12:02:46 | WARNING | etl.clean | Date parse nahi hui: 'Thu, 14 Aug 2025 07:00:00 GMT'
2026-09-05 12:02:46 | WARNING | etl.clean | Date parse nahi hui: 'Thu, 14 Aug 2025 07:00:00 GMT'
2026-09-05 12:02:46 | WARNING | etl.clean | Date parse nahi hui: 'Mon, 27 Oct 2025 07:00:00 GMT'
2026-09-05 12:02:46 | WARNING | etl.clean | Date parse nahi hui: 'Mon, 27 Oct 2025 07:00:00 GMT'
2026-09-05 12:02:46 | WARNING | etl.clean | Date parse nahi hui: 'Thu, 13 Jul 2023 07:00:00 GMT'
2026-09-05 12:02:46 | WARNING | etl.clean | Date parse nahi hui: 'Thu, 13 Jul 2023 07:00:00 GMT'
2026-09-05 12:02:46 | WARNING | etl.clean | Date parse nahi hui: 'Wed, 01 Jul 2026 07:00:00 GMT'
2026-09-05 12:02:46 | WARNING | etl.clean | Date parse nahi hui: 'Wed, 01 Jul 2026 07:00:00 GMT'
2026-09-05 12:02:46 | WARNING | etl.clean | Date parse nahi hui: 'Sat, 11 Jul 2026 07:00:00 GMT'
2026-09-05 12:02:46 | WARNING | etl.clean | Date parse nahi hui: 'Sat, 11 Jul 2026 07:00:00 GMT'
2026-09-05 12:02:46 | WARNING | etl.clean | Date parse nahi hui: 'Fri, 03 Jul 2026 07:00:00 GMT'
2026-09-05 12:02:46 | WARNING | etl.clean | Date parse nahi hui: 'Fri, 03 Jul 2026 07:00:00 GMT'
2026-09-05 12:02:46 | WARNING | etl.clean | Date parse nahi hui: 'Mon, 24 Aug 2026 07:00:00 GMT'
2026-09-05 12:02:46 | WARNING | etl.clean | Date parse nahi hui: 'Mon, 24 Aug 2026 07:00:00 GMT'
2026-09-05 12:02:46 | WARNING | etl.clean | Date parse nahi hui: 'Tue, 11 Aug 2026 07:00:00 GMT'
2026-09-05 12:02:46 | WARNING | etl.clean | Date parse nahi hui: 'Tue, 11 Aug 2026 07:00:00 GMT'
2026-09-05 12:02:46 | WARNING | etl.clean | Date parse nahi hui: 'Fri, 05 Sep 2025 07:00:00 GMT'
2026-09-05 12:02:46 | WARNING | etl.clean | Date parse nahi hui: 'Fri, 05 Sep 2025 07:00:00 GMT'
2026-09-05 12:02:46 | WARNING | etl.clean | Date parse nahi hui: 'Tue, 20 Jan 2026 08:00:00 GMT'
2026-09-05 12:02:46 | WARNING | etl.clean | Date parse nahi hui: 'Tue, 20 Jan 2026 08:00:00 GMT'
2026-09-05 12:02:46 | WARNING | etl.clean | Date parse nahi hui: 'Mon, 06 Jul 2026 07:00:00 GMT'
2026-09-05 12:02:46 | WARNING | etl.clean | Date parse nahi hui: 'Mon, 06 Jul 2026 07:00:00 GMT'
2026-09-05 12:02:46 | WARNING | etl.clean | Date parse nahi hui: 'Sat, 17 Jan 2026 08:00:00 GMT'
2026-09-05 12:02:46 | WARNING | etl.clean | Date parse nahi hui: 'Sat, 17 Jan 2026 08:00:00 GMT'
2026-09-05 12:02:46 | WARNING | etl.clean | Date parse nahi hui: 'Fri, 17 Jul 2026 20:46:31 GMT'
2026-09-05 12:02:46 | WARNING | etl.clean | Date parse nahi hui: 'Fri, 17 Jul 2026 20:46:31 GMT'
2026-09-05 12:02:46 | WARNING | etl.clean | Date parse nahi hui: 'Fri, 28 Aug 2026 07:39:42 GMT'
2026-09-05 12:02:46 | WARNING | etl.clean | Date parse nahi hui: 'Fri, 28 Aug 2026 07:39:42 GMT'
2026-09-05 12:02:46 | WARNING | etl.clean | Date parse nahi hui: 'Mon, 06 Jul 2026 07:00:00 GMT'
2026-09-05 12:02:46 | WARNING | etl.clean | Date parse nahi hui: 'Mon, 06 Jul 2026 07:00:00 GMT'
2026-09-05 12:02:46 | WARNING | etl.clean | Date parse nahi hui: 'Wed, 04 Dec 2024 14:50:31 GMT'
2026-09-05 12:02:46 | WARNING | etl.clean | Date parse nahi hui: 'Wed, 04 Dec 2024 14:50:31 GMT'
2026-09-05 12:02:46 | WARNING | etl.clean | Date parse nahi hui: 'Thu, 23 Jul 2026 07:00:00 GMT'
2026-09-05 12:02:46 | WARNING | etl.clean | Date parse nahi hui: 'Thu, 23 Jul 2026 07:00:00 GMT'
2026-09-05 12:02:46 | WARNING | etl.clean | Date parse nahi hui: 'Mon, 23 Feb 2026 08:00:00 GMT'
2026-09-05 12:02:46 | WARNING | etl.clean | Date parse nahi hui: 'Mon, 23 Feb 2026 08:00:00 GMT'
2026-09-05 12:02:46 | WARNING | etl.clean | Date parse nahi hui: 'Sun, 19 Jul 2026 07:00:00 GMT'
2026-09-05 12:02:46 | WARNING | etl.clean | Date parse nahi hui: 'Sun, 19 Jul 2026 07:00:00 GMT'
2026-09-05 12:02:46 | WARNING | etl.clean | Date parse nahi hui: 'Mon, 06 Jul 2026 07:00:00 GMT'
2026-09-05 12:02:46 | WARNING | etl.clean | Date parse nahi hui: 'Mon, 06 Jul 2026 07:00:00 GMT'
2026-09-05 12:02:46 | WARNING | etl.clean | Date parse nahi hui: 'Wed, 08 Jul 2026 07:00:00 GMT'
2026-09-05 12:02:46 | WARNING | etl.clean | Date parse nahi hui: 'Wed, 08 Jul 2026 07:00:00 GMT'
2026-09-05 12:02:46 | WARNING | etl.clean | Date parse nahi hui: 'Mon, 23 Feb 2026 08:00:00 GMT'
2026-09-05 12:02:46 | WARNING | etl.clean | Date parse nahi hui: 'Mon, 23 Feb 2026 08:00:00 GMT'
2026-09-05 12:02:46 | WARNING | etl.clean | Date parse nahi hui: 'Mon, 16 Feb 2026 08:00:00 GMT'
2026-09-05 12:02:46 | WARNING | etl.clean | Date parse nahi hui: 'Mon, 16 Feb 2026 08:00:00 GMT'
2026-09-05 12:02:46 | WARNING | etl.clean | Date parse nahi hui: 'Fri, 10 Nov 2023 08:00:00 GMT'
2026-09-05 12:02:46 | WARNING | etl.clean | Date parse nahi hui: 'Fri, 10 Nov 2023 08:00:00 GMT'
2026-09-05 12:02:46 | WARNING | etl.clean | Date parse nahi hui: 'Wed, 04 Jun 2025 07:00:00 GMT'
2026-09-05 12:02:46 | WARNING | etl.clean | Date parse nahi hui: 'Wed, 04 Jun 2025 07:00:00 GMT'
2026-09-05 12:02:46 | WARNING | etl.clean | Date parse nahi hui: 'Tue, 10 Mar 2026 07:00:00 GMT'
2026-09-05 12:02:46 | WARNING | etl.clean | Date parse nahi hui: 'Tue, 10 Mar 2026 07:00:00 GMT'
2026-09-05 12:02:46 | WARNING | etl.clean | Date parse nahi hui: 'Thu, 12 Feb 2026 08:00:00 GMT'
2026-09-05 12:02:46 | WARNING | etl.clean | Date parse nahi hui: 'Thu, 12 Feb 2026 08:00:00 GMT'
2026-09-05 12:02:46 | WARNING | etl.clean | Date parse nahi hui: 'Thu, 08 Apr 2021 07:00:00 GMT'
2026-09-05 12:02:46 | WARNING | etl.clean | Date parse nahi hui: 'Thu, 08 Apr 2021 07:00:00 GMT'
2026-09-05 12:02:46 | WARNING | etl.clean | Date parse nahi hui: 'Mon, 11 May 2026 07:00:00 GMT'
2026-09-05 12:02:46 | WARNING | etl.clean | Date parse nahi hui: 'Mon, 11 May 2026 07:00:00 GMT'
2026-09-05 12:02:46 | WARNING | etl.clean | Date parse nahi hui: 'Mon, 13 Apr 2026 07:00:00 GMT'
2026-09-05 12:02:46 | WARNING | etl.clean | Date parse nahi hui: 'Mon, 13 Apr 2026 07:00:00 GMT'
2026-09-05 12:02:46 | WARNING | etl.clean | Date parse nahi hui: 'Mon, 06 Jul 2026 07:00:00 GMT'
2026-09-05 12:02:46 | WARNING | etl.clean | Date parse nahi hui: 'Mon, 06 Jul 2026 07:00:00 GMT'
2026-09-05 12:02:46 | WARNING | etl.clean | Date parse nahi hui: 'Mon, 06 Jul 2026 07:00:00 GMT'
2026-09-05 12:02:46 | WARNING | etl.clean | Date parse nahi hui: 'Mon, 06 Jul 2026 07:00:00 GMT'
2026-09-05 12:02:46 | WARNING | etl.clean | Date parse nahi hui: 'Wed, 31 Jan 2024 08:00:00 GMT'
2026-09-05 12:02:46 | WARNING | etl.clean | Date parse nahi hui: 'Wed, 31 Jan 2024 08:00:00 GMT'
2026-09-05 12:02:46 | WARNING | etl.clean | Date parse nahi hui: 'Fri, 28 Apr 2023 07:00:00 GMT'
2026-09-05 12:02:46 | WARNING | etl.clean | Date parse nahi hui: 'Fri, 28 Apr 2023 07:00:00 GMT'
2026-09-05 12:02:46 | WARNING | etl.clean | Date parse nahi hui: 'Sat, 22 Feb 2020 08:00:00 GMT'
2026-09-05 12:02:46 | WARNING | etl.clean | Date parse nahi hui: 'Sat, 22 Feb 2020 08:00:00 GMT'
2026-09-05 12:02:46 | WARNING | etl.clean | Date parse nahi hui: 'Sun, 17 Aug 2025 07:00:00 GMT'
2026-09-05 12:02:46 | WARNING | etl.clean | Date parse nahi hui: 'Sun, 17 Aug 2025 07:00:00 GMT'
2026-09-05 12:02:46 | WARNING | etl.clean | Date parse nahi hui: 'Wed, 04 Feb 2026 08:00:00 GMT'
2026-09-05 12:02:46 | WARNING | etl.clean | Date parse nahi hui: 'Wed, 04 Feb 2026 08:00:00 GMT'
2026-09-05 12:02:46 | WARNING | etl.clean | Date parse nahi hui: 'Sat, 04 Jul 2026 07:00:00 GMT'
2026-09-05 12:02:46 | WARNING | etl.clean | Date parse nahi hui: 'Sat, 04 Jul 2026 07:00:00 GMT'
2026-09-05 12:02:46 | WARNING | etl.clean | Date parse nahi hui: 'Wed, 14 Feb 2024 08:00:00 GMT'
2026-09-05 12:02:46 | WARNING | etl.clean | Date parse nahi hui: 'Wed, 14 Feb 2024 08:00:00 GMT'
2026-09-05 12:02:46 | WARNING | etl.clean | Date parse nahi hui: 'Mon, 06 Jul 2026 07:00:00 GMT'
2026-09-05 12:02:46 | WARNING | etl.clean | Date parse nahi hui: 'Mon, 06 Jul 2026 07:00:00 GMT'
2026-09-05 12:02:46 | WARNING | etl.clean | Date parse nahi hui: 'Tue, 07 Jul 2026 07:00:00 GMT'
2026-09-05 12:02:46 | WARNING | etl.clean | Date parse nahi hui: 'Tue, 07 Jul 2026 07:00:00 GMT'
2026-09-05 12:02:46 | WARNING | etl.clean | Date parse nahi hui: 'Thu, 28 Mar 2019 22:41:07 GMT'
2026-09-05 12:02:46 | WARNING | etl.clean | Date parse nahi hui: 'Thu, 28 Mar 2019 22:41:07 GMT'
2026-09-05 12:02:46 | WARNING | etl.clean | Date parse nahi hui: 'Mon, 06 Jul 2026 07:00:00 GMT'
2026-09-05 12:02:46 | WARNING | etl.clean | Date parse nahi hui: 'Mon, 06 Jul 2026 07:00:00 GMT'
2026-09-05 12:02:46 | WARNING | etl.clean | Date parse nahi hui: 'Thu, 14 Sep 2023 07:00:00 GMT'
2026-09-05 12:02:46 | WARNING | etl.clean | Date parse nahi hui: 'Thu, 14 Sep 2023 07:00:00 GMT'
2026-09-05 12:02:46 | WARNING | etl.clean | Date parse nahi hui: 'Wed, 10 Aug 2022 07:00:00 GMT'
2026-09-05 12:02:46 | WARNING | etl.clean | Date parse nahi hui: 'Wed, 10 Aug 2022 07:00:00 GMT'
2026-09-05 12:02:46 | WARNING | etl.clean | Date parse nahi hui: 'Thu, 23 Jul 2026 07:00:00 GMT'
2026-09-05 12:02:46 | WARNING | etl.clean | Date parse nahi hui: 'Thu, 23 Jul 2026 07:00:00 GMT'
2026-09-05 12:02:46 | WARNING | etl.clean | Date parse nahi hui: 'Mon, 23 May 2022 07:00:00 GMT'
2026-09-05 12:02:46 | WARNING | etl.clean | Date parse nahi hui: 'Mon, 23 May 2022 07:00:00 GMT'
2026-09-05 12:02:46 | WARNING | etl.clean | Date parse nahi hui: 'Tue, 07 Jul 2026 07:00:00 GMT'
2026-09-05 12:02:46 | WARNING | etl.clean | Date parse nahi hui: 'Tue, 07 Jul 2026 07:00:00 GMT'
2026-09-05 12:02:46 | WARNING | etl.clean | Date parse nahi hui: 'Fri, 06 Oct 2023 07:00:00 GMT'
2026-09-05 12:02:46 | WARNING | etl.clean | Date parse nahi hui: 'Fri, 06 Oct 2023 07:00:00 GMT'
2026-09-05 12:02:46 | WARNING | etl.clean | Date parse nahi hui: 'Wed, 28 Dec 2022 08:00:00 GMT'
2026-09-05 12:02:46 | WARNING | etl.clean | Date parse nahi hui: 'Wed, 28 Dec 2022 08:00:00 GMT'
2026-09-05 12:02:46 | WARNING | etl.clean | Date parse nahi hui: 'Sat, 25 Dec 2021 08:00:00 GMT'
2026-09-05 12:02:46 | WARNING | etl.clean | Date parse nahi hui: 'Sat, 25 Dec 2021 08:00:00 GMT'
2026-09-05 12:02:46 | WARNING | etl.clean | Date parse nahi hui: 'Sun, 28 Jun 2026 07:00:00 GMT'
2026-09-05 12:02:46 | WARNING | etl.clean | Date parse nahi hui: 'Sun, 28 Jun 2026 07:00:00 GMT'
2026-09-05 12:02:46 | WARNING | etl.clean | Date parse nahi hui: 'Mon, 13 Aug 2018 07:00:00 GMT'
2026-09-05 12:02:46 | WARNING | etl.clean | Date parse nahi hui: 'Mon, 13 Aug 2018 07:00:00 GMT'
2026-09-05 12:02:46 | WARNING | etl.clean | Date parse nahi hui: 'Mon, 16 Feb 2026 08:00:00 GMT'
2026-09-05 12:02:46 | WARNING | etl.clean | Date parse nahi hui: 'Mon, 16 Feb 2026 08:00:00 GMT'
2026-09-05 12:02:46 | WARNING | etl.clean | Date parse nahi hui: 'Thu, 22 Feb 2018 08:00:00 GMT'
2026-09-05 12:02:46 | WARNING | etl.clean | Date parse nahi hui: 'Thu, 22 Feb 2018 08:00:00 GMT'
2026-09-05 12:02:46 | WARNING | etl.clean | Date parse nahi hui: 'Sat, 28 May 2022 07:00:00 GMT'
2026-09-05 12:02:46 | WARNING | etl.clean | Date parse nahi hui: 'Sat, 28 May 2022 07:00:00 GMT'
2026-09-05 12:02:46 | WARNING | etl.clean | Date parse nahi hui: 'Sat, 04 Jul 2026 07:00:00 GMT'
2026-09-05 12:02:46 | WARNING | etl.clean | Date parse nahi hui: 'Sat, 04 Jul 2026 07:00:00 GMT'
2026-09-05 12:02:46 | WARNING | etl.clean | Date parse nahi hui: 'Thu, 10 Mar 2016 08:00:00 GMT'
2026-09-05 12:02:46 | WARNING | etl.clean | Date parse nahi hui: 'Thu, 10 Mar 2016 08:00:00 GMT'
2026-09-05 12:02:46 | WARNING | etl.clean | Date parse nahi hui: 'Sun, 05 Jul 2026 07:00:00 GMT'
2026-09-05 12:02:46 | WARNING | etl.clean | Date parse nahi hui: 'Sun, 05 Jul 2026 07:00:00 GMT'
2026-09-05 12:02:46 | WARNING | etl.clean | Date parse nahi hui: 'Wed, 18 May 2016 07:00:00 GMT'
2026-09-05 12:02:46 | WARNING | etl.clean | Date parse nahi hui: 'Wed, 18 May 2016 07:00:00 GMT'
2026-09-05 12:02:46 | WARNING | etl.clean | Date parse nahi hui: 'Sat, 17 Oct 2015 07:00:00 GMT'
2026-09-05 12:02:46 | WARNING | etl.clean | Date parse nahi hui: 'Sat, 17 Oct 2015 07:00:00 GMT'
2026-09-05 12:02:46 | WARNING | etl.clean | Date parse nahi hui: 'Wed, 09 Aug 2017 07:00:00 GMT'
2026-09-05 12:02:46 | WARNING | etl.clean | Date parse nahi hui: 'Wed, 09 Aug 2017 07:00:00 GMT'
2026-09-05 12:02:46 | WARNING | etl.clean | Date parse nahi hui: 'Thu, 04 Jun 2026 07:00:00 GMT'
2026-09-05 12:02:46 | WARNING | etl.clean | Date parse nahi hui: 'Thu, 04 Jun 2026 07:00:00 GMT'
2026-09-05 12:02:46 | WARNING | etl.clean | Date parse nahi hui: 'Mon, 27 Jul 2026 07:00:00 GMT'
2026-09-05 12:02:46 | WARNING | etl.clean | Date parse nahi hui: 'Mon, 27 Jul 2026 07:00:00 GMT'
2026-09-05 12:02:46 | WARNING | etl.clean | Date parse nahi hui: 'Mon, 06 Jul 2026 07:00:00 GMT'
2026-09-05 12:02:46 | WARNING | etl.clean | Date parse nahi hui: 'Mon, 06 Jul 2026 07:00:00 GMT'
2026-09-05 12:02:46 | WARNING | etl.clean | Date parse nahi hui: 'Fri, 29 Aug 2025 07:00:00 GMT'
2026-09-05 12:02:46 | WARNING | etl.clean | Date parse nahi hui: 'Fri, 29 Aug 2025 07:00:00 GMT'
2026-09-05 12:02:46 | WARNING | etl.clean | Date parse nahi hui: 'Mon, 20 Jul 2026 07:00:00 GMT'
2026-09-05 12:02:46 | WARNING | etl.clean | Date parse nahi hui: 'Mon, 20 Jul 2026 07:00:00 GMT'
2026-09-05 12:02:46 | WARNING | etl.clean | Date parse nahi hui: 'Mon, 13 Jul 2026 07:00:00 GMT'
2026-09-05 12:02:46 | WARNING | etl.clean | Date parse nahi hui: 'Mon, 13 Jul 2026 07:00:00 GMT'
2026-09-05 12:02:46 | WARNING | etl.clean | Date parse nahi hui: 'Fri, 31 Jul 2026 07:00:00 GMT'
2026-09-05 12:02:46 | WARNING | etl.clean | Date parse nahi hui: 'Fri, 31 Jul 2026 07:00:00 GMT'
2026-09-05 12:02:46 | WARNING | etl.clean | Date parse nahi hui: 'Thu, 06 Aug 2026 07:00:00 GMT'
2026-09-05 12:02:46 | WARNING | etl.clean | Date parse nahi hui: 'Thu, 06 Aug 2026 07:00:00 GMT'
2026-09-05 12:02:46 | WARNING | etl.clean | Date parse nahi hui: 'Mon, 25 Aug 2025 07:00:00 GMT'
2026-09-05 12:02:46 | WARNING | etl.clean | Date parse nahi hui: 'Mon, 25 Aug 2025 07:00:00 GMT'
2026-09-05 12:02:46 | WARNING | etl.clean | Date parse nahi hui: 'Mon, 19 Feb 2024 08:00:00 GMT'
2026-09-05 12:02:46 | WARNING | etl.clean | Date parse nahi hui: 'Mon, 19 Feb 2024 08:00:00 GMT'
2026-09-05 12:02:46 | WARNING | etl.clean | Date parse nahi hui: 'Sun, 18 Jan 2026 08:00:00 GMT'
2026-09-05 12:02:46 | WARNING | etl.clean | Date parse nahi hui: 'Sun, 18 Jan 2026 08:00:00 GMT'
2026-09-05 12:02:46 | WARNING | etl.clean | Date parse nahi hui: 'Sun, 04 Aug 2024 07:00:00 GMT'
2026-09-05 12:02:46 | WARNING | etl.clean | Date parse nahi hui: 'Sun, 04 Aug 2024 07:00:00 GMT'
2026-09-05 12:02:46 | WARNING | etl.clean | Date parse nahi hui: 'Wed, 21 Sep 2022 07:00:00 GMT'
2026-09-05 12:02:46 | WARNING | etl.clean | Date parse nahi hui: 'Wed, 21 Sep 2022 07:00:00 GMT'
2026-09-05 12:02:46 | WARNING | etl.clean | Date parse nahi hui: 'Mon, 13 Mar 2023 07:00:00 GMT'
2026-09-05 12:02:46 | WARNING | etl.clean | Date parse nahi hui: 'Mon, 13 Mar 2023 07:00:00 GMT'
2026-09-05 12:02:46 | WARNING | etl.clean | Date parse nahi hui: 'Mon, 26 Sep 2022 07:00:00 GMT'
2026-09-05 12:02:46 | WARNING | etl.clean | Date parse nahi hui: 'Mon, 26 Sep 2022 07:00:00 GMT'
2026-09-05 12:02:46 | WARNING | etl.clean | Date parse nahi hui: 'Tue, 21 Jul 2026 07:00:00 GMT'
2026-09-05 12:02:46 | WARNING | etl.clean | Date parse nahi hui: 'Tue, 21 Jul 2026 07:00:00 GMT'
2026-09-05 12:02:46 | WARNING | etl.clean | Date parse nahi hui: 'Tue, 05 May 2026 07:00:00 GMT'
2026-09-05 12:02:46 | WARNING | etl.clean | Date parse nahi hui: 'Tue, 05 May 2026 07:00:00 GMT'
2026-09-05 12:02:46 | WARNING | etl.clean | Date parse nahi hui: 'Wed, 03 Jul 2024 07:00:00 GMT'
2026-09-05 12:02:46 | WARNING | etl.clean | Date parse nahi hui: 'Wed, 03 Jul 2024 07:00:00 GMT'
2026-09-05 12:02:46 | WARNING | etl.clean | Date parse nahi hui: 'Mon, 27 Jul 2026 07:00:00 GMT'
2026-09-05 12:02:46 | WARNING | etl.clean | Date parse nahi hui: 'Mon, 27 Jul 2026 07:00:00 GMT'
2026-09-05 12:02:46 | WARNING | etl.clean | Date parse nahi hui: 'Thu, 22 Jan 2026 08:00:00 GMT'
2026-09-05 12:02:46 | WARNING | etl.clean | Date parse nahi hui: 'Thu, 22 Jan 2026 08:00:00 GMT'
2026-09-05 12:02:46 | WARNING | etl.clean | Date parse nahi hui: 'Mon, 18 Aug 2025 07:00:00 GMT'
2026-09-05 12:02:46 | WARNING | etl.clean | Date parse nahi hui: 'Mon, 18 Aug 2025 07:00:00 GMT'
2026-09-05 12:02:46 | WARNING | etl.clean | Date parse nahi hui: 'Sat, 02 Mar 2024 08:00:00 GMT'
2026-09-05 12:02:46 | WARNING | etl.clean | Date parse nahi hui: 'Sat, 02 Mar 2024 08:00:00 GMT'
2026-09-05 12:02:46 | WARNING | etl.clean | Date parse nahi hui: 'Mon, 13 Mar 2023 07:00:00 GMT'
2026-09-05 12:02:46 | WARNING | etl.clean | Date parse nahi hui: 'Mon, 13 Mar 2023 07:00:00 GMT'
2026-09-05 12:02:46 | WARNING | etl.clean | Date parse nahi hui: 'Wed, 23 Jul 2025 07:00:00 GMT'
2026-09-05 12:02:46 | WARNING | etl.clean | Date parse nahi hui: 'Wed, 23 Jul 2025 07:00:00 GMT'
2026-09-05 12:02:46 | WARNING | etl.clean | Date parse nahi hui: 'Sun, 22 Jun 2025 07:00:00 GMT'
2026-09-05 12:02:46 | WARNING | etl.clean | Date parse nahi hui: 'Sun, 22 Jun 2025 07:00:00 GMT'
2026-09-05 12:02:46 | WARNING | etl.clean | Date parse nahi hui: 'Mon, 27 Jul 2026 07:00:00 GMT'
2026-09-05 12:02:46 | WARNING | etl.clean | Date parse nahi hui: 'Mon, 27 Jul 2026 07:00:00 GMT'
2026-09-05 12:02:46 | WARNING | etl.clean | Date parse nahi hui: 'Tue, 21 Jul 2026 07:00:00 GMT'
2026-09-05 12:02:46 | WARNING | etl.clean | Date parse nahi hui: 'Tue, 21 Jul 2026 07:00:00 GMT'
2026-09-05 12:02:46 | WARNING | etl.clean | Date parse nahi hui: 'Sat, 18 Jul 2026 07:00:00 GMT'
2026-09-05 12:02:46 | WARNING | etl.clean | Date parse nahi hui: 'Sat, 18 Jul 2026 07:00:00 GMT'
2026-09-05 12:02:46 | WARNING | etl.clean | Date parse nahi hui: 'Fri, 31 Jul 2026 07:00:00 GMT'
2026-09-05 12:02:46 | WARNING | etl.clean | Date parse nahi hui: 'Fri, 31 Jul 2026 07:00:00 GMT'
2026-09-05 12:02:46 | WARNING | etl.clean | Date parse nahi hui: 'Thu, 09 Jul 2026 07:00:00 GMT'
2026-09-05 12:02:46 | WARNING | etl.clean | Date parse nahi hui: 'Thu, 09 Jul 2026 07:00:00 GMT'
2026-09-05 12:02:46 | WARNING | etl.clean | Date parse nahi hui: 'Thu, 11 Jun 2026 07:00:00 GMT'
2026-09-05 12:02:46 | WARNING | etl.clean | Date parse nahi hui: 'Thu, 11 Jun 2026 07:00:00 GMT'
2026-09-05 12:02:46 | WARNING | etl.clean | Date parse nahi hui: 'Thu, 30 Jul 2026 07:00:00 GMT'
2026-09-05 12:02:46 | WARNING | etl.clean | Date parse nahi hui: 'Thu, 30 Jul 2026 07:00:00 GMT'
2026-09-05 12:02:46 | WARNING | etl.clean | Date parse nahi hui: 'Thu, 30 Apr 2026 07:00:00 GMT'
2026-09-05 12:02:46 | WARNING | etl.clean | Date parse nahi hui: 'Thu, 30 Apr 2026 07:00:00 GMT'
2026-09-05 12:02:46 | WARNING | etl.clean | Date parse nahi hui: 'Sat, 23 May 2026 07:00:00 GMT'
2026-09-05 12:02:46 | WARNING | etl.clean | Date parse nahi hui: 'Sat, 23 May 2026 07:00:00 GMT'
2026-09-05 12:02:46 | WARNING | etl.clean | Date parse nahi hui: 'Thu, 21 May 2026 07:00:00 GMT'
2026-09-05 12:02:46 | WARNING | etl.clean | Date parse nahi hui: 'Thu, 21 May 2026 07:00:00 GMT'
2026-09-05 12:02:46 | WARNING | etl.clean | Date parse nahi hui: 'Sat, 27 Jun 2026 07:00:00 GMT'
2026-09-05 12:02:46 | WARNING | etl.clean | Date parse nahi hui: 'Sat, 27 Jun 2026 07:00:00 GMT'
2026-09-05 12:02:46 | WARNING | etl.clean | Date parse nahi hui: 'Tue, 28 Jul 2026 07:00:00 GMT'
2026-09-05 12:02:46 | WARNING | etl.clean | Date parse nahi hui: 'Tue, 28 Jul 2026 07:00:00 GMT'
2026-09-05 12:02:46 | WARNING | etl.clean | Date parse nahi hui: 'Wed, 04 Feb 2026 08:00:00 GMT'
2026-09-05 12:02:46 | WARNING | etl.clean | Date parse nahi hui: 'Wed, 04 Feb 2026 08:00:00 GMT'
2026-09-05 12:02:46 | WARNING | etl.clean | Date parse nahi hui: 'Thu, 09 Apr 2026 07:00:00 GMT'
2026-09-05 12:02:46 | WARNING | etl.clean | Date parse nahi hui: 'Thu, 09 Apr 2026 07:00:00 GMT'
2026-09-05 12:02:46 | WARNING | etl.clean | Date parse nahi hui: 'Mon, 09 Feb 2026 08:00:00 GMT'
2026-09-05 12:02:46 | WARNING | etl.clean | Date parse nahi hui: 'Mon, 09 Feb 2026 08:00:00 GMT'
2026-09-05 12:02:46 | WARNING | etl.clean | Date parse nahi hui: 'Sun, 25 Jan 2026 08:00:00 GMT'
2026-09-05 12:02:46 | WARNING | etl.clean | Date parse nahi hui: 'Sun, 25 Jan 2026 08:00:00 GMT'
2026-09-05 12:02:46 | WARNING | etl.clean | Date parse nahi hui: 'Fri, 15 May 2026 07:00:00 GMT'
2026-09-05 12:02:46 | WARNING | etl.clean | Date parse nahi hui: 'Fri, 15 May 2026 07:00:00 GMT'
2026-09-05 12:02:46 | WARNING | etl.clean | Date parse nahi hui: 'Mon, 03 Aug 2026 07:00:00 GMT'
2026-09-05 12:02:46 | WARNING | etl.clean | Date parse nahi hui: 'Mon, 03 Aug 2026 07:00:00 GMT'
2026-09-05 12:02:46 | WARNING | etl.clean | Date parse nahi hui: 'Wed, 19 Nov 2025 08:00:00 GMT'
2026-09-05 12:02:46 | WARNING | etl.clean | Date parse nahi hui: 'Wed, 19 Nov 2025 08:00:00 GMT'
2026-09-05 12:02:46 | WARNING | etl.clean | Date parse nahi hui: 'Sat, 01 Aug 2026 07:00:00 GMT'
2026-09-05 12:02:46 | WARNING | etl.clean | Date parse nahi hui: 'Sat, 01 Aug 2026 07:00:00 GMT'
2026-09-05 12:02:46 | WARNING | etl.clean | Date parse nahi hui: 'Sat, 11 Apr 2026 07:00:00 GMT'
2026-09-05 12:02:46 | WARNING | etl.clean | Date parse nahi hui: 'Sat, 11 Apr 2026 07:00:00 GMT'
2026-09-05 12:02:46 | WARNING | etl.clean | Date parse nahi hui: 'Wed, 11 Sep 2024 07:00:00 GMT'
2026-09-05 12:02:46 | WARNING | etl.clean | Date parse nahi hui: 'Wed, 11 Sep 2024 07:00:00 GMT'
2026-09-05 12:02:46 | WARNING | etl.clean | Date parse nahi hui: 'Thu, 04 Jul 2024 07:00:00 GMT'
2026-09-05 12:02:46 | WARNING | etl.clean | Date parse nahi hui: 'Thu, 04 Jul 2024 07:00:00 GMT'
2026-09-05 12:02:46 | WARNING | etl.clean | Date parse nahi hui: 'Thu, 30 Jul 2026 07:00:00 GMT'
2026-09-05 12:02:46 | WARNING | etl.clean | Date parse nahi hui: 'Thu, 30 Jul 2026 07:00:00 GMT'
2026-09-05 12:02:46 | WARNING | etl.clean | Date parse nahi hui: 'Tue, 10 Jun 2025 07:00:00 GMT'
2026-09-05 12:02:46 | WARNING | etl.clean | Date parse nahi hui: 'Tue, 10 Jun 2025 07:00:00 GMT'
2026-09-05 12:02:46 | WARNING | etl.clean | Date parse nahi hui: 'Sat, 24 Jan 2026 08:00:00 GMT'
2026-09-05 12:02:46 | WARNING | etl.clean | Date parse nahi hui: 'Sat, 24 Jan 2026 08:00:00 GMT'
2026-09-05 12:02:46 | WARNING | etl.clean | Date parse nahi hui: 'Wed, 08 Jul 2026 07:00:00 GMT'
2026-09-05 12:02:46 | WARNING | etl.clean | Date parse nahi hui: 'Wed, 08 Jul 2026 07:00:00 GMT'
2026-09-05 12:02:46 | WARNING | etl.clean | Date parse nahi hui: 'Mon, 06 Jul 2026 07:00:00 GMT'
2026-09-05 12:02:46 | WARNING | etl.clean | Date parse nahi hui: 'Mon, 06 Jul 2026 07:00:00 GMT'
2026-09-05 12:02:46 | WARNING | etl.clean | Date parse nahi hui: 'Wed, 07 Jan 2026 08:00:00 GMT'
2026-09-05 12:02:46 | WARNING | etl.clean | Date parse nahi hui: 'Wed, 07 Jan 2026 08:00:00 GMT'
2026-09-05 12:02:46 | WARNING | etl.clean | Date parse nahi hui: 'Wed, 22 Jul 2026 07:00:00 GMT'
2026-09-05 12:02:46 | WARNING | etl.clean | Date parse nahi hui: 'Wed, 22 Jul 2026 07:00:00 GMT'
2026-09-05 12:02:46 | WARNING | etl.clean | Date parse nahi hui: 'Fri, 17 Oct 2025 07:00:00 GMT'
2026-09-05 12:02:46 | WARNING | etl.clean | Date parse nahi hui: 'Fri, 17 Oct 2025 07:00:00 GMT'
2026-09-05 12:02:46 | WARNING | etl.clean | Date parse nahi hui: 'Sun, 22 Jun 2025 07:00:00 GMT'
2026-09-05 12:02:46 | WARNING | etl.clean | Date parse nahi hui: 'Sun, 22 Jun 2025 07:00:00 GMT'
2026-09-05 12:02:46 | WARNING | etl.clean | Date parse nahi hui: 'Thu, 26 Jun 2025 07:00:00 GMT'
2026-09-05 12:02:46 | WARNING | etl.clean | Date parse nahi hui: 'Thu, 26 Jun 2025 07:00:00 GMT'
2026-09-05 12:02:46 | WARNING | etl.clean | Date parse nahi hui: 'Sun, 22 Jun 2025 07:00:00 GMT'
2026-09-05 12:02:46 | WARNING | etl.clean | Date parse nahi hui: 'Sun, 22 Jun 2025 07:00:00 GMT'
2026-09-05 12:02:46 | WARNING | etl.clean | Date parse nahi hui: 'Wed, 09 Apr 2025 07:00:00 GMT'
2026-09-05 12:02:46 | WARNING | etl.clean | Date parse nahi hui: 'Wed, 09 Apr 2025 07:00:00 GMT'
2026-09-05 12:02:46 | WARNING | etl.clean | Date parse nahi hui: 'Wed, 20 Aug 2025 07:00:00 GMT'
2026-09-05 12:02:46 | WARNING | etl.clean | Date parse nahi hui: 'Wed, 20 Aug 2025 07:00:00 GMT'
2026-09-05 12:02:46 | WARNING | etl.clean | Date parse nahi hui: 'Tue, 11 Aug 2026 07:00:00 GMT'
2026-09-05 12:02:46 | WARNING | etl.clean | Date parse nahi hui: 'Tue, 11 Aug 2026 07:00:00 GMT'
2026-09-05 12:02:46 | WARNING | etl.clean | Date parse nahi hui: 'Sun, 19 Jul 2026 07:00:00 GMT'
2026-09-05 12:02:46 | WARNING | etl.clean | Date parse nahi hui: 'Sun, 19 Jul 2026 07:00:00 GMT'
2026-09-05 12:02:46 | WARNING | etl.clean | Date parse nahi hui: 'Fri, 24 Jul 2026 07:00:00 GMT'
2026-09-05 12:02:46 | WARNING | etl.clean | Date parse nahi hui: 'Fri, 24 Jul 2026 07:00:00 GMT'
2026-09-05 12:02:46 | WARNING | etl.clean | Date parse nahi hui: 'Sat, 09 May 2026 07:00:00 GMT'
2026-09-05 12:02:46 | WARNING | etl.clean | Date parse nahi hui: 'Sat, 09 May 2026 07:00:00 GMT'
2026-09-05 12:02:46 | WARNING | etl.clean | Date parse nahi hui: 'Mon, 13 Apr 2026 07:00:00 GMT'
2026-09-05 12:02:46 | WARNING | etl.clean | Date parse nahi hui: 'Mon, 13 Apr 2026 07:00:00 GMT'
2026-09-05 12:02:46 | WARNING | etl.clean | Date parse nahi hui: 'Tue, 07 Jul 2026 07:00:00 GMT'
2026-09-05 12:02:46 | WARNING | etl.clean | Date parse nahi hui: 'Tue, 07 Jul 2026 07:00:00 GMT'
2026-09-05 12:02:46 | WARNING | etl.clean | Date parse nahi hui: 'Wed, 08 Jul 2026 07:00:00 GMT'
2026-09-05 12:02:46 | WARNING | etl.clean | Date parse nahi hui: 'Wed, 08 Jul 2026 07:00:00 GMT'
2026-09-05 12:02:46 | WARNING | etl.clean | Date parse nahi hui: 'Mon, 11 May 2026 07:00:00 GMT'
2026-09-05 12:02:46 | WARNING | etl.clean | Date parse nahi hui: 'Mon, 11 May 2026 07:00:00 GMT'
2026-09-05 12:02:46 | WARNING | etl.clean | Date parse nahi hui: 'Fri, 08 May 2026 07:00:00 GMT'
2026-09-05 12:02:46 | WARNING | etl.clean | Date parse nahi hui: 'Fri, 08 May 2026 07:00:00 GMT'
2026-09-05 12:02:46 | WARNING | etl.clean | Date parse nahi hui: 'Fri, 22 May 2026 07:00:00 GMT'
2026-09-05 12:02:46 | WARNING | etl.clean | Date parse nahi hui: 'Fri, 22 May 2026 07:00:00 GMT'
2026-09-05 12:02:46 | WARNING | etl.clean | Date parse nahi hui: 'Sat, 09 May 2026 07:00:00 GMT'
2026-09-05 12:02:46 | WARNING | etl.clean | Date parse nahi hui: 'Sat, 09 May 2026 07:00:00 GMT'
2026-09-05 12:02:46 | WARNING | etl.clean | Date parse nahi hui: 'Mon, 13 Apr 2026 07:00:00 GMT'
2026-09-05 12:02:46 | WARNING | etl.clean | Date parse nahi hui: 'Mon, 13 Apr 2026 07:00:00 GMT'
2026-09-05 12:02:46 | WARNING | etl.clean | Date parse nahi hui: 'Tue, 14 Apr 2026 07:00:00 GMT'
2026-09-05 12:02:46 | WARNING | etl.clean | Date parse nahi hui: 'Tue, 14 Apr 2026 07:00:00 GMT'
2026-09-05 12:02:46 | WARNING | etl.clean | Date parse nahi hui: 'Tue, 20 Jan 2026 08:00:00 GMT'
2026-09-05 12:02:46 | WARNING | etl.clean | Date parse nahi hui: 'Tue, 20 Jan 2026 08:00:00 GMT'
2026-09-05 12:02:46 | WARNING | etl.clean | Date parse nahi hui: 'Fri, 05 Dec 2025 08:00:00 GMT'
2026-09-05 12:02:46 | WARNING | etl.clean | Date parse nahi hui: 'Fri, 05 Dec 2025 08:00:00 GMT'
2026-09-05 12:02:46 | WARNING | etl.clean | Date parse nahi hui: 'Sun, 15 Feb 2026 08:00:00 GMT'
2026-09-05 12:02:46 | WARNING | etl.clean | Date parse nahi hui: 'Sun, 15 Feb 2026 08:00:00 GMT'
2026-09-05 12:02:46 | WARNING | etl.clean | Date parse nahi hui: 'Thu, 19 Feb 2026 08:00:00 GMT'
2026-09-05 12:02:46 | WARNING | etl.clean | Date parse nahi hui: 'Thu, 19 Feb 2026 08:00:00 GMT'
2026-09-05 12:02:46 | WARNING | etl.clean | Date parse nahi hui: 'Fri, 14 Aug 2026 07:00:00 GMT'
2026-09-05 12:02:46 | WARNING | etl.clean | Date parse nahi hui: 'Fri, 14 Aug 2026 07:00:00 GMT'
2026-09-05 12:02:46 | WARNING | etl.clean | Date parse nahi hui: 'Sat, 17 Jan 2026 08:00:00 GMT'
2026-09-05 12:02:46 | WARNING | etl.clean | Date parse nahi hui: 'Sat, 17 Jan 2026 08:00:00 GMT'
2026-09-05 12:02:46 | WARNING | etl.clean | Date parse nahi hui: 'Sun, 25 Jan 2026 08:00:00 GMT'
2026-09-05 12:02:46 | WARNING | etl.clean | Date parse nahi hui: 'Sun, 25 Jan 2026 08:00:00 GMT'
2026-09-05 12:02:46 | WARNING | etl.clean | Date parse nahi hui: 'Mon, 10 Aug 2026 07:00:00 GMT'
2026-09-05 12:02:46 | WARNING | etl.clean | Date parse nahi hui: 'Mon, 10 Aug 2026 07:00:00 GMT'
2026-09-05 12:02:46 | WARNING | etl.clean | Date parse nahi hui: 'Sat, 17 Jan 2026 08:00:00 GMT'
2026-09-05 12:02:46 | WARNING | etl.clean | Date parse nahi hui: 'Sat, 17 Jan 2026 08:00:00 GMT'
2026-09-05 12:02:46 | WARNING | etl.clean | Date parse nahi hui: 'Wed, 18 Feb 2026 08:00:00 GMT'
2026-09-05 12:02:46 | WARNING | etl.clean | Date parse nahi hui: 'Wed, 18 Feb 2026 08:00:00 GMT'
2026-09-05 12:02:46 | WARNING | etl.clean | Date parse nahi hui: 'Mon, 16 Feb 2026 08:00:00 GMT'
2026-09-05 12:02:46 | WARNING | etl.clean | Date parse nahi hui: 'Mon, 16 Feb 2026 08:00:00 GMT'
2026-09-05 12:02:46 | WARNING | etl.clean | Date parse nahi hui: 'Mon, 02 Dec 2024 08:00:00 GMT'
2026-09-05 12:02:46 | WARNING | etl.clean | Date parse nahi hui: 'Mon, 02 Dec 2024 08:00:00 GMT'
2026-09-05 12:02:46 | WARNING | etl.clean | Date parse nahi hui: 'Mon, 24 Aug 2026 07:00:00 GMT'
2026-09-05 12:02:46 | WARNING | etl.clean | Date parse nahi hui: 'Mon, 24 Aug 2026 07:00:00 GMT'
2026-09-05 12:02:46 | WARNING | etl.clean | Date parse nahi hui: 'Tue, 21 Jul 2026 07:00:00 GMT'
2026-09-05 12:02:46 | WARNING | etl.clean | Date parse nahi hui: 'Tue, 21 Jul 2026 07:00:00 GMT'
2026-09-05 12:02:46 | WARNING | etl.clean | Date parse nahi hui: 'Sun, 26 Jan 2025 08:00:00 GMT'
2026-09-05 12:02:46 | WARNING | etl.clean | Date parse nahi hui: 'Sun, 26 Jan 2025 08:00:00 GMT'
2026-09-05 12:02:46 | WARNING | etl.clean | Date parse nahi hui: 'Thu, 12 Feb 2026 08:00:00 GMT'
2026-09-05 12:02:46 | WARNING | etl.clean | Date parse nahi hui: 'Thu, 12 Feb 2026 08:00:00 GMT'
2026-09-05 12:02:46 | WARNING | etl.clean | Date parse nahi hui: 'Thu, 30 Apr 2026 07:00:00 GMT'
2026-09-05 12:02:46 | WARNING | etl.clean | Date parse nahi hui: 'Thu, 30 Apr 2026 07:00:00 GMT'
2026-09-05 12:02:46 | WARNING | etl.clean | Date parse nahi hui: 'Tue, 16 Jun 2026 07:00:00 GMT'
2026-09-05 12:02:46 | WARNING | etl.clean | Date parse nahi hui: 'Tue, 16 Jun 2026 07:00:00 GMT'
2026-09-05 12:02:46 | WARNING | etl.clean | Date parse nahi hui: 'Wed, 21 Feb 2024 08:00:00 GMT'
2026-09-05 12:02:46 | WARNING | etl.clean | Date parse nahi hui: 'Wed, 21 Feb 2024 08:00:00 GMT'
2026-09-05 12:02:46 | WARNING | etl.clean | Date parse nahi hui: 'Mon, 11 May 2026 07:00:00 GMT'
2026-09-05 12:02:46 | WARNING | etl.clean | Date parse nahi hui: 'Mon, 11 May 2026 07:00:00 GMT'
2026-09-05 12:02:46 | WARNING | etl.clean | Date parse nahi hui: 'Sat, 18 Oct 2025 07:00:00 GMT'
2026-09-05 12:02:46 | WARNING | etl.clean | Date parse nahi hui: 'Sat, 18 Oct 2025 07:00:00 GMT'
2026-09-05 12:02:46 | WARNING | etl.clean | Date parse nahi hui: 'Mon, 02 Jun 2025 07:00:00 GMT'
2026-09-05 12:02:46 | WARNING | etl.clean | Date parse nahi hui: 'Mon, 02 Jun 2025 07:00:00 GMT'
2026-09-05 12:02:46 | WARNING | etl.clean | Date parse nahi hui: 'Wed, 10 Jan 2024 08:00:00 GMT'
2026-09-05 12:02:46 | WARNING | etl.clean | Date parse nahi hui: 'Wed, 10 Jan 2024 08:00:00 GMT'
2026-09-05 12:02:46 | WARNING | etl.clean | Date parse nahi hui: 'Sun, 08 Feb 2026 08:00:00 GMT'
2026-09-05 12:02:46 | WARNING | etl.clean | Date parse nahi hui: 'Sun, 08 Feb 2026 08:00:00 GMT'
2026-09-05 12:02:46 | WARNING | etl.clean | Date parse nahi hui: 'Fri, 24 Jul 2026 07:00:00 GMT'
2026-09-05 12:02:46 | WARNING | etl.clean | Date parse nahi hui: 'Fri, 24 Jul 2026 07:00:00 GMT'
2026-09-05 12:02:46 | WARNING | etl.clean | Date parse nahi hui: 'Thu, 03 Sep 2026 11:08:45 GMT'
2026-09-05 12:02:46 | WARNING | etl.clean | Date parse nahi hui: 'Thu, 03 Sep 2026 11:08:45 GMT'
2026-09-05 12:02:46 | WARNING | etl.clean | Date parse nahi hui: 'Tue, 02 Sep 2025 07:00:00 GMT'
2026-09-05 12:02:46 | WARNING | etl.clean | Date parse nahi hui: 'Tue, 02 Sep 2025 07:00:00 GMT'
2026-09-05 12:02:46 | WARNING | etl.clean | Date parse nahi hui: 'Tue, 28 May 2024 07:00:00 GMT'
2026-09-05 12:02:46 | WARNING | etl.clean | Date parse nahi hui: 'Tue, 28 May 2024 07:00:00 GMT'
2026-09-05 12:02:46 | WARNING | etl.clean | Date parse nahi hui: 'Mon, 15 Jun 2026 07:00:00 GMT'
2026-09-05 12:02:46 | WARNING | etl.clean | Date parse nahi hui: 'Mon, 15 Jun 2026 07:00:00 GMT'
2026-09-05 12:02:46 | WARNING | etl.clean | Date parse nahi hui: 'Thu, 06 Aug 2026 07:00:00 GMT'
2026-09-05 12:02:46 | WARNING | etl.clean | Date parse nahi hui: 'Thu, 06 Aug 2026 07:00:00 GMT'
2026-09-05 12:02:46 | WARNING | etl.clean | Date parse nahi hui: 'Mon, 16 Feb 2026 08:00:00 GMT'
2026-09-05 12:02:46 | WARNING | etl.clean | Date parse nahi hui: 'Mon, 16 Feb 2026 08:00:00 GMT'
2026-09-05 12:02:46 | WARNING | etl.clean | Date parse nahi hui: 'Fri, 08 May 2026 07:00:00 GMT'
2026-09-05 12:02:46 | WARNING | etl.clean | Date parse nahi hui: 'Fri, 08 May 2026 07:00:00 GMT'
2026-09-05 12:02:46 | WARNING | etl.clean | Date parse nahi hui: 'Fri, 19 May 2023 07:00:00 GMT'
2026-09-05 12:02:46 | WARNING | etl.clean | Date parse nahi hui: 'Fri, 19 May 2023 07:00:00 GMT'
2026-09-05 12:02:46 | WARNING | etl.clean | Date parse nahi hui: 'Mon, 01 Sep 2025 07:00:00 GMT'
2026-09-05 12:02:46 | WARNING | etl.clean | Date parse nahi hui: 'Mon, 01 Sep 2025 07:00:00 GMT'
2026-09-05 12:02:46 | WARNING | etl.clean | Date parse nahi hui: 'Tue, 16 Jan 2024 08:00:00 GMT'
2026-09-05 12:02:46 | WARNING | etl.clean | Date parse nahi hui: 'Tue, 16 Jan 2024 08:00:00 GMT'
2026-09-05 12:02:46 | WARNING | etl.clean | Date parse nahi hui: 'Mon, 21 Jul 2025 07:00:00 GMT'
2026-09-05 12:02:46 | WARNING | etl.clean | Date parse nahi hui: 'Mon, 21 Jul 2025 07:00:00 GMT'
2026-09-05 12:02:46 | WARNING | etl.clean | Date parse nahi hui: 'Thu, 07 May 2026 07:00:00 GMT'
2026-09-05 12:02:46 | WARNING | etl.clean | Date parse nahi hui: 'Thu, 07 May 2026 07:00:00 GMT'
2026-09-05 12:02:46 | WARNING | etl.clean | Date parse nahi hui: 'Tue, 13 Feb 2024 08:00:00 GMT'
2026-09-05 12:02:46 | WARNING | etl.clean | Date parse nahi hui: 'Tue, 13 Feb 2024 08:00:00 GMT'
2026-09-05 12:02:46 | WARNING | etl.clean | Date parse nahi hui: 'Sat, 22 Feb 2020 08:00:00 GMT'
2026-09-05 12:02:46 | WARNING | etl.clean | Date parse nahi hui: 'Sat, 22 Feb 2020 08:00:00 GMT'
2026-09-05 12:02:46 | WARNING | etl.clean | Date parse nahi hui: 'Tue, 14 Oct 2025 07:00:00 GMT'
2026-09-05 12:02:46 | WARNING | etl.clean | Date parse nahi hui: 'Tue, 14 Oct 2025 07:00:00 GMT'
2026-09-05 12:02:46 | WARNING | etl.clean | Date parse nahi hui: 'Tue, 05 Mar 2024 08:00:00 GMT'
2026-09-05 12:02:46 | WARNING | etl.clean | Date parse nahi hui: 'Tue, 05 Mar 2024 08:00:00 GMT'
2026-09-05 12:02:46 | WARNING | etl.clean | Date parse nahi hui: 'Fri, 25 Aug 2023 07:00:00 GMT'
2026-09-05 12:02:46 | WARNING | etl.clean | Date parse nahi hui: 'Fri, 25 Aug 2023 07:00:00 GMT'
2026-09-05 12:02:46 | WARNING | etl.clean | Date parse nahi hui: 'Mon, 25 Aug 2025 07:00:00 GMT'
2026-09-05 12:02:46 | WARNING | etl.clean | Date parse nahi hui: 'Mon, 25 Aug 2025 07:00:00 GMT'
2026-09-05 12:02:46 | WARNING | etl.clean | Date parse nahi hui: 'Wed, 03 Sep 2025 07:00:00 GMT'
2026-09-05 12:02:46 | WARNING | etl.clean | Date parse nahi hui: 'Wed, 03 Sep 2025 07:00:00 GMT'
2026-09-05 12:02:46 | WARNING | etl.clean | Date parse nahi hui: 'Fri, 10 Dec 2021 08:00:00 GMT'
2026-09-05 12:02:46 | WARNING | etl.clean | Date parse nahi hui: 'Fri, 10 Dec 2021 08:00:00 GMT'
2026-09-05 12:02:46 | WARNING | etl.clean | Date parse nahi hui: 'Fri, 13 Feb 2026 08:00:00 GMT'
2026-09-05 12:02:46 | WARNING | etl.clean | Date parse nahi hui: 'Fri, 13 Feb 2026 08:00:00 GMT'
2026-09-05 12:02:46 | WARNING | etl.clean | Date parse nahi hui: 'Tue, 01 Dec 2020 08:00:00 GMT'
2026-09-05 12:02:46 | WARNING | etl.clean | Date parse nahi hui: 'Tue, 01 Dec 2020 08:00:00 GMT'
2026-09-05 12:02:46 | WARNING | etl.clean | Date parse nahi hui: 'Wed, 09 Aug 2017 07:00:00 GMT'
2026-09-05 12:02:46 | WARNING | etl.clean | Date parse nahi hui: 'Wed, 09 Aug 2017 07:00:00 GMT'
2026-09-05 12:02:46 | WARNING | etl.clean | Date parse nahi hui: 'Sat, 22 Nov 2014 08:00:00 GMT'
2026-09-05 12:02:46 | WARNING | etl.clean | Date parse nahi hui: 'Sat, 22 Nov 2014 08:00:00 GMT'
2026-09-05 12:02:46 | WARNING | etl.clean | Date parse nahi hui: 'Wed, 26 Aug 2026 07:00:00 GMT'
2026-09-05 12:02:46 | WARNING | etl.clean | Date parse nahi hui: 'Wed, 26 Aug 2026 07:00:00 GMT'
2026-09-05 12:02:46 | WARNING | etl.clean | Date parse nahi hui: 'Mon, 27 Jul 2026 07:00:00 GMT'
2026-09-05 12:02:46 | WARNING | etl.clean | Date parse nahi hui: 'Mon, 27 Jul 2026 07:00:00 GMT'
2026-09-05 12:02:46 | WARNING | etl.clean | Date parse nahi hui: 'Sun, 16 Aug 2026 07:00:00 GMT'
2026-09-05 12:02:46 | WARNING | etl.clean | Date parse nahi hui: 'Sun, 16 Aug 2026 07:00:00 GMT'
2026-09-05 12:02:46 | WARNING | etl.clean | Date parse nahi hui: 'Thu, 23 Jul 2026 07:00:00 GMT'
2026-09-05 12:02:46 | WARNING | etl.clean | Date parse nahi hui: 'Thu, 23 Jul 2026 07:00:00 GMT'
2026-09-05 12:02:46 | WARNING | etl.clean | Date parse nahi hui: 'Fri, 08 May 2026 07:00:00 GMT'
2026-09-05 12:02:46 | WARNING | etl.clean | Date parse nahi hui: 'Fri, 08 May 2026 07:00:00 GMT'
2026-09-05 12:02:46 | WARNING | etl.clean | Date parse nahi hui: 'Fri, 08 May 2026 07:00:00 GMT'
2026-09-05 12:02:46 | WARNING | etl.clean | Date parse nahi hui: 'Fri, 08 May 2026 07:00:00 GMT'
2026-09-05 12:02:46 | WARNING | etl.clean | Date parse nahi hui: 'Wed, 25 Sep 2024 07:00:00 GMT'
2026-09-05 12:02:46 | WARNING | etl.clean | Date parse nahi hui: 'Wed, 25 Sep 2024 07:00:00 GMT'
2026-09-05 12:02:46 | WARNING | etl.clean | Date parse nahi hui: 'Sun, 26 Jan 2025 08:00:00 GMT'
2026-09-05 12:02:46 | WARNING | etl.clean | Date parse nahi hui: 'Sun, 26 Jan 2025 08:00:00 GMT'
2026-09-05 12:02:46 | WARNING | etl.clean | Date parse nahi hui: 'Thu, 04 Sep 2025 07:00:00 GMT'
2026-09-05 12:02:46 | WARNING | etl.clean | Date parse nahi hui: 'Thu, 04 Sep 2025 07:00:00 GMT'
2026-09-05 12:02:46 | WARNING | etl.clean | Date parse nahi hui: 'Thu, 13 Aug 2026 07:00:00 GMT'
2026-09-05 12:02:46 | WARNING | etl.clean | Date parse nahi hui: 'Thu, 13 Aug 2026 07:00:00 GMT'
2026-09-05 12:02:46 | WARNING | etl.clean | Date parse nahi hui: 'Thu, 12 Feb 2026 08:00:00 GMT'
2026-09-05 12:02:46 | WARNING | etl.clean | Date parse nahi hui: 'Thu, 12 Feb 2026 08:00:00 GMT'
2026-09-05 12:02:46 | WARNING | etl.clean | Date parse nahi hui: 'Tue, 06 Sep 2022 07:00:00 GMT'
2026-09-05 12:02:46 | WARNING | etl.clean | Date parse nahi hui: 'Tue, 06 Sep 2022 07:00:00 GMT'
2026-09-05 12:02:46 | WARNING | etl.clean | Date parse nahi hui: 'Fri, 24 Jul 2026 07:00:00 GMT'
2026-09-05 12:02:46 | WARNING | etl.clean | Date parse nahi hui: 'Fri, 24 Jul 2026 07:00:00 GMT'
2026-09-05 12:02:46 | WARNING | etl.clean | Date parse nahi hui: 'Sun, 09 Feb 2025 08:00:00 GMT'
2026-09-05 12:02:46 | WARNING | etl.clean | Date parse nahi hui: 'Sun, 09 Feb 2025 08:00:00 GMT'
2026-09-05 12:02:46 | WARNING | etl.clean | Date parse nahi hui: 'Sat, 05 Sep 2026 00:11:54 GMT'
2026-09-05 12:02:46 | WARNING | etl.clean | Date parse nahi hui: 'Sat, 05 Sep 2026 00:11:54 GMT'
2026-09-05 12:02:46 | WARNING | etl.clean | Date parse nahi hui: 'Fri, 04 Sep 2026 15:42:34 GMT'
2026-09-05 12:02:46 | WARNING | etl.clean | Date parse nahi hui: 'Fri, 04 Sep 2026 15:42:34 GMT'
2026-09-05 12:02:46 | WARNING | etl.clean | Date parse nahi hui: 'Thu, 03 Sep 2026 07:56:56 GMT'
2026-09-05 12:02:46 | WARNING | etl.clean | Date parse nahi hui: 'Thu, 03 Sep 2026 07:56:56 GMT'
2026-09-05 12:02:46 | WARNING | etl.clean | Date parse nahi hui: 'Fri, 04 Sep 2026 19:17:38 GMT'
2026-09-05 12:02:46 | WARNING | etl.clean | Date parse nahi hui: 'Fri, 04 Sep 2026 19:17:38 GMT'
2026-09-05 12:02:46 | WARNING | etl.clean | Date parse nahi hui: 'Fri, 04 Sep 2026 19:18:15 GMT'
2026-09-05 12:02:46 | WARNING | etl.clean | Date parse nahi hui: 'Fri, 04 Sep 2026 19:18:15 GMT'
2026-09-05 12:02:46 | WARNING | etl.clean | Date parse nahi hui: 'Sat, 05 Sep 2026 03:16:46 GMT'
2026-09-05 12:02:46 | WARNING | etl.clean | Date parse nahi hui: 'Sat, 05 Sep 2026 03:16:46 GMT'
2026-09-05 12:02:46 | WARNING | etl.clean | Date parse nahi hui: 'Sat, 05 Sep 2026 03:16:59 GMT'
2026-09-05 12:02:46 | WARNING | etl.clean | Date parse nahi hui: 'Sat, 05 Sep 2026 03:16:59 GMT'
2026-09-05 12:02:46 | WARNING | etl.clean | Date parse nahi hui: 'Sat, 05 Sep 2026 03:19:00 GMT'
2026-09-05 12:02:46 | WARNING | etl.clean | Date parse nahi hui: 'Sat, 05 Sep 2026 03:19:00 GMT'
2026-09-05 12:02:46 | WARNING | etl.clean | Date parse nahi hui: 'Sat, 05 Sep 2026 03:18:37 GMT'
2026-09-05 12:02:46 | WARNING | etl.clean | Date parse nahi hui: 'Sat, 05 Sep 2026 03:18:37 GMT'
2026-09-05 12:02:46 | WARNING | etl.clean | Date parse nahi hui: 'Fri, 04 Sep 2026 19:21:11 GMT'
2026-09-05 12:02:46 | WARNING | etl.clean | Date parse nahi hui: 'Fri, 04 Sep 2026 19:21:11 GMT'
2026-09-05 12:02:46 | WARNING | etl.clean | Date parse nahi hui: 'Sat, 05 Sep 2026 03:14:49 GMT'
2026-09-05 12:02:46 | WARNING | etl.clean | Date parse nahi hui: 'Sat, 05 Sep 2026 03:14:49 GMT'
2026-09-05 12:02:46 | WARNING | etl.clean | Date parse nahi hui: 'Sat, 05 Sep 2026 03:18:45 GMT'
2026-09-05 12:02:46 | WARNING | etl.clean | Date parse nahi hui: 'Sat, 05 Sep 2026 03:18:45 GMT'
2026-09-05 12:02:46 | WARNING | etl.clean | Date parse nahi hui: 'Sat, 05 Sep 2026 03:17:20 GMT'
2026-09-05 12:02:46 | WARNING | etl.clean | Date parse nahi hui: 'Sat, 05 Sep 2026 03:17:20 GMT'
2026-09-05 12:02:46 | WARNING | etl.clean | Date parse nahi hui: 'Wed, 02 Sep 2026 12:55:32 GMT'
2026-09-05 12:02:46 | WARNING | etl.clean | Date parse nahi hui: 'Wed, 02 Sep 2026 12:55:32 GMT'
2026-09-05 12:02:46 | WARNING | etl.clean | Date parse nahi hui: 'Sat, 05 Sep 2026 03:19:21 GMT'
2026-09-05 12:02:46 | WARNING | etl.clean | Date parse nahi hui: 'Sat, 05 Sep 2026 03:19:21 GMT'
2026-09-05 12:02:46 | WARNING | etl.clean | Date parse nahi hui: 'Sat, 05 Sep 2026 03:14:40 GMT'
2026-09-05 12:02:46 | WARNING | etl.clean | Date parse nahi hui: 'Sat, 05 Sep 2026 03:14:40 GMT'
2026-09-05 12:02:46 | WARNING | etl.clean | Date parse nahi hui: 'Sat, 05 Sep 2026 03:20:19 GMT'
2026-09-05 12:02:46 | WARNING | etl.clean | Date parse nahi hui: 'Sat, 05 Sep 2026 03:20:19 GMT'
2026-09-05 12:02:46 | WARNING | etl.clean | Date parse nahi hui: 'Sat, 05 Sep 2026 03:20:37 GMT'
2026-09-05 12:02:46 | WARNING | etl.clean | Date parse nahi hui: 'Sat, 05 Sep 2026 03:20:37 GMT'
2026-09-05 12:02:46 | WARNING | etl.clean | Date parse nahi hui: 'Sat, 05 Sep 2026 03:20:46 GMT'
2026-09-05 12:02:46 | WARNING | etl.clean | Date parse nahi hui: 'Sat, 05 Sep 2026 03:20:46 GMT'
2026-09-05 12:02:46 | WARNING | etl.clean | Date parse nahi hui: 'Sat, 05 Sep 2026 03:23:41 GMT'
2026-09-05 12:02:46 | WARNING | etl.clean | Date parse nahi hui: 'Sat, 05 Sep 2026 03:23:41 GMT'
2026-09-05 12:02:46 | WARNING | etl.clean | Date parse nahi hui: 'Sat, 05 Sep 2026 03:23:59 GMT'
2026-09-05 12:02:46 | WARNING | etl.clean | Date parse nahi hui: 'Sat, 05 Sep 2026 03:23:59 GMT'
2026-09-05 12:02:46 | WARNING | etl.clean | Date parse nahi hui: 'Thu, 03 Sep 2026 19:21:49 GMT'
2026-09-05 12:02:46 | WARNING | etl.clean | Date parse nahi hui: 'Thu, 03 Sep 2026 19:21:49 GMT'
2026-09-05 12:02:46 | WARNING | etl.clean | Date parse nahi hui: 'Thu, 03 Sep 2026 11:13:48 GMT'
2026-09-05 12:02:46 | WARNING | etl.clean | Date parse nahi hui: 'Thu, 03 Sep 2026 11:13:48 GMT'
2026-09-05 12:02:46 | WARNING | etl.clean | Date parse nahi hui: 'Sat, 05 Sep 2026 03:20:57 GMT'
2026-09-05 12:02:46 | WARNING | etl.clean | Date parse nahi hui: 'Sat, 05 Sep 2026 03:20:57 GMT'
2026-09-05 12:02:46 | WARNING | etl.clean | Date parse nahi hui: 'Wed, 02 Sep 2026 12:49:34 GMT'
2026-09-05 12:02:46 | WARNING | etl.clean | Date parse nahi hui: 'Wed, 02 Sep 2026 12:49:34 GMT'
2026-09-05 12:02:46 | WARNING | etl.clean | Date parse nahi hui: 'Thu, 03 Sep 2026 23:19:23 GMT'
2026-09-05 12:02:46 | WARNING | etl.clean | Date parse nahi hui: 'Thu, 03 Sep 2026 23:19:23 GMT'
2026-09-05 12:02:46 | WARNING | etl.clean | Date parse nahi hui: 'Sun, 30 Aug 2026 15:00:49 GMT'
2026-09-05 12:02:46 | WARNING | etl.clean | Date parse nahi hui: 'Sun, 30 Aug 2026 15:00:49 GMT'
2026-09-05 12:02:46 | WARNING | etl.clean | Date parse nahi hui: 'Thu, 03 Sep 2026 11:13:38 GMT'
2026-09-05 12:02:46 | WARNING | etl.clean | Date parse nahi hui: 'Thu, 03 Sep 2026 11:13:38 GMT'
2026-09-05 12:02:46 | WARNING | etl.clean | Date parse nahi hui: 'Wed, 02 Sep 2026 15:08:12 GMT'
2026-09-05 12:02:46 | WARNING | etl.clean | Date parse nahi hui: 'Wed, 02 Sep 2026 15:08:12 GMT'
2026-09-05 12:02:46 | WARNING | etl.clean | Date parse nahi hui: 'Tue, 01 Sep 2026 15:07:11 GMT'
2026-09-05 12:02:46 | WARNING | etl.clean | Date parse nahi hui: 'Tue, 01 Sep 2026 15:07:11 GMT'
2026-09-05 12:02:46 | WARNING | etl.clean | Date parse nahi hui: 'Wed, 02 Sep 2026 03:07:22 GMT'
2026-09-05 12:02:46 | WARNING | etl.clean | Date parse nahi hui: 'Wed, 02 Sep 2026 03:07:22 GMT'
2026-09-05 12:02:46 | WARNING | etl.clean | Date parse nahi hui: 'Tue, 01 Sep 2026 03:02:52 GMT'
2026-09-05 12:02:46 | WARNING | etl.clean | Date parse nahi hui: 'Tue, 01 Sep 2026 03:02:52 GMT'
2026-09-05 12:02:46 | WARNING | etl.clean | Date parse nahi hui: 'Mon, 31 Aug 2026 23:02:52 GMT'
2026-09-05 12:02:46 | WARNING | etl.clean | Date parse nahi hui: 'Mon, 31 Aug 2026 23:02:52 GMT'
2026-09-05 12:02:46 | WARNING | etl.clean | Date parse nahi hui: 'Tue, 01 Sep 2026 07:03:57 GMT'
2026-09-05 12:02:46 | WARNING | etl.clean | Date parse nahi hui: 'Tue, 01 Sep 2026 07:03:57 GMT'
2026-09-05 12:02:46 | WARNING | etl.clean | Date parse nahi hui: 'Wed, 02 Sep 2026 15:09:13 GMT'
2026-09-05 12:02:46 | WARNING | etl.clean | Date parse nahi hui: 'Wed, 02 Sep 2026 15:09:13 GMT'
2026-09-05 12:02:46 | WARNING | etl.clean | Date parse nahi hui: 'Wed, 02 Sep 2026 00:18:15 GMT'
2026-09-05 12:02:46 | WARNING | etl.clean | Date parse nahi hui: 'Wed, 02 Sep 2026 00:18:15 GMT'
2026-09-05 12:02:46 | WARNING | etl.clean | Date parse nahi hui: 'Tue, 01 Sep 2026 07:03:44 GMT'
2026-09-05 12:02:46 | WARNING | etl.clean | Date parse nahi hui: 'Tue, 01 Sep 2026 07:03:44 GMT'
2026-09-05 12:02:46 | WARNING | etl.clean | Date parse nahi hui: 'Wed, 02 Sep 2026 15:08:22 GMT'
2026-09-05 12:02:46 | WARNING | etl.clean | Date parse nahi hui: 'Wed, 02 Sep 2026 15:08:22 GMT'
2026-09-05 12:02:46 | WARNING | etl.clean | Date parse nahi hui: 'Tue, 01 Sep 2026 05:15:47 GMT'
2026-09-05 12:02:46 | WARNING | etl.clean | Date parse nahi hui: 'Tue, 01 Sep 2026 05:15:47 GMT'
2026-09-05 12:02:46 | WARNING | etl.clean | Date parse nahi hui: 'Sat, 05 Sep 2026 03:28:11 GMT'
2026-09-05 12:02:46 | WARNING | etl.clean | Date parse nahi hui: 'Sat, 05 Sep 2026 03:28:11 GMT'
2026-09-05 12:02:46 | WARNING | etl.clean | Date parse nahi hui: 'Wed, 02 Sep 2026 15:13:23 GMT'
2026-09-05 12:02:46 | WARNING | etl.clean | Date parse nahi hui: 'Wed, 02 Sep 2026 15:13:23 GMT'
2026-09-05 12:02:46 | WARNING | etl.clean | Date parse nahi hui: 'Wed, 02 Sep 2026 15:13:51 GMT'
2026-09-05 12:02:46 | WARNING | etl.clean | Date parse nahi hui: 'Wed, 02 Sep 2026 15:13:51 GMT'
2026-09-05 12:02:46 | WARNING | etl.clean | Date parse nahi hui: 'Thu, 03 Sep 2026 11:18:37 GMT'
2026-09-05 12:02:46 | WARNING | etl.clean | Date parse nahi hui: 'Thu, 03 Sep 2026 11:18:37 GMT'
2026-09-05 12:02:46 | WARNING | etl.clean | Date parse nahi hui: 'Thu, 03 Sep 2026 11:29:46 GMT'
2026-09-05 12:02:46 | WARNING | etl.clean | Date parse nahi hui: 'Thu, 03 Sep 2026 11:29:46 GMT'
2026-09-05 12:02:46 | WARNING | etl.clean | Date parse nahi hui: 'Wed, 02 Sep 2026 19:14:43 GMT'
2026-09-05 12:02:46 | WARNING | etl.clean | Date parse nahi hui: 'Wed, 02 Sep 2026 19:14:43 GMT'
2026-09-05 12:02:46 | WARNING | etl.clean | Date parse nahi hui: 'Wed, 02 Sep 2026 07:08:07 GMT'
2026-09-05 12:02:46 | WARNING | etl.clean | Date parse nahi hui: 'Wed, 02 Sep 2026 07:08:07 GMT'
2026-09-05 12:02:46 | WARNING | etl.clean | Date parse nahi hui: 'Thu, 03 Sep 2026 07:02:12 GMT'
2026-09-05 12:02:46 | WARNING | etl.clean | Date parse nahi hui: 'Thu, 03 Sep 2026 07:02:12 GMT'
2026-09-05 12:02:46 | WARNING | etl.clean | Date parse nahi hui: 'Wed, 02 Sep 2026 03:12:34 GMT'
2026-09-05 12:02:46 | WARNING | etl.clean | Date parse nahi hui: 'Wed, 02 Sep 2026 03:12:34 GMT'
2026-09-05 12:02:46 | WARNING | etl.clean | Date parse nahi hui: 'Mon, 31 Aug 2026 23:03:41 GMT'
2026-09-05 12:02:46 | WARNING | etl.clean | Date parse nahi hui: 'Mon, 31 Aug 2026 23:03:41 GMT'
2026-09-05 12:02:46 | WARNING | etl.clean | Date parse nahi hui: 'Mon, 31 Aug 2026 19:03:30 GMT'
2026-09-05 12:02:46 | WARNING | etl.clean | Date parse nahi hui: 'Mon, 31 Aug 2026 19:03:30 GMT'
2026-09-05 12:02:46 | WARNING | etl.clean | Date parse nahi hui: 'Mon, 31 Aug 2026 19:03:22 GMT'
2026-09-05 12:02:46 | WARNING | etl.clean | Date parse nahi hui: 'Mon, 31 Aug 2026 19:03:22 GMT'
2026-09-05 12:02:46 | WARNING | etl.clean | Date parse nahi hui: 'Mon, 31 Aug 2026 11:03:38 GMT'
2026-09-05 12:02:46 | WARNING | etl.clean | Date parse nahi hui: 'Mon, 31 Aug 2026 11:03:38 GMT'
2026-09-05 12:02:46 | WARNING | etl.clean | Date parse nahi hui: 'Wed, 02 Sep 2026 11:09:41 GMT'
2026-09-05 12:02:46 | WARNING | etl.clean | Date parse nahi hui: 'Wed, 02 Sep 2026 11:09:41 GMT'
2026-09-05 12:02:46 | WARNING | etl.clean | Date parse nahi hui: 'Wed, 02 Sep 2026 11:09:23 GMT'
2026-09-05 12:02:46 | WARNING | etl.clean | Date parse nahi hui: 'Wed, 02 Sep 2026 11:09:23 GMT'
2026-09-05 12:02:46 | WARNING | etl.clean | Date parse nahi hui: 'Wed, 02 Sep 2026 07:08:41 GMT'
2026-09-05 12:02:46 | WARNING | etl.clean | Date parse nahi hui: 'Wed, 02 Sep 2026 07:08:41 GMT'
2026-09-05 12:02:46 | WARNING | etl.clean | Date parse nahi hui: 'Tue, 01 Sep 2026 15:11:28 GMT'
2026-09-05 12:02:46 | WARNING | etl.clean | Date parse nahi hui: 'Tue, 01 Sep 2026 15:11:28 GMT'
2026-09-05 12:02:46 | WARNING | etl.clean | Date parse nahi hui: 'Wed, 02 Sep 2026 15:14:50 GMT'
2026-09-05 12:02:46 | WARNING | etl.clean | Date parse nahi hui: 'Wed, 02 Sep 2026 15:14:50 GMT'
2026-09-05 12:02:46 | WARNING | etl.clean | Date parse nahi hui: 'Sat, 05 Sep 2026 03:05:21 GMT'
2026-09-05 12:02:46 | WARNING | etl.clean | Date parse nahi hui: 'Sat, 05 Sep 2026 03:05:21 GMT'
2026-09-05 12:02:46 | WARNING | etl.clean | Date parse nahi hui: 'Wed, 02 Sep 2026 15:11:30 GMT'
2026-09-05 12:02:46 | WARNING | etl.clean | Date parse nahi hui: 'Wed, 02 Sep 2026 15:11:30 GMT'
2026-09-05 12:02:46 | WARNING | etl.clean | Date parse nahi hui: 'Wed, 02 Sep 2026 19:12:00 GMT'
2026-09-05 12:02:46 | WARNING | etl.clean | Date parse nahi hui: 'Wed, 02 Sep 2026 19:12:00 GMT'
2026-09-05 12:02:46 | WARNING | etl.clean | Date parse nahi hui: 'Wed, 02 Sep 2026 19:14:04 GMT'
2026-09-05 12:02:46 | WARNING | etl.clean | Date parse nahi hui: 'Wed, 02 Sep 2026 19:14:04 GMT'
2026-09-05 12:02:46 | WARNING | etl.clean | Date parse nahi hui: 'Sat, 29 Aug 2026 11:01:06 GMT'
2026-09-05 12:02:46 | WARNING | etl.clean | Date parse nahi hui: 'Sat, 29 Aug 2026 11:01:06 GMT'
2026-09-05 12:02:46 | WARNING | etl.clean | Date parse nahi hui: 'Mon, 31 Aug 2026 11:03:21 GMT'
2026-09-05 12:02:46 | WARNING | etl.clean | Date parse nahi hui: 'Mon, 31 Aug 2026 11:03:21 GMT'
2026-09-05 12:02:46 | WARNING | etl.clean | Date parse nahi hui: 'Sun, 30 Aug 2026 03:01:02 GMT'
2026-09-05 12:02:46 | WARNING | etl.clean | Date parse nahi hui: 'Sun, 30 Aug 2026 03:01:02 GMT'
2026-09-05 12:02:46 | WARNING | etl.clean | Date parse nahi hui: 'Sun, 30 Aug 2026 15:01:15 GMT'
2026-09-05 12:02:46 | WARNING | etl.clean | Date parse nahi hui: 'Sun, 30 Aug 2026 15:01:15 GMT'
2026-09-05 12:02:46 | WARNING | etl.clean | Date parse nahi hui: 'Fri, 04 Sep 2026 17:22:25 GMT'
2026-09-05 12:02:46 | WARNING | etl.clean | Date parse nahi hui: 'Fri, 04 Sep 2026 17:22:25 GMT'
2026-09-05 12:02:46 | WARNING | etl.clean | Date parse nahi hui: 'Fri, 04 Sep 2026 17:25:50 GMT'
2026-09-05 12:02:46 | WARNING | etl.clean | Date parse nahi hui: 'Fri, 04 Sep 2026 17:25:50 GMT'
2026-09-05 12:02:46 | WARNING | etl.clean | Date parse nahi hui: 'Fri, 04 Sep 2026 17:23:02 GMT'
2026-09-05 12:02:46 | WARNING | etl.clean | Date parse nahi hui: 'Fri, 04 Sep 2026 17:23:02 GMT'
2026-09-05 12:02:46 | WARNING | etl.clean | Date parse nahi hui: 'Sat, 05 Sep 2026 03:05:11 GMT'
2026-09-05 12:02:46 | WARNING | etl.clean | Date parse nahi hui: 'Sat, 05 Sep 2026 03:05:11 GMT'
2026-09-05 12:02:46 | WARNING | etl.clean | Date parse nahi hui: 'Fri, 04 Sep 2026 17:20:37 GMT'
2026-09-05 12:02:46 | WARNING | etl.clean | Date parse nahi hui: 'Fri, 04 Sep 2026 17:20:37 GMT'
2026-09-05 12:02:46 | WARNING | etl.clean | Date parse nahi hui: 'Fri, 04 Sep 2026 17:25:36 GMT'
2026-09-05 12:02:46 | WARNING | etl.clean | Date parse nahi hui: 'Fri, 04 Sep 2026 17:25:36 GMT'
2026-09-05 12:02:46 | WARNING | etl.clean | Date parse nahi hui: 'Fri, 04 Sep 2026 17:23:23 GMT'
2026-09-05 12:02:46 | WARNING | etl.clean | Date parse nahi hui: 'Fri, 04 Sep 2026 17:23:23 GMT'
2026-09-05 12:02:46 | WARNING | etl.clean | Date parse nahi hui: 'Thu, 03 Sep 2026 23:34:24 GMT'
2026-09-05 12:02:46 | WARNING | etl.clean | Date parse nahi hui: 'Thu, 03 Sep 2026 23:34:24 GMT'
2026-09-05 12:02:46 | WARNING | etl.clean | Date parse nahi hui: 'Thu, 03 Sep 2026 11:24:56 GMT'
2026-09-05 12:02:46 | WARNING | etl.clean | Date parse nahi hui: 'Thu, 03 Sep 2026 11:24:56 GMT'
2026-09-05 12:02:46 | WARNING | etl.clean | Date parse nahi hui: 'Sat, 05 Sep 2026 03:27:12 GMT'
2026-09-05 12:02:46 | WARNING | etl.clean | Date parse nahi hui: 'Sat, 05 Sep 2026 03:27:12 GMT'
2026-09-05 12:02:46 | WARNING | etl.clean | Date parse nahi hui: 'Thu, 03 Sep 2026 15:18:57 GMT'
2026-09-05 12:02:46 | WARNING | etl.clean | Date parse nahi hui: 'Thu, 03 Sep 2026 15:18:57 GMT'
2026-09-05 12:02:46 | WARNING | etl.clean | Date parse nahi hui: 'Thu, 03 Sep 2026 15:27:51 GMT'
2026-09-05 12:02:46 | WARNING | etl.clean | Date parse nahi hui: 'Thu, 03 Sep 2026 15:27:51 GMT'
2026-09-05 12:02:46 | WARNING | etl.clean | Date parse nahi hui: 'Thu, 03 Sep 2026 15:27:40 GMT'
2026-09-05 12:02:46 | WARNING | etl.clean | Date parse nahi hui: 'Thu, 03 Sep 2026 15:27:40 GMT'
2026-09-05 12:02:46 | WARNING | etl.clean | Date parse nahi hui: 'Thu, 03 Sep 2026 07:10:47 GMT'
2026-09-05 12:02:46 | WARNING | etl.clean | Date parse nahi hui: 'Thu, 03 Sep 2026 07:10:47 GMT'
2026-09-05 12:02:46 | WARNING | etl.clean | Date parse nahi hui: 'Fri, 04 Sep 2026 05:01:24 GMT'
2026-09-05 12:02:46 | WARNING | etl.clean | Date parse nahi hui: 'Fri, 04 Sep 2026 05:01:24 GMT'
2026-09-05 12:02:46 | WARNING | etl.clean | Date parse nahi hui: 'Thu, 03 Sep 2026 19:34:02 GMT'
2026-09-05 12:02:46 | WARNING | etl.clean | Date parse nahi hui: 'Thu, 03 Sep 2026 19:34:02 GMT'
2026-09-05 12:02:46 | WARNING | etl.clean | Date parse nahi hui: 'Sat, 05 Sep 2026 03:24:21 GMT'
2026-09-05 12:02:46 | WARNING | etl.clean | Date parse nahi hui: 'Sat, 05 Sep 2026 03:24:21 GMT'
2026-09-05 12:02:46 | WARNING | etl.clean | Date parse nahi hui: 'Sat, 05 Sep 2026 03:25:17 GMT'
2026-09-05 12:02:46 | WARNING | etl.clean | Date parse nahi hui: 'Sat, 05 Sep 2026 03:25:17 GMT'
2026-09-05 12:02:46 | WARNING | etl.clean | Date parse nahi hui: 'Sat, 05 Sep 2026 03:25:28 GMT'
2026-09-05 12:02:46 | WARNING | etl.clean | Date parse nahi hui: 'Sat, 05 Sep 2026 03:25:28 GMT'
2026-09-05 12:02:46 | WARNING | etl.clean | Date parse nahi hui: 'Fri, 04 Sep 2026 19:32:06 GMT'
2026-09-05 12:02:46 | WARNING | etl.clean | Date parse nahi hui: 'Fri, 04 Sep 2026 19:32:06 GMT'
2026-09-05 12:02:46 | WARNING | etl.clean | Date parse nahi hui: 'Sat, 05 Sep 2026 03:29:53 GMT'
2026-09-05 12:02:46 | WARNING | etl.clean | Date parse nahi hui: 'Sat, 05 Sep 2026 03:29:53 GMT'
2026-09-05 12:02:46 | WARNING | etl.clean | Date parse nahi hui: 'Sat, 05 Sep 2026 03:31:55 GMT'
2026-09-05 12:02:46 | WARNING | etl.clean | Date parse nahi hui: 'Sat, 05 Sep 2026 03:31:55 GMT'
2026-09-05 12:02:46 | WARNING | etl.clean | Date parse nahi hui: 'Sat, 05 Sep 2026 03:25:08 GMT'
2026-09-05 12:02:46 | WARNING | etl.clean | Date parse nahi hui: 'Sat, 05 Sep 2026 03:25:08 GMT'
2026-09-05 12:02:46 | WARNING | etl.clean | Date parse nahi hui: 'Sat, 05 Sep 2026 03:28:45 GMT'
2026-09-05 12:02:46 | WARNING | etl.clean | Date parse nahi hui: 'Sat, 05 Sep 2026 03:28:45 GMT'
2026-09-05 12:02:46 | WARNING | etl.clean | Date parse nahi hui: 'Thu, 27 Aug 2026 21:20:03 GMT'
2026-09-05 12:02:46 | WARNING | etl.clean | Date parse nahi hui: 'Thu, 27 Aug 2026 21:20:03 GMT'
2026-09-05 12:02:46 | WARNING | etl.clean | Date parse nahi hui: 'Fri, 04 Sep 2026 17:03:17 GMT'
2026-09-05 12:02:46 | WARNING | etl.clean | Date parse nahi hui: 'Fri, 04 Sep 2026 17:03:17 GMT'
2026-09-05 12:02:46 | WARNING | etl.clean | Date parse nahi hui: 'Thu, 27 Aug 2026 21:21:11 GMT'
2026-09-05 12:02:46 | WARNING | etl.clean | Date parse nahi hui: 'Thu, 27 Aug 2026 21:21:11 GMT'
2026-09-05 12:02:46 | WARNING | etl.clean | Date parse nahi hui: 'Fri, 04 Sep 2026 17:28:02 GMT'
2026-09-05 12:02:46 | WARNING | etl.clean | Date parse nahi hui: 'Fri, 04 Sep 2026 17:28:02 GMT'
2026-09-05 12:02:46 | WARNING | etl.clean | Date parse nahi hui: 'Sat, 05 Sep 2026 03:35:12 GMT'
2026-09-05 12:02:46 | WARNING | etl.clean | Date parse nahi hui: 'Sat, 05 Sep 2026 03:35:12 GMT'
2026-09-05 12:02:46 | WARNING | etl.clean | Date parse nahi hui: 'Sat, 05 Sep 2026 03:37:31 GMT'
2026-09-05 12:02:46 | WARNING | etl.clean | Date parse nahi hui: 'Sat, 05 Sep 2026 03:37:31 GMT'
2026-09-05 12:02:46 | WARNING | etl.clean | Date parse nahi hui: 'Sat, 05 Sep 2026 03:35:02 GMT'
2026-09-05 12:02:46 | WARNING | etl.clean | Date parse nahi hui: 'Sat, 05 Sep 2026 03:35:02 GMT'
2026-09-05 12:02:46 | WARNING | etl.clean | Date parse nahi hui: 'Sat, 05 Sep 2026 03:34:42 GMT'
2026-09-05 12:02:46 | WARNING | etl.clean | Date parse nahi hui: 'Sat, 05 Sep 2026 03:34:42 GMT'
2026-09-05 12:02:46 | WARNING | etl.clean | Date parse nahi hui: 'Sat, 05 Sep 2026 03:35:22 GMT'
2026-09-05 12:02:46 | WARNING | etl.clean | Date parse nahi hui: 'Sat, 05 Sep 2026 03:35:22 GMT'
2026-09-05 12:02:46 | WARNING | etl.clean | Date parse nahi hui: 'Sat, 29 Aug 2026 15:01:40 GMT'
2026-09-05 12:02:46 | WARNING | etl.clean | Date parse nahi hui: 'Sat, 29 Aug 2026 15:01:40 GMT'
2026-09-05 12:02:46 | WARNING | etl.clean | Date parse nahi hui: 'Sun, 30 Aug 2026 15:04:12 GMT'
2026-09-05 12:02:46 | WARNING | etl.clean | Date parse nahi hui: 'Sun, 30 Aug 2026 15:04:12 GMT'
2026-09-05 12:02:46 | WARNING | etl.clean | Date parse nahi hui: 'Mon, 31 Aug 2026 07:03:52 GMT'
2026-09-05 12:02:46 | WARNING | etl.clean | Date parse nahi hui: 'Mon, 31 Aug 2026 07:03:52 GMT'
2026-09-05 12:02:46 | WARNING | etl.clean | Date parse nahi hui: 'Fri, 04 Sep 2026 17:01:56 GMT'
2026-09-05 12:02:46 | WARNING | etl.clean | Date parse nahi hui: 'Fri, 04 Sep 2026 17:01:56 GMT'
2026-09-05 12:02:46 | WARNING | etl.clean | Date parse nahi hui: 'Sun, 30 Aug 2026 23:04:01 GMT'
2026-09-05 12:02:46 | WARNING | etl.clean | Date parse nahi hui: 'Sun, 30 Aug 2026 23:04:01 GMT'
2026-09-05 12:02:46 | WARNING | etl.clean | Date parse nahi hui: 'Mon, 31 Aug 2026 07:02:40 GMT'
2026-09-05 12:02:46 | WARNING | etl.clean | Date parse nahi hui: 'Mon, 31 Aug 2026 07:02:40 GMT'
2026-09-05 12:02:46 | WARNING | etl.clean | Date parse nahi hui: 'Mon, 31 Aug 2026 15:02:59 GMT'
2026-09-05 12:02:46 | WARNING | etl.clean | Date parse nahi hui: 'Mon, 31 Aug 2026 15:02:59 GMT'
2026-09-05 12:02:46 | WARNING | etl.clean | Date parse nahi hui: 'Fri, 28 Aug 2026 15:01:18 GMT'
2026-09-05 12:02:46 | WARNING | etl.clean | Date parse nahi hui: 'Fri, 28 Aug 2026 15:01:18 GMT'
2026-09-05 12:02:46 | WARNING | etl.clean | Date parse nahi hui: 'Mon, 31 Aug 2026 23:07:58 GMT'
2026-09-05 12:02:46 | WARNING | etl.clean | Date parse nahi hui: 'Mon, 31 Aug 2026 23:07:58 GMT'
2026-09-05 12:02:46 | WARNING | etl.clean | Date parse nahi hui: 'Wed, 02 Sep 2026 11:10:23 GMT'
2026-09-05 12:02:46 | WARNING | etl.clean | Date parse nahi hui: 'Wed, 02 Sep 2026 11:10:23 GMT'
2026-09-05 12:02:46 | WARNING | etl.clean | Date parse nahi hui: 'Tue, 01 Sep 2026 15:19:30 GMT'
2026-09-05 12:02:46 | WARNING | etl.clean | Date parse nahi hui: 'Tue, 01 Sep 2026 15:19:30 GMT'
2026-09-05 12:02:46 | WARNING | etl.clean | Date parse nahi hui: 'Tue, 01 Sep 2026 15:12:44 GMT'
2026-09-05 12:02:46 | WARNING | etl.clean | Date parse nahi hui: 'Tue, 01 Sep 2026 15:12:44 GMT'
2026-09-05 12:02:46 | WARNING | etl.clean | Date parse nahi hui: 'Tue, 01 Sep 2026 15:18:00 GMT'
2026-09-05 12:02:46 | WARNING | etl.clean | Date parse nahi hui: 'Tue, 01 Sep 2026 15:18:00 GMT'
2026-09-05 12:02:46 | WARNING | etl.clean | Date parse nahi hui: 'Tue, 01 Sep 2026 15:19:10 GMT'
2026-09-05 12:02:46 | WARNING | etl.clean | Date parse nahi hui: 'Tue, 01 Sep 2026 15:19:10 GMT'
2026-09-05 12:02:46 | WARNING | etl.clean | Date parse nahi hui: 'Sat, 05 Sep 2026 03:02:48 GMT'
2026-09-05 12:02:46 | WARNING | etl.clean | Date parse nahi hui: 'Sat, 05 Sep 2026 03:02:48 GMT'
2026-09-05 12:02:46 | WARNING | etl.clean | Date parse nahi hui: 'Thu, 03 Sep 2026 03:01:23 GMT'
2026-09-05 12:02:46 | WARNING | etl.clean | Date parse nahi hui: 'Thu, 03 Sep 2026 03:01:23 GMT'
2026-09-05 12:02:46 | WARNING | etl.clean | Date parse nahi hui: 'Tue, 01 Sep 2026 23:09:50 GMT'
2026-09-05 12:02:46 | WARNING | etl.clean | Date parse nahi hui: 'Tue, 01 Sep 2026 23:09:50 GMT'
2026-09-05 12:02:46 | WARNING | etl.clean | Date parse nahi hui: 'Wed, 02 Sep 2026 15:19:33 GMT'
2026-09-05 12:02:46 | WARNING | etl.clean | Date parse nahi hui: 'Wed, 02 Sep 2026 15:19:33 GMT'
2026-09-05 12:02:46 | WARNING | etl.clean | Date parse nahi hui: 'Mon, 31 Aug 2026 11:04:22 GMT'
2026-09-05 12:02:46 | WARNING | etl.clean | Date parse nahi hui: 'Mon, 31 Aug 2026 11:04:22 GMT'
2026-09-05 12:02:46 | WARNING | etl.clean | Date parse nahi hui: 'Mon, 31 Aug 2026 11:04:55 GMT'
2026-09-05 12:02:46 | WARNING | etl.clean | Date parse nahi hui: 'Mon, 31 Aug 2026 11:04:55 GMT'
2026-09-05 12:02:46 | WARNING | etl.clean | Date parse nahi hui: 'Tue, 01 Sep 2026 11:09:30 GMT'
2026-09-05 12:02:46 | WARNING | etl.clean | Date parse nahi hui: 'Tue, 01 Sep 2026 11:09:30 GMT'
2026-09-05 12:02:46 | WARNING | etl.clean | Date parse nahi hui: 'Tue, 01 Sep 2026 11:12:12 GMT'
2026-09-05 12:02:46 | WARNING | etl.clean | Date parse nahi hui: 'Tue, 01 Sep 2026 11:12:12 GMT'
2026-09-05 12:02:46 | WARNING | etl.clean | Date parse nahi hui: 'Sun, 30 Aug 2026 03:03:00 GMT'
2026-09-05 12:02:46 | WARNING | etl.clean | Date parse nahi hui: 'Sun, 30 Aug 2026 03:03:00 GMT'
2026-09-05 12:02:46 | WARNING | etl.clean | Date parse nahi hui: 'Mon, 31 Aug 2026 07:03:27 GMT'
2026-09-05 12:02:46 | WARNING | etl.clean | Date parse nahi hui: 'Mon, 31 Aug 2026 07:03:27 GMT'
2026-09-05 12:02:46 | WARNING | etl.clean | Date parse nahi hui: 'Tue, 01 Sep 2026 15:12:56 GMT'
2026-09-05 12:02:46 | WARNING | etl.clean | Date parse nahi hui: 'Tue, 01 Sep 2026 15:12:56 GMT'
2026-09-05 12:02:46 | WARNING | etl.clean | Date parse nahi hui: 'Fri, 04 Sep 2026 23:34:28 GMT'
2026-09-05 12:02:46 | WARNING | etl.clean | Date parse nahi hui: 'Fri, 04 Sep 2026 23:34:28 GMT'
2026-09-05 12:02:46 | WARNING | etl.clean | Date parse nahi hui: 'Tue, 01 Sep 2026 09:24:37 GMT'
2026-09-05 12:02:46 | WARNING | etl.clean | Date parse nahi hui: 'Tue, 01 Sep 2026 09:24:37 GMT'
2026-09-05 12:02:46 | WARNING | etl.clean | Date parse nahi hui: 'Tue, 01 Sep 2026 13:57:04 GMT'
2026-09-05 12:02:46 | WARNING | etl.clean | Date parse nahi hui: 'Tue, 01 Sep 2026 13:57:04 GMT'
2026-09-05 12:02:46 | WARNING | etl.clean | Date parse nahi hui: 'Sat, 05 Sep 2026 03:41:21 GMT'
2026-09-05 12:02:46 | WARNING | etl.clean | Date parse nahi hui: 'Sat, 05 Sep 2026 03:41:21 GMT'
2026-09-05 12:02:46 | WARNING | etl.clean | Date parse nahi hui: 'Fri, 28 Aug 2026 15:06:14 GMT'
2026-09-05 12:02:46 | WARNING | etl.clean | Date parse nahi hui: 'Fri, 28 Aug 2026 15:06:14 GMT'
2026-09-05 12:02:46 | WARNING | etl.clean | Date parse nahi hui: 'Mon, 31 Aug 2026 15:08:29 GMT'
2026-09-05 12:02:46 | WARNING | etl.clean | Date parse nahi hui: 'Mon, 31 Aug 2026 15:08:29 GMT'
2026-09-05 12:02:46 | WARNING | etl.clean | Date parse nahi hui: 'Mon, 31 Aug 2026 19:06:39 GMT'
2026-09-05 12:02:46 | WARNING | etl.clean | Date parse nahi hui: 'Mon, 31 Aug 2026 19:06:39 GMT'
2026-09-05 12:02:46 | WARNING | etl.clean | Date parse nahi hui: 'Mon, 31 Aug 2026 19:07:02 GMT'
2026-09-05 12:02:46 | WARNING | etl.clean | Date parse nahi hui: 'Mon, 31 Aug 2026 19:07:02 GMT'
2026-09-05 12:02:46 | WARNING | etl.clean | Date parse nahi hui: 'Wed, 02 Sep 2026 11:16:47 GMT'
2026-09-05 12:02:46 | WARNING | etl.clean | Date parse nahi hui: 'Wed, 02 Sep 2026 11:16:47 GMT'
2026-09-05 12:02:46 | WARNING | etl.clean | Date parse nahi hui: 'Tue, 01 Sep 2026 15:27:49 GMT'
2026-09-05 12:02:46 | WARNING | etl.clean | Date parse nahi hui: 'Tue, 01 Sep 2026 15:27:49 GMT'
2026-09-05 12:02:46 | WARNING | etl.clean | Date parse nahi hui: 'Wed, 02 Sep 2026 15:32:45 GMT'
2026-09-05 12:02:46 | WARNING | etl.clean | Date parse nahi hui: 'Wed, 02 Sep 2026 15:32:45 GMT'
2026-09-05 12:02:46 | WARNING | etl.clean | Date parse nahi hui: 'Thu, 03 Sep 2026 16:29:21 GMT'
2026-09-05 12:02:46 | WARNING | etl.clean | Date parse nahi hui: 'Thu, 03 Sep 2026 16:29:21 GMT'
2026-09-05 12:02:46 | WARNING | etl.clean | Date parse nahi hui: 'Tue, 01 Sep 2026 08:39:52 GMT'
2026-09-05 12:02:46 | WARNING | etl.clean | Date parse nahi hui: 'Tue, 01 Sep 2026 08:39:52 GMT'
2026-09-05 12:02:46 | WARNING | etl.clean | Date parse nahi hui: 'Thu, 03 Sep 2026 16:34:04 GMT'
2026-09-05 12:02:46 | WARNING | etl.clean | Date parse nahi hui: 'Thu, 03 Sep 2026 16:34:04 GMT'
2026-09-05 12:02:46 | WARNING | etl.clean | Date parse nahi hui: 'Sat, 05 Sep 2026 03:43:21 GMT'
2026-09-05 12:02:46 | WARNING | etl.clean | Date parse nahi hui: 'Sat, 05 Sep 2026 03:43:21 GMT'
2026-09-05 12:02:46 | WARNING | etl.clean | Date parse nahi hui: 'Thu, 03 Sep 2026 16:45:59 GMT'
2026-09-05 12:02:46 | WARNING | etl.clean | Date parse nahi hui: 'Thu, 03 Sep 2026 16:45:59 GMT'
2026-09-05 12:02:46 | WARNING | etl.clean | Date parse nahi hui: 'Thu, 03 Sep 2026 16:48:58 GMT'
2026-09-05 12:02:46 | WARNING | etl.clean | Date parse nahi hui: 'Thu, 03 Sep 2026 16:48:58 GMT'
2026-09-05 12:02:46 | WARNING | etl.clean | Date parse nahi hui: 'Tue, 01 Sep 2026 23:17:20 GMT'
2026-09-05 12:02:46 | WARNING | etl.clean | Date parse nahi hui: 'Tue, 01 Sep 2026 23:17:20 GMT'
2026-09-05 12:02:46 | WARNING | etl.clean | Date parse nahi hui: 'Wed, 02 Sep 2026 03:21:48 GMT'
2026-09-05 12:02:46 | WARNING | etl.clean | Date parse nahi hui: 'Wed, 02 Sep 2026 03:21:48 GMT'
2026-09-05 12:02:46 | WARNING | etl.clean | Date parse nahi hui: 'Wed, 02 Sep 2026 15:28:43 GMT'
2026-09-05 12:02:46 | WARNING | etl.clean | Date parse nahi hui: 'Wed, 02 Sep 2026 15:28:43 GMT'
2026-09-05 12:02:46 | WARNING | etl.clean | Date parse nahi hui: 'Tue, 01 Sep 2026 15:30:04 GMT'
2026-09-05 12:02:46 | WARNING | etl.clean | Date parse nahi hui: 'Tue, 01 Sep 2026 15:30:04 GMT'
2026-09-05 12:02:46 | WARNING | etl.clean | Date parse nahi hui: 'Sun, 30 Aug 2026 15:07:19 GMT'
2026-09-05 12:02:46 | WARNING | etl.clean | Date parse nahi hui: 'Sun, 30 Aug 2026 15:07:19 GMT'
2026-09-05 12:02:46 | WARNING | etl.clean | Date parse nahi hui: 'Sat, 29 Aug 2026 23:05:22 GMT'
2026-09-05 12:02:46 | WARNING | etl.clean | Date parse nahi hui: 'Sat, 29 Aug 2026 23:05:22 GMT'
2026-09-05 12:02:46 | WARNING | etl.clean | Date parse nahi hui: 'Tue, 01 Sep 2026 09:28:20 GMT'
2026-09-05 12:02:46 | WARNING | etl.clean | Date parse nahi hui: 'Tue, 01 Sep 2026 09:28:20 GMT'
2026-09-05 12:02:46 | WARNING | etl.clean | Date parse nahi hui: 'Thu, 27 Aug 2026 15:01:29 GMT'
2026-09-05 12:02:46 | WARNING | etl.clean | Date parse nahi hui: 'Thu, 27 Aug 2026 15:01:29 GMT'
2026-09-05 12:02:46 | WARNING | etl.clean | Date parse nahi hui: 'Mon, 31 Aug 2026 23:10:04 GMT'
2026-09-05 12:02:46 | WARNING | etl.clean | Date parse nahi hui: 'Mon, 31 Aug 2026 23:10:04 GMT'
2026-09-05 12:02:46 | WARNING | etl.clean | Date parse nahi hui: 'Sun, 30 Aug 2026 23:11:50 GMT'
2026-09-05 12:02:46 | WARNING | etl.clean | Date parse nahi hui: 'Sun, 30 Aug 2026 23:11:50 GMT'
2026-09-05 12:02:46 | WARNING | etl.clean | Date parse nahi hui: 'Sat, 05 Sep 2026 03:37:58 GMT'
2026-09-05 12:02:46 | WARNING | etl.clean | Date parse nahi hui: 'Sat, 05 Sep 2026 03:37:58 GMT'
2026-09-05 12:02:46 | WARNING | etl.clean | Date parse nahi hui: 'Sat, 05 Sep 2026 03:39:14 GMT'
2026-09-05 12:02:46 | WARNING | etl.clean | Date parse nahi hui: 'Sat, 05 Sep 2026 03:39:14 GMT'
2026-09-05 12:02:46 | WARNING | etl.clean | Date parse nahi hui: 'Sat, 05 Sep 2026 03:43:39 GMT'
2026-09-05 12:02:46 | WARNING | etl.clean | Date parse nahi hui: 'Sat, 05 Sep 2026 03:43:39 GMT'
2026-09-05 12:02:46 | WARNING | etl.clean | Date parse nahi hui: 'Sat, 05 Sep 2026 03:41:14 GMT'
2026-09-05 12:02:46 | WARNING | etl.clean | Date parse nahi hui: 'Sat, 05 Sep 2026 03:41:14 GMT'
2026-09-05 12:02:46 | WARNING | etl.clean | Date parse nahi hui: 'Fri, 04 Sep 2026 17:43:25 GMT'
2026-09-05 12:02:46 | WARNING | etl.clean | Date parse nahi hui: 'Fri, 04 Sep 2026 17:43:25 GMT'
2026-09-05 12:02:46 | WARNING | etl.clean | Date parse nahi hui: 'Thu, 03 Sep 2026 16:23:32 GMT'
2026-09-05 12:02:46 | WARNING | etl.clean | Date parse nahi hui: 'Thu, 03 Sep 2026 16:23:32 GMT'
2026-09-05 12:02:46 | WARNING | etl.clean | Date parse nahi hui: 'Wed, 02 Sep 2026 23:19:35 GMT'
2026-09-05 12:02:46 | WARNING | etl.clean | Date parse nahi hui: 'Wed, 02 Sep 2026 23:19:35 GMT'
2026-09-05 12:02:46 | WARNING | etl.clean | Date parse nahi hui: 'Thu, 03 Sep 2026 09:07:43 GMT'
2026-09-05 12:02:46 | WARNING | etl.clean | Date parse nahi hui: 'Thu, 03 Sep 2026 09:07:43 GMT'
2026-09-05 12:02:46 | WARNING | etl.clean | Date parse nahi hui: 'Thu, 03 Sep 2026 16:27:04 GMT'
2026-09-05 12:02:46 | WARNING | etl.clean | Date parse nahi hui: 'Thu, 03 Sep 2026 16:27:04 GMT'
2026-09-05 12:02:46 | WARNING | etl.clean | Date parse nahi hui: 'Thu, 03 Sep 2026 16:19:04 GMT'
2026-09-05 12:02:46 | WARNING | etl.clean | Date parse nahi hui: 'Thu, 03 Sep 2026 16:19:04 GMT'
2026-09-05 12:02:46 | WARNING | etl.clean | Date parse nahi hui: 'Fri, 04 Sep 2026 09:44:02 GMT'
2026-09-05 12:02:46 | WARNING | etl.clean | Date parse nahi hui: 'Fri, 04 Sep 2026 09:44:02 GMT'
2026-09-05 12:02:46 | WARNING | etl.clean | Date parse nahi hui: 'Thu, 03 Sep 2026 16:54:57 GMT'
2026-09-05 12:02:46 | WARNING | etl.clean | Date parse nahi hui: 'Thu, 03 Sep 2026 16:54:57 GMT'
2026-09-05 12:02:46 | WARNING | etl.clean | Date parse nahi hui: 'Thu, 03 Sep 2026 07:23:48 GMT'
2026-09-05 12:02:46 | WARNING | etl.clean | Date parse nahi hui: 'Thu, 03 Sep 2026 07:23:48 GMT'
2026-09-05 12:02:46 | WARNING | etl.clean | Date parse nahi hui: 'Thu, 03 Sep 2026 11:59:26 GMT'
2026-09-05 12:02:46 | WARNING | etl.clean | Date parse nahi hui: 'Thu, 03 Sep 2026 11:59:26 GMT'
2026-09-05 12:02:46 | WARNING | etl.clean | Date parse nahi hui: 'Fri, 04 Sep 2026 17:49:03 GMT'
2026-09-05 12:02:46 | WARNING | etl.clean | Date parse nahi hui: 'Fri, 04 Sep 2026 17:49:03 GMT'
2026-09-05 12:02:46 | WARNING | etl.clean | Date parse nahi hui: 'Fri, 04 Sep 2026 17:44:19 GMT'
2026-09-05 12:02:46 | WARNING | etl.clean | Date parse nahi hui: 'Fri, 04 Sep 2026 17:44:19 GMT'
2026-09-05 12:02:46 | WARNING | etl.clean | Date parse nahi hui: 'Thu, 03 Sep 2026 21:17:57 GMT'
2026-09-05 12:02:46 | WARNING | etl.clean | Date parse nahi hui: 'Thu, 03 Sep 2026 21:17:57 GMT'
2026-09-05 12:02:46 | WARNING | etl.clean | Date parse nahi hui: 'Fri, 04 Sep 2026 20:17:13 GMT'
2026-09-05 12:02:46 | WARNING | etl.clean | Date parse nahi hui: 'Fri, 04 Sep 2026 20:17:13 GMT'
2026-09-05 12:02:46 | WARNING | etl.clean | Date parse nahi hui: 'Thu, 03 Sep 2026 15:02:39 GMT'
2026-09-05 12:02:46 | WARNING | etl.clean | Date parse nahi hui: 'Thu, 03 Sep 2026 15:02:39 GMT'
2026-09-05 12:02:46 | WARNING | etl.clean | Date parse nahi hui: 'Fri, 04 Sep 2026 20:28:22 GMT'
2026-09-05 12:02:46 | WARNING | etl.clean | Date parse nahi hui: 'Fri, 04 Sep 2026 20:28:22 GMT'
2026-09-05 12:02:46 | WARNING | etl.clean | Date parse nahi hui: 'Sat, 05 Sep 2026 03:50:26 GMT'
2026-09-05 12:02:46 | WARNING | etl.clean | Date parse nahi hui: 'Sat, 05 Sep 2026 03:50:26 GMT'
2026-09-05 12:02:46 | WARNING | etl.clean | Date parse nahi hui: 'Tue, 01 Sep 2026 03:13:59 GMT'
2026-09-05 12:02:46 | WARNING | etl.clean | Date parse nahi hui: 'Tue, 01 Sep 2026 03:13:59 GMT'
2026-09-05 12:02:46 | WARNING | etl.clean | Date parse nahi hui: 'Tue, 01 Sep 2026 03:13:15 GMT'
2026-09-05 12:02:46 | WARNING | etl.clean | Date parse nahi hui: 'Tue, 01 Sep 2026 03:13:15 GMT'
2026-09-05 12:02:46 | WARNING | etl.clean | Date parse nahi hui: 'Tue, 01 Sep 2026 11:22:49 GMT'
2026-09-05 12:02:46 | WARNING | etl.clean | Date parse nahi hui: 'Tue, 01 Sep 2026 11:22:49 GMT'
2026-09-05 12:02:46 | WARNING | etl.clean | Date parse nahi hui: 'Mon, 31 Aug 2026 19:10:41 GMT'
2026-09-05 12:02:46 | WARNING | etl.clean | Date parse nahi hui: 'Mon, 31 Aug 2026 19:10:41 GMT'
2026-09-05 12:02:46 | WARNING | etl.clean | Date parse nahi hui: 'Sat, 29 Aug 2026 15:04:55 GMT'
2026-09-05 12:02:46 | WARNING | etl.clean | Date parse nahi hui: 'Sat, 29 Aug 2026 15:04:55 GMT'
2026-09-05 12:02:46 | WARNING | etl.clean | Date parse nahi hui: 'Wed, 02 Sep 2026 03:30:00 GMT'
2026-09-05 12:02:46 | WARNING | etl.clean | Date parse nahi hui: 'Wed, 02 Sep 2026 03:30:00 GMT'
2026-09-05 12:02:46 | WARNING | etl.clean | Date parse nahi hui: 'Wed, 02 Sep 2026 07:37:34 GMT'
2026-09-05 12:02:46 | WARNING | etl.clean | Date parse nahi hui: 'Wed, 02 Sep 2026 07:37:34 GMT'
2026-09-05 12:02:46 | WARNING | etl.clean | Date parse nahi hui: 'Tue, 01 Sep 2026 15:45:51 GMT'
2026-09-05 12:02:46 | WARNING | etl.clean | Date parse nahi hui: 'Tue, 01 Sep 2026 15:45:51 GMT'
2026-09-05 12:02:46 | WARNING | etl.clean | Date parse nahi hui: 'Sat, 05 Sep 2026 03:08:56 GMT'
2026-09-05 12:02:46 | WARNING | etl.clean | Date parse nahi hui: 'Sat, 05 Sep 2026 03:08:56 GMT'
2026-09-05 12:02:46 | WARNING | etl.clean | Date parse nahi hui: 'Wed, 02 Sep 2026 15:40:04 GMT'
2026-09-05 12:02:46 | WARNING | etl.clean | Date parse nahi hui: 'Wed, 02 Sep 2026 15:40:04 GMT'
2026-09-05 12:02:46 | WARNING | etl.clean | Date parse nahi hui: 'Wed, 02 Sep 2026 15:36:38 GMT'
2026-09-05 12:02:46 | WARNING | etl.clean | Date parse nahi hui: 'Wed, 02 Sep 2026 15:36:38 GMT'
2026-09-05 12:02:46 | WARNING | etl.clean | Date parse nahi hui: 'Tue, 01 Sep 2026 11:22:32 GMT'
2026-09-05 12:02:46 | WARNING | etl.clean | Date parse nahi hui: 'Tue, 01 Sep 2026 11:22:32 GMT'
2026-09-05 12:02:46 | WARNING | etl.clean | Date parse nahi hui: 'Mon, 31 Aug 2026 07:09:18 GMT'
2026-09-05 12:02:46 | WARNING | etl.clean | Date parse nahi hui: 'Mon, 31 Aug 2026 07:09:18 GMT'
2026-09-05 12:02:46 | WARNING | etl.clean | Date parse nahi hui: 'Sun, 30 Aug 2026 23:16:32 GMT'
2026-09-05 12:02:46 | WARNING | etl.clean | Date parse nahi hui: 'Sun, 30 Aug 2026 23:16:32 GMT'
2026-09-05 12:02:46 | WARNING | etl.clean | Date parse nahi hui: 'Tue, 01 Sep 2026 11:18:51 GMT'
2026-09-05 12:02:46 | WARNING | etl.clean | Date parse nahi hui: 'Tue, 01 Sep 2026 11:18:51 GMT'
2026-09-05 12:02:46 | WARNING | etl.clean | Date parse nahi hui: 'Tue, 01 Sep 2026 21:17:27 GMT'
2026-09-05 12:02:46 | WARNING | etl.clean | Date parse nahi hui: 'Tue, 01 Sep 2026 21:17:27 GMT'
2026-09-05 12:02:46 | WARNING | etl.clean | Date parse nahi hui: 'Thu, 03 Sep 2026 07:22:43 GMT'
2026-09-05 12:02:46 | WARNING | etl.clean | Date parse nahi hui: 'Thu, 03 Sep 2026 07:22:43 GMT'
2026-09-05 12:02:46 | WARNING | etl.clean | Date parse nahi hui: 'Thu, 03 Sep 2026 16:56:01 GMT'
2026-09-05 12:02:46 | WARNING | etl.clean | Date parse nahi hui: 'Thu, 03 Sep 2026 16:56:01 GMT'
2026-09-05 12:02:46 | WARNING | etl.clean | Date parse nahi hui: 'Thu, 03 Sep 2026 16:53:49 GMT'
2026-09-05 12:02:46 | WARNING | etl.clean | Date parse nahi hui: 'Thu, 03 Sep 2026 16:53:49 GMT'
2026-09-05 12:02:46 | WARNING | etl.clean | Date parse nahi hui: 'Wed, 02 Sep 2026 11:01:46 GMT'
2026-09-05 12:02:46 | WARNING | etl.clean | Date parse nahi hui: 'Wed, 02 Sep 2026 11:01:46 GMT'
2026-09-05 12:02:46 | WARNING | etl.clean | Date parse nahi hui: 'Sat, 05 Sep 2026 03:48:17 GMT'
2026-09-05 12:02:46 | WARNING | etl.clean | Date parse nahi hui: 'Sat, 05 Sep 2026 03:48:17 GMT'
2026-09-05 12:02:46 | WARNING | etl.clean | Date parse nahi hui: 'Sat, 05 Sep 2026 03:43:54 GMT'
2026-09-05 12:02:46 | WARNING | etl.clean | Date parse nahi hui: 'Sat, 05 Sep 2026 03:43:54 GMT'
2026-09-05 12:02:46 | WARNING | etl.clean | Date parse nahi hui: 'Tue, 01 Sep 2026 11:18:59 GMT'
2026-09-05 12:02:46 | WARNING | etl.clean | Date parse nahi hui: 'Tue, 01 Sep 2026 11:18:59 GMT'
2026-09-05 12:02:46 | WARNING | etl.clean | Date parse nahi hui: 'Sat, 29 Aug 2026 23:07:54 GMT'
2026-09-05 12:02:46 | WARNING | etl.clean | Date parse nahi hui: 'Sat, 29 Aug 2026 23:07:54 GMT'
2026-09-05 12:02:46 | WARNING | etl.clean | Date parse nahi hui: 'Mon, 31 Aug 2026 11:13:21 GMT'
2026-09-05 12:02:46 | WARNING | etl.clean | Date parse nahi hui: 'Mon, 31 Aug 2026 11:13:21 GMT'
2026-09-05 12:02:46 | WARNING | etl.clean | Date parse nahi hui: 'Sat, 29 Aug 2026 15:04:36 GMT'
2026-09-05 12:02:46 | WARNING | etl.clean | Date parse nahi hui: 'Sat, 29 Aug 2026 15:04:36 GMT'
2026-09-05 12:02:46 | WARNING | etl.clean | Date parse nahi hui: 'Mon, 31 Aug 2026 15:09:56 GMT'
2026-09-05 12:02:46 | WARNING | etl.clean | Date parse nahi hui: 'Mon, 31 Aug 2026 15:09:56 GMT'
2026-09-05 12:02:46 | WARNING | etl.clean | Date parse nahi hui: 'Fri, 28 Aug 2026 23:06:53 GMT'
2026-09-05 12:02:46 | WARNING | etl.clean | Date parse nahi hui: 'Fri, 28 Aug 2026 23:06:53 GMT'
2026-09-05 12:02:46 | WARNING | etl.clean | Date parse nahi hui: 'Mon, 31 Aug 2026 11:13:37 GMT'
2026-09-05 12:02:46 | WARNING | etl.clean | Date parse nahi hui: 'Mon, 31 Aug 2026 11:13:37 GMT'
2026-09-05 12:02:46 | WARNING | etl.clean | Date parse nahi hui: 'Tue, 01 Sep 2026 23:23:52 GMT'
2026-09-05 12:02:46 | WARNING | etl.clean | Date parse nahi hui: 'Tue, 01 Sep 2026 23:23:52 GMT'
2026-09-05 12:02:46 | WARNING | etl.clean | Date parse nahi hui: 'Tue, 01 Sep 2026 19:00:56 GMT'
2026-09-05 12:02:46 | WARNING | etl.clean | Date parse nahi hui: 'Tue, 01 Sep 2026 19:00:56 GMT'
2026-09-05 12:02:46 | WARNING | etl.clean | Date parse nahi hui: 'Sat, 29 Aug 2026 15:05:42 GMT'
2026-09-05 12:02:46 | WARNING | etl.clean | Date parse nahi hui: 'Sat, 29 Aug 2026 15:05:42 GMT'
2026-09-05 12:02:46 | WARNING | etl.clean | Date parse nahi hui: 'Fri, 28 Aug 2026 11:07:46 GMT'
2026-09-05 12:02:46 | WARNING | etl.clean | Date parse nahi hui: 'Fri, 28 Aug 2026 11:07:46 GMT'
2026-09-05 12:02:46 | WARNING | etl.clean | Date parse nahi hui: 'Thu, 27 Aug 2026 19:05:07 GMT'
2026-09-05 12:02:46 | WARNING | etl.clean | Date parse nahi hui: 'Thu, 27 Aug 2026 19:05:07 GMT'
2026-09-05 12:02:46 | WARNING | etl.clean | Date parse nahi hui: 'Tue, 01 Sep 2026 11:24:36 GMT'
2026-09-05 12:02:46 | WARNING | etl.clean | Date parse nahi hui: 'Tue, 01 Sep 2026 11:24:36 GMT'
2026-09-05 12:02:46 | WARNING | etl.clean | Date parse nahi hui: 'Mon, 31 Aug 2026 23:18:15 GMT'
2026-09-05 12:02:46 | WARNING | etl.clean | Date parse nahi hui: 'Mon, 31 Aug 2026 23:18:15 GMT'
2026-09-05 12:02:46 | WARNING | etl.clean | Date parse nahi hui: 'Wed, 02 Sep 2026 07:40:34 GMT'
2026-09-05 12:02:46 | WARNING | etl.clean | Date parse nahi hui: 'Wed, 02 Sep 2026 07:40:34 GMT'
2026-09-05 12:02:46 | WARNING | etl.clean | Date parse nahi hui: 'Thu, 03 Sep 2026 12:09:00 GMT'
2026-09-05 12:02:46 | WARNING | etl.clean | Date parse nahi hui: 'Thu, 03 Sep 2026 12:09:00 GMT'
2026-09-05 12:02:46 | WARNING | etl.clean | Date parse nahi hui: 'Sat, 05 Sep 2026 03:55:06 GMT'
2026-09-05 12:02:46 | WARNING | etl.clean | Date parse nahi hui: 'Sat, 05 Sep 2026 03:55:06 GMT'
2026-09-05 12:02:46 | WARNING | etl.clean | Date parse nahi hui: 'Tue, 25 Aug 2026 12:01:56 GMT'
2026-09-05 12:02:46 | WARNING | etl.clean | Date parse nahi hui: 'Tue, 25 Aug 2026 12:01:56 GMT'
2026-09-05 12:02:46 | WARNING | etl.clean | Date parse nahi hui: 'Tue, 01 Sep 2026 21:42:08 GMT'
2026-09-05 12:02:46 | WARNING | etl.clean | Date parse nahi hui: 'Tue, 01 Sep 2026 21:42:08 GMT'
2026-09-05 12:02:46 | WARNING | etl.clean | Date parse nahi hui: 'Thu, 03 Sep 2026 11:04:53 GMT'
2026-09-05 12:02:46 | WARNING | etl.clean | Date parse nahi hui: 'Thu, 03 Sep 2026 11:04:53 GMT'
2026-09-05 12:02:46 | WARNING | etl.clean | Date parse nahi hui: 'Wed, 02 Sep 2026 11:27:42 GMT'
2026-09-05 12:02:46 | WARNING | etl.clean | Date parse nahi hui: 'Wed, 02 Sep 2026 11:27:42 GMT'
2026-09-05 12:02:46 | WARNING | etl.clean | Date parse nahi hui: 'Wed, 02 Sep 2026 15:43:43 GMT'
2026-09-05 12:02:46 | WARNING | etl.clean | Date parse nahi hui: 'Wed, 02 Sep 2026 15:43:43 GMT'
2026-09-05 12:02:46 | WARNING | etl.clean | Date parse nahi hui: 'Tue, 01 Sep 2026 11:26:01 GMT'
2026-09-05 12:02:46 | WARNING | etl.clean | Date parse nahi hui: 'Tue, 01 Sep 2026 11:26:01 GMT'
2026-09-05 12:02:46 | WARNING | etl.clean | Date parse nahi hui: 'Wed, 02 Sep 2026 07:44:51 GMT'
2026-09-05 12:02:46 | WARNING | etl.clean | Date parse nahi hui: 'Wed, 02 Sep 2026 07:44:51 GMT'
2026-09-05 12:02:46 | WARNING | etl.clean | Date parse nahi hui: 'Sat, 29 Aug 2026 15:06:50 GMT'
2026-09-05 12:02:46 | WARNING | etl.clean | Date parse nahi hui: 'Sat, 29 Aug 2026 15:06:50 GMT'
2026-09-05 12:02:46 | WARNING | etl.clean | Date parse nahi hui: 'Thu, 27 Aug 2026 19:04:55 GMT'
2026-09-05 12:02:46 | WARNING | etl.clean | Date parse nahi hui: 'Thu, 27 Aug 2026 19:04:55 GMT'
2026-09-05 12:02:46 | WARNING | etl.clean | Date parse nahi hui: 'Fri, 28 Aug 2026 03:05:10 GMT'
2026-09-05 12:02:46 | WARNING | etl.clean | Date parse nahi hui: 'Fri, 28 Aug 2026 03:05:10 GMT'
2026-09-05 12:02:46 | WARNING | etl.clean | Date parse nahi hui: 'Fri, 28 Aug 2026 07:04:43 GMT'
2026-09-05 12:02:46 | WARNING | etl.clean | Date parse nahi hui: 'Fri, 28 Aug 2026 07:04:43 GMT'
2026-09-05 12:02:46 | WARNING | etl.clean | Date parse nahi hui: 'Sat, 29 Aug 2026 07:07:30 GMT'
2026-09-05 12:02:46 | WARNING | etl.clean | Date parse nahi hui: 'Sat, 29 Aug 2026 07:07:30 GMT'
2026-09-05 12:02:46 | WARNING | etl.clean | Date parse nahi hui: 'Tue, 01 Sep 2026 15:59:46 GMT'
2026-09-05 12:02:46 | WARNING | etl.clean | Date parse nahi hui: 'Tue, 01 Sep 2026 15:59:46 GMT'
2026-09-05 12:02:46 | WARNING | etl.clean | Date parse nahi hui: 'Fri, 04 Sep 2026 19:01:03 GMT'
2026-09-05 12:02:46 | WARNING | etl.clean | Date parse nahi hui: 'Fri, 04 Sep 2026 19:01:03 GMT'
2026-09-05 12:02:46 | WARNING | etl.clean | Date parse nahi hui: 'Thu, 03 Sep 2026 11:05:00 GMT'
2026-09-05 12:02:46 | WARNING | etl.clean | Date parse nahi hui: 'Thu, 03 Sep 2026 11:05:00 GMT'
2026-09-05 12:02:46 | WARNING | etl.clean | Date parse nahi hui: 'Mon, 31 Aug 2026 15:10:59 GMT'
2026-09-05 12:02:46 | WARNING | etl.clean | Date parse nahi hui: 'Mon, 31 Aug 2026 15:10:59 GMT'
2026-09-05 12:02:46 | WARNING | etl.clean | Date parse nahi hui: 'Sat, 05 Sep 2026 03:52:15 GMT'
2026-09-05 12:02:46 | WARNING | etl.clean | Date parse nahi hui: 'Sat, 05 Sep 2026 03:52:15 GMT'
2026-09-05 12:02:46 | WARNING | etl.clean | Date parse nahi hui: 'Sat, 05 Sep 2026 03:55:30 GMT'
2026-09-05 12:02:46 | WARNING | etl.clean | Date parse nahi hui: 'Sat, 05 Sep 2026 03:55:30 GMT'
2026-09-05 12:02:46 | WARNING | etl.clean | Date parse nahi hui: 'Thu, 03 Sep 2026 17:20:05 GMT'
2026-09-05 12:02:46 | WARNING | etl.clean | Date parse nahi hui: 'Thu, 03 Sep 2026 17:20:05 GMT'
2026-09-05 12:02:46 | WARNING | etl.clean | Date parse nahi hui: 'Thu, 03 Sep 2026 17:22:20 GMT'
2026-09-05 12:02:46 | WARNING | etl.clean | Date parse nahi hui: 'Thu, 03 Sep 2026 17:22:20 GMT'
2026-09-05 12:02:46 | WARNING | etl.clean | Date parse nahi hui: 'Thu, 03 Sep 2026 12:29:01 GMT'
2026-09-05 12:02:46 | WARNING | etl.clean | Date parse nahi hui: 'Thu, 03 Sep 2026 12:29:01 GMT'
2026-09-05 12:02:46 | WARNING | etl.clean | Date parse nahi hui: 'Fri, 04 Sep 2026 15:58:39 GMT'
2026-09-05 12:02:46 | WARNING | etl.clean | Date parse nahi hui: 'Fri, 04 Sep 2026 15:58:39 GMT'
2026-09-05 12:02:46 | WARNING | etl.clean | Date parse nahi hui: 'Wed, 02 Sep 2026 07:45:40 GMT'
2026-09-05 12:02:46 | WARNING | etl.clean | Date parse nahi hui: 'Wed, 02 Sep 2026 07:45:40 GMT'
2026-09-05 12:02:46 | WARNING | etl.clean | Date parse nahi hui: 'Thu, 03 Sep 2026 12:28:38 GMT'
2026-09-05 12:02:46 | WARNING | etl.clean | Date parse nahi hui: 'Thu, 03 Sep 2026 12:28:38 GMT'
2026-09-05 12:02:46 | WARNING | etl.clean | Date parse nahi hui: 'Fri, 04 Sep 2026 07:57:07 GMT'
2026-09-05 12:02:46 | WARNING | etl.clean | Date parse nahi hui: 'Fri, 04 Sep 2026 07:57:07 GMT'
2026-09-05 12:02:46 | WARNING | etl.clean | Date parse nahi hui: 'Fri, 04 Sep 2026 09:03:48 GMT'
2026-09-05 12:02:46 | WARNING | etl.clean | Date parse nahi hui: 'Fri, 04 Sep 2026 09:03:48 GMT'
2026-09-05 12:02:46 | WARNING | etl.clean | Date parse nahi hui: 'Fri, 04 Sep 2026 07:55:34 GMT'
2026-09-05 12:02:46 | WARNING | etl.clean | Date parse nahi hui: 'Fri, 04 Sep 2026 07:55:34 GMT'
2026-09-05 12:02:46 | WARNING | etl.clean | Date parse nahi hui: 'Sat, 05 Sep 2026 03:57:27 GMT'
2026-09-05 12:02:46 | WARNING | etl.clean | Date parse nahi hui: 'Sat, 05 Sep 2026 03:57:27 GMT'
2026-09-05 12:02:46 | WARNING | etl.clean | Date parse nahi hui: 'Fri, 04 Sep 2026 23:57:30 GMT'
2026-09-05 12:02:46 | WARNING | etl.clean | Date parse nahi hui: 'Fri, 04 Sep 2026 23:57:30 GMT'
2026-09-05 12:02:46 | WARNING | etl.clean | Date parse nahi hui: 'Fri, 04 Sep 2026 23:59:46 GMT'
2026-09-05 12:02:46 | WARNING | etl.clean | Date parse nahi hui: 'Fri, 04 Sep 2026 23:59:46 GMT'
2026-09-05 12:02:46 | WARNING | etl.clean | Date parse nahi hui: 'Sat, 05 Sep 2026 04:05:49 GMT'
2026-09-05 12:02:46 | WARNING | etl.clean | Date parse nahi hui: 'Sat, 05 Sep 2026 04:05:49 GMT'
2026-09-05 12:02:46 | WARNING | etl.clean | Date parse nahi hui: 'Mon, 31 Aug 2026 07:16:13 GMT'
2026-09-05 12:02:46 | WARNING | etl.clean | Date parse nahi hui: 'Mon, 31 Aug 2026 07:16:13 GMT'
2026-09-05 12:02:46 | WARNING | etl.clean | Date parse nahi hui: 'Mon, 31 Aug 2026 15:16:03 GMT'
2026-09-05 12:02:46 | WARNING | etl.clean | Date parse nahi hui: 'Mon, 31 Aug 2026 15:16:03 GMT'
2026-09-05 12:02:46 | WARNING | etl.clean | Date parse nahi hui: 'Tue, 01 Sep 2026 03:26:53 GMT'
2026-09-05 12:02:46 | WARNING | etl.clean | Date parse nahi hui: 'Tue, 01 Sep 2026 03:26:53 GMT'
2026-09-05 12:02:46 | WARNING | etl.clean | Date parse nahi hui: 'Fri, 28 Aug 2026 07:07:16 GMT'
2026-09-05 12:02:46 | WARNING | etl.clean | Date parse nahi hui: 'Fri, 28 Aug 2026 07:07:16 GMT'
2026-09-05 12:02:46 | WARNING | etl.clean | Date parse nahi hui: 'Thu, 27 Aug 2026 19:05:18 GMT'
2026-09-05 12:02:46 | WARNING | etl.clean | Date parse nahi hui: 'Thu, 27 Aug 2026 19:05:18 GMT'
2026-09-05 12:02:46 | WARNING | etl.clean | Date parse nahi hui: 'Fri, 04 Sep 2026 17:03:29 GMT'
2026-09-05 12:02:46 | WARNING | etl.clean | Date parse nahi hui: 'Fri, 04 Sep 2026 17:03:29 GMT'
2026-09-05 12:02:46 | WARNING | etl.clean | Date parse nahi hui: 'Fri, 28 Aug 2026 15:13:05 GMT'
2026-09-05 12:02:46 | WARNING | etl.clean | Date parse nahi hui: 'Fri, 28 Aug 2026 15:13:05 GMT'
2026-09-05 12:02:46 | WARNING | etl.clean | Date parse nahi hui: 'Sun, 30 Aug 2026 15:17:29 GMT'
2026-09-05 12:02:46 | WARNING | etl.clean | Date parse nahi hui: 'Sun, 30 Aug 2026 15:17:29 GMT'
2026-09-05 12:02:46 | WARNING | etl.clean | Date parse nahi hui: 'Tue, 01 Sep 2026 23:43:26 GMT'
2026-09-05 12:02:46 | WARNING | etl.clean | Date parse nahi hui: 'Tue, 01 Sep 2026 23:43:26 GMT'
2026-09-05 12:02:46 | WARNING | etl.clean | Date parse nahi hui: 'Sat, 29 Aug 2026 15:10:02 GMT'
2026-09-05 12:02:46 | WARNING | etl.clean | Date parse nahi hui: 'Sat, 29 Aug 2026 15:10:02 GMT'
2026-09-05 12:02:46 | WARNING | etl.clean | Date parse nahi hui: 'Wed, 02 Sep 2026 15:49:14 GMT'
2026-09-05 12:02:46 | WARNING | etl.clean | Date parse nahi hui: 'Wed, 02 Sep 2026 15:49:14 GMT'
2026-09-05 12:02:46 | WARNING | etl.clean | Date parse nahi hui: 'Wed, 02 Sep 2026 15:49:30 GMT'
2026-09-05 12:02:46 | WARNING | etl.clean | Date parse nahi hui: 'Wed, 02 Sep 2026 15:49:30 GMT'
2026-09-05 12:02:46 | WARNING | etl.clean | Date parse nahi hui: 'Wed, 02 Sep 2026 11:38:53 GMT'
2026-09-05 12:02:46 | WARNING | etl.clean | Date parse nahi hui: 'Wed, 02 Sep 2026 11:38:53 GMT'
2026-09-05 12:02:46 | WARNING | etl.clean | Date parse nahi hui: 'Sun, 30 Aug 2026 23:26:47 GMT'
2026-09-05 12:02:46 | WARNING | etl.clean | Date parse nahi hui: 'Sun, 30 Aug 2026 23:26:47 GMT'
2026-09-05 12:02:46 | WARNING | etl.clean | Date parse nahi hui: 'Mon, 31 Aug 2026 07:20:00 GMT'
2026-09-05 12:02:46 | WARNING | etl.clean | Date parse nahi hui: 'Mon, 31 Aug 2026 07:20:00 GMT'
2026-09-05 12:02:46 | WARNING | etl.clean | Date parse nahi hui: 'Mon, 31 Aug 2026 23:22:46 GMT'
2026-09-05 12:02:46 | WARNING | etl.clean | Date parse nahi hui: 'Mon, 31 Aug 2026 23:22:46 GMT'
2026-09-05 12:02:46 | WARNING | etl.clean | Date parse nahi hui: 'Sat, 05 Sep 2026 03:08:42 GMT'
2026-09-05 12:02:46 | WARNING | etl.clean | Date parse nahi hui: 'Sat, 05 Sep 2026 03:08:42 GMT'
2026-09-05 12:02:46 | WARNING | etl.clean | Date parse nahi hui: 'Wed, 26 Aug 2026 15:02:25 GMT'
2026-09-05 12:02:46 | WARNING | etl.clean | Date parse nahi hui: 'Wed, 26 Aug 2026 15:02:25 GMT'
2026-09-05 12:02:46 | WARNING | etl.clean | Date parse nahi hui: 'Mon, 24 Aug 2026 23:02:08 GMT'
2026-09-05 12:02:46 | WARNING | etl.clean | Date parse nahi hui: 'Mon, 24 Aug 2026 23:02:08 GMT'
2026-09-05 12:02:46 | WARNING | etl.clean | Date parse nahi hui: 'Tue, 25 Aug 2026 15:02:25 GMT'
2026-09-05 12:02:46 | WARNING | etl.clean | Date parse nahi hui: 'Tue, 25 Aug 2026 15:02:25 GMT'
2026-09-05 12:02:46 | WARNING | etl.clean | Date parse nahi hui: 'Thu, 03 Sep 2026 12:17:45 GMT'
2026-09-05 12:02:46 | WARNING | etl.clean | Date parse nahi hui: 'Thu, 03 Sep 2026 12:17:45 GMT'
2026-09-05 12:02:46 | WARNING | etl.clean | Date parse nahi hui: 'Wed, 02 Sep 2026 15:51:23 GMT'
2026-09-05 12:02:46 | WARNING | etl.clean | Date parse nahi hui: 'Wed, 02 Sep 2026 15:51:23 GMT'
2026-09-05 12:02:46 | WARNING | etl.clean | Date parse nahi hui: 'Fri, 28 Aug 2026 11:10:54 GMT'
2026-09-05 12:02:46 | WARNING | etl.clean | Date parse nahi hui: 'Fri, 28 Aug 2026 11:10:54 GMT'
2026-09-05 12:02:46 | WARNING | etl.clean | Date parse nahi hui: 'Sat, 29 Aug 2026 15:09:22 GMT'
2026-09-05 12:02:46 | WARNING | etl.clean | Date parse nahi hui: 'Sat, 29 Aug 2026 15:09:22 GMT'
2026-09-05 12:02:46 | WARNING | etl.clean | Date parse nahi hui: 'Sun, 30 Aug 2026 15:16:20 GMT'
2026-09-05 12:02:46 | WARNING | etl.clean | Date parse nahi hui: 'Sun, 30 Aug 2026 15:16:20 GMT'
2026-09-05 12:02:46 | WARNING | etl.clean | Date parse nahi hui: 'Thu, 27 Aug 2026 07:04:27 GMT'
2026-09-05 12:02:46 | WARNING | etl.clean | Date parse nahi hui: 'Thu, 27 Aug 2026 07:04:27 GMT'
2026-09-05 12:02:46 | WARNING | etl.clean | Date parse nahi hui: 'Wed, 26 Aug 2026 19:06:33 GMT'
2026-09-05 12:02:46 | WARNING | etl.clean | Date parse nahi hui: 'Wed, 26 Aug 2026 19:06:33 GMT'
2026-09-05 12:02:46 | WARNING | etl.clean | Date parse nahi hui: 'Fri, 04 Sep 2026 17:04:45 GMT'
2026-09-05 12:02:46 | WARNING | etl.clean | Date parse nahi hui: 'Fri, 04 Sep 2026 17:04:45 GMT'
2026-09-05 12:02:46 | WARNING | etl.clean | Date parse nahi hui: 'Thu, 27 Aug 2026 19:06:28 GMT'
2026-09-05 12:02:46 | WARNING | etl.clean | Date parse nahi hui: 'Thu, 27 Aug 2026 19:06:28 GMT'
2026-09-05 12:02:46 | WARNING | etl.clean | Date parse nahi hui: 'Wed, 26 Aug 2026 15:03:54 GMT'
2026-09-05 12:02:46 | WARNING | etl.clean | Date parse nahi hui: 'Wed, 26 Aug 2026 15:03:54 GMT'
2026-09-05 12:02:46 | WARNING | etl.clean | Date parse nahi hui: 'Sat, 29 Aug 2026 15:13:02 GMT'
2026-09-05 12:02:46 | WARNING | etl.clean | Date parse nahi hui: 'Sat, 29 Aug 2026 15:13:02 GMT'
2026-09-05 12:02:46 | WARNING | etl.clean | Date parse nahi hui: 'Tue, 01 Sep 2026 16:16:12 GMT'
2026-09-05 12:02:46 | WARNING | etl.clean | Date parse nahi hui: 'Tue, 01 Sep 2026 16:16:12 GMT'
2026-09-05 12:02:46 | WARNING | etl.clean | Date parse nahi hui: 'Tue, 01 Sep 2026 07:43:02 GMT'
2026-09-05 12:02:46 | WARNING | etl.clean | Date parse nahi hui: 'Tue, 01 Sep 2026 07:43:02 GMT'
2026-09-05 12:02:46 | WARNING | etl.clean | Date parse nahi hui: 'Thu, 03 Sep 2026 12:48:42 GMT'
2026-09-05 12:02:46 | WARNING | etl.clean | Date parse nahi hui: 'Thu, 03 Sep 2026 12:48:42 GMT'
2026-09-05 12:02:46 | WARNING | etl.clean | Date parse nahi hui: 'Wed, 02 Sep 2026 23:43:46 GMT'
2026-09-05 12:02:46 | WARNING | etl.clean | Date parse nahi hui: 'Wed, 02 Sep 2026 23:43:46 GMT'
2026-09-05 12:02:46 | WARNING | etl.clean | Date parse nahi hui: 'Thu, 03 Sep 2026 12:41:31 GMT'
2026-09-05 12:02:46 | WARNING | etl.clean | Date parse nahi hui: 'Thu, 03 Sep 2026 12:41:31 GMT'
2026-09-05 12:02:46 | WARNING | etl.clean | Date parse nahi hui: 'Tue, 01 Sep 2026 11:38:47 GMT'
2026-09-05 12:02:46 | WARNING | etl.clean | Date parse nahi hui: 'Tue, 01 Sep 2026 11:38:47 GMT'
2026-09-05 12:02:46 | WARNING | etl.clean | Date parse nahi hui: 'Tue, 01 Sep 2026 11:40:24 GMT'
2026-09-05 12:02:46 | WARNING | etl.clean | Date parse nahi hui: 'Tue, 01 Sep 2026 11:40:24 GMT'
2026-09-05 12:02:46 | WARNING | etl.clean | Date parse nahi hui: 'Fri, 04 Sep 2026 05:03:21 GMT'
2026-09-05 12:02:46 | WARNING | etl.clean | Date parse nahi hui: 'Fri, 04 Sep 2026 05:03:21 GMT'
2026-09-05 12:02:46 | WARNING | etl.clean | Date parse nahi hui: 'Wed, 02 Sep 2026 15:55:20 GMT'
2026-09-05 12:02:46 | WARNING | etl.clean | Date parse nahi hui: 'Wed, 02 Sep 2026 15:55:20 GMT'
2026-09-05 12:02:46 | WARNING | etl.clean | Date parse nahi hui: 'Tue, 01 Sep 2026 21:52:33 GMT'
2026-09-05 12:02:46 | WARNING | etl.clean | Date parse nahi hui: 'Tue, 01 Sep 2026 21:52:33 GMT'
2026-09-05 12:02:46 | WARNING | etl.clean | Date parse nahi hui: 'Wed, 02 Sep 2026 04:04:48 GMT'
2026-09-05 12:02:46 | WARNING | etl.clean | Date parse nahi hui: 'Wed, 02 Sep 2026 04:04:48 GMT'
2026-09-05 12:02:46 | WARNING | etl.clean | Date parse nahi hui: 'Sat, 29 Aug 2026 07:11:47 GMT'
2026-09-05 12:02:46 | WARNING | etl.clean | Date parse nahi hui: 'Sat, 29 Aug 2026 07:11:47 GMT'
2026-09-05 12:02:46 | WARNING | etl.clean | Date parse nahi hui: 'Sat, 29 Aug 2026 11:14:35 GMT'
2026-09-05 12:02:46 | WARNING | etl.clean | Date parse nahi hui: 'Sat, 29 Aug 2026 11:14:35 GMT'
2026-09-05 12:02:46 | WARNING | etl.clean | Date parse nahi hui: 'Sat, 29 Aug 2026 15:13:17 GMT'
2026-09-05 12:02:46 | WARNING | etl.clean | Date parse nahi hui: 'Sat, 29 Aug 2026 15:13:17 GMT'
2026-09-05 12:02:46 | WARNING | etl.clean | Date parse nahi hui: 'Fri, 28 Aug 2026 15:14:56 GMT'
2026-09-05 12:02:46 | WARNING | etl.clean | Date parse nahi hui: 'Fri, 28 Aug 2026 15:14:56 GMT'
2026-09-05 12:02:46 | WARNING | etl.clean | Date parse nahi hui: 'Mon, 31 Aug 2026 03:23:52 GMT'
2026-09-05 12:02:46 | WARNING | etl.clean | Date parse nahi hui: 'Mon, 31 Aug 2026 03:23:52 GMT'
2026-09-05 12:02:46 | WARNING | etl.clean | Date parse nahi hui: 'Sat, 05 Sep 2026 04:14:08 GMT'
2026-09-05 12:02:46 | WARNING | etl.clean | Date parse nahi hui: 'Sat, 05 Sep 2026 04:14:08 GMT'
2026-09-05 12:02:46 | WARNING | etl.clean | Date parse nahi hui: 'Thu, 03 Sep 2026 07:47:26 GMT'
2026-09-05 12:02:46 | WARNING | etl.clean | Date parse nahi hui: 'Thu, 03 Sep 2026 07:47:26 GMT'
2026-09-05 12:02:46 | WARNING | etl.clean | Date parse nahi hui: 'Thu, 03 Sep 2026 19:05:31 GMT'
2026-09-05 12:02:46 | WARNING | etl.clean | Date parse nahi hui: 'Thu, 03 Sep 2026 19:05:31 GMT'
2026-09-05 12:02:46 | WARNING | etl.clean | Date parse nahi hui: 'Fri, 04 Sep 2026 12:04:27 GMT'
2026-09-05 12:02:46 | WARNING | etl.clean | Date parse nahi hui: 'Fri, 04 Sep 2026 12:04:27 GMT'
2026-09-05 12:02:46 | WARNING | etl.clean | Date parse nahi hui: 'Fri, 04 Sep 2026 16:00:43 GMT'
2026-09-05 12:02:46 | WARNING | etl.clean | Date parse nahi hui: 'Fri, 04 Sep 2026 16:00:43 GMT'
2026-09-05 12:02:46 | WARNING | etl.clean | Date parse nahi hui: 'Sat, 05 Sep 2026 00:26:07 GMT'
2026-09-05 12:02:46 | WARNING | etl.clean | Date parse nahi hui: 'Sat, 05 Sep 2026 00:26:07 GMT'
2026-09-05 12:02:46 | WARNING | etl.clean | Date parse nahi hui: 'Sat, 05 Sep 2026 04:22:06 GMT'
2026-09-05 12:02:46 | WARNING | etl.clean | Date parse nahi hui: 'Sat, 05 Sep 2026 04:22:06 GMT'
2026-09-05 12:02:46 | WARNING | etl.clean | Date parse nahi hui: 'Mon, 31 Aug 2026 07:25:47 GMT'
2026-09-05 12:02:46 | WARNING | etl.clean | Date parse nahi hui: 'Mon, 31 Aug 2026 07:25:47 GMT'
2026-09-05 12:02:46 | WARNING | etl.clean | Date parse nahi hui: 'Mon, 31 Aug 2026 15:24:15 GMT'
2026-09-05 12:02:46 | WARNING | etl.clean | Date parse nahi hui: 'Mon, 31 Aug 2026 15:24:15 GMT'
2026-09-05 12:02:46 | WARNING | etl.clean | Date parse nahi hui: 'Sun, 30 Aug 2026 07:21:27 GMT'
2026-09-05 12:02:46 | WARNING | etl.clean | Date parse nahi hui: 'Sun, 30 Aug 2026 07:21:27 GMT'
2026-09-05 12:02:46 | WARNING | etl.clean | Date parse nahi hui: 'Thu, 03 Sep 2026 13:06:42 GMT'
2026-09-05 12:02:46 | WARNING | etl.clean | Date parse nahi hui: 'Thu, 03 Sep 2026 13:06:42 GMT'
2026-09-05 12:02:46 | WARNING | etl.clean | Date parse nahi hui: 'Mon, 31 Aug 2026 23:28:35 GMT'
2026-09-05 12:02:46 | WARNING | etl.clean | Date parse nahi hui: 'Mon, 31 Aug 2026 23:28:35 GMT'
2026-09-05 12:02:46 | WARNING | etl.clean | Date parse nahi hui: 'Sun, 30 Aug 2026 23:31:53 GMT'
2026-09-05 12:02:46 | WARNING | etl.clean | Date parse nahi hui: 'Sun, 30 Aug 2026 23:31:53 GMT'
2026-09-05 12:02:46 | WARNING | etl.clean | Date parse nahi hui: 'Fri, 04 Sep 2026 23:04:24 GMT'
2026-09-05 12:02:46 | WARNING | etl.clean | Date parse nahi hui: 'Fri, 04 Sep 2026 23:04:24 GMT'
2026-09-05 12:02:46 | WARNING | etl.clean | Date parse nahi hui: 'Thu, 27 Aug 2026 11:12:03 GMT'
2026-09-05 12:02:46 | WARNING | etl.clean | Date parse nahi hui: 'Thu, 27 Aug 2026 11:12:03 GMT'
2026-09-05 12:02:46 | WARNING | etl.clean | Date parse nahi hui: 'Sat, 29 Aug 2026 23:20:50 GMT'
2026-09-05 12:02:46 | WARNING | etl.clean | Date parse nahi hui: 'Sat, 29 Aug 2026 23:20:50 GMT'
2026-09-05 12:02:46 | WARNING | etl.clean | Date parse nahi hui: 'Fri, 28 Aug 2026 15:17:16 GMT'
2026-09-05 12:02:46 | WARNING | etl.clean | Date parse nahi hui: 'Fri, 28 Aug 2026 15:17:16 GMT'
2026-09-05 12:02:46 | WARNING | etl.clean | Date parse nahi hui: 'Tue, 25 Aug 2026 12:09:00 GMT'
2026-09-05 12:02:46 | WARNING | etl.clean | Date parse nahi hui: 'Tue, 25 Aug 2026 12:09:00 GMT'
2026-09-05 12:02:46 | WARNING | etl.clean | Date parse nahi hui: 'Thu, 27 Aug 2026 15:06:56 GMT'
2026-09-05 12:02:46 | WARNING | etl.clean | Date parse nahi hui: 'Thu, 27 Aug 2026 15:06:56 GMT'
2026-09-05 12:02:46 | WARNING | etl.clean | Date parse nahi hui: 'Wed, 26 Aug 2026 15:07:21 GMT'
2026-09-05 12:02:46 | WARNING | etl.clean | Date parse nahi hui: 'Wed, 26 Aug 2026 15:07:21 GMT'
2026-09-05 12:02:46 | WARNING | etl.clean | Date parse nahi hui: 'Sun, 23 Aug 2026 23:01:57 GMT'
2026-09-05 12:02:46 | WARNING | etl.clean | Date parse nahi hui: 'Sun, 23 Aug 2026 23:01:57 GMT'
2026-09-05 12:02:46 | WARNING | etl.clean | Date parse nahi hui: 'Tue, 25 Aug 2026 15:05:44 GMT'
2026-09-05 12:02:46 | WARNING | etl.clean | Date parse nahi hui: 'Tue, 25 Aug 2026 15:05:44 GMT'
2026-09-05 12:02:46 | WARNING | etl.clean | Date parse nahi hui: 'Thu, 27 Aug 2026 07:06:52 GMT'
2026-09-05 12:02:46 | WARNING | etl.clean | Date parse nahi hui: 'Thu, 27 Aug 2026 07:06:52 GMT'
2026-09-05 12:02:46 | WARNING | etl.clean | Date parse nahi hui: 'Wed, 26 Aug 2026 23:09:26 GMT'
2026-09-05 12:02:46 | WARNING | etl.clean | Date parse nahi hui: 'Wed, 26 Aug 2026 23:09:26 GMT'
2026-09-05 12:02:46 | WARNING | etl.clean | Date parse nahi hui: 'Sat, 05 Sep 2026 03:07:43 GMT'
2026-09-05 12:02:46 | WARNING | etl.clean | Date parse nahi hui: 'Sat, 05 Sep 2026 03:07:43 GMT'
2026-09-05 12:02:46 | WARNING | etl.clean | Date parse nahi hui: 'Mon, 24 Aug 2026 19:02:42 GMT'
2026-09-05 12:02:46 | WARNING | etl.clean | Date parse nahi hui: 'Mon, 24 Aug 2026 19:02:42 GMT'
2026-09-05 12:02:46 | WARNING | etl.clean | Date parse nahi hui: 'Mon, 24 Aug 2026 23:07:11 GMT'
2026-09-05 12:02:46 | WARNING | etl.clean | Date parse nahi hui: 'Mon, 24 Aug 2026 23:07:11 GMT'
2026-09-05 12:02:46 | WARNING | etl.clean | Date parse nahi hui: 'Sat, 22 Aug 2026 23:00:20 GMT'
2026-09-05 12:02:46 | WARNING | etl.clean | Date parse nahi hui: 'Sat, 22 Aug 2026 23:00:20 GMT'
2026-09-05 12:02:46 | WARNING | etl.clean | Date parse nahi hui: 'Thu, 27 Aug 2026 07:09:11 GMT'
2026-09-05 12:02:46 | WARNING | etl.clean | Date parse nahi hui: 'Thu, 27 Aug 2026 07:09:11 GMT'
2026-09-05 12:02:46 | WARNING | etl.clean | Date parse nahi hui: 'Sat, 29 Aug 2026 03:24:13 GMT'
2026-09-05 12:02:46 | WARNING | etl.clean | Date parse nahi hui: 'Sat, 29 Aug 2026 03:24:13 GMT'
2026-09-05 12:02:46 | WARNING | etl.clean | Date parse nahi hui: 'Sun, 23 Aug 2026 19:02:05 GMT'
2026-09-05 12:02:46 | WARNING | etl.clean | Date parse nahi hui: 'Sun, 23 Aug 2026 19:02:05 GMT'
2026-09-05 12:02:46 | WARNING | etl.clean | Date parse nahi hui: 'Tue, 25 Aug 2026 23:08:06 GMT'
2026-09-05 12:02:46 | WARNING | etl.clean | Date parse nahi hui: 'Tue, 25 Aug 2026 23:08:06 GMT'
2026-09-05 12:02:46 | WARNING | etl.clean | Date parse nahi hui: 'Sun, 30 Aug 2026 15:32:32 GMT'
2026-09-05 12:02:46 | WARNING | etl.clean | Date parse nahi hui: 'Sun, 30 Aug 2026 15:32:32 GMT'
2026-09-05 12:02:46 | WARNING | etl.clean | Date parse nahi hui: 'Sat, 29 Aug 2026 11:24:08 GMT'
2026-09-05 12:02:46 | WARNING | etl.clean | Date parse nahi hui: 'Sat, 29 Aug 2026 11:24:08 GMT'
2026-09-05 12:02:46 | WARNING | etl.clean | Date parse nahi hui: 'Thu, 27 Aug 2026 11:13:08 GMT'
2026-09-05 12:02:46 | WARNING | etl.clean | Date parse nahi hui: 'Thu, 27 Aug 2026 11:13:08 GMT'
2026-09-05 12:02:46 | WARNING | etl.clean | Date parse nahi hui: 'Fri, 04 Sep 2026 19:07:38 GMT'
2026-09-05 12:02:46 | WARNING | etl.clean | Date parse nahi hui: 'Fri, 04 Sep 2026 19:07:38 GMT'
2026-09-05 12:02:46 | WARNING | etl.clean | Date parse nahi hui: 'Mon, 31 Aug 2026 07:42:00 GMT'
2026-09-05 12:02:46 | WARNING | etl.clean | Date parse nahi hui: 'Mon, 31 Aug 2026 07:42:00 GMT'
2026-09-05 12:02:46 | WARNING | etl.clean | Date parse nahi hui: 'Tue, 01 Sep 2026 11:49:39 GMT'
2026-09-05 12:02:46 | WARNING | etl.clean | Date parse nahi hui: 'Tue, 01 Sep 2026 11:49:39 GMT'
2026-09-05 12:02:46 | WARNING | etl.clean | Date parse nahi hui: 'Wed, 02 Sep 2026 11:56:11 GMT'
2026-09-05 12:02:46 | WARNING | etl.clean | Date parse nahi hui: 'Wed, 02 Sep 2026 11:56:11 GMT'
2026-09-05 12:02:46 | WARNING | etl.clean | Date parse nahi hui: 'Tue, 01 Sep 2026 11:48:53 GMT'
2026-09-05 12:02:46 | WARNING | etl.clean | Date parse nahi hui: 'Tue, 01 Sep 2026 11:48:53 GMT'
2026-09-05 12:02:46 | WARNING | etl.clean | Date parse nahi hui: 'Fri, 04 Sep 2026 21:12:46 GMT'
2026-09-05 12:02:46 | WARNING | etl.clean | Date parse nahi hui: 'Fri, 04 Sep 2026 21:12:46 GMT'
2026-09-05 12:02:46 | WARNING | etl.clean | Date parse nahi hui: 'Wed, 26 Aug 2026 23:21:08 GMT'
2026-09-05 12:02:46 | WARNING | etl.clean | Date parse nahi hui: 'Wed, 26 Aug 2026 23:21:08 GMT'
2026-09-05 12:02:46 | WARNING | etl.clean | Date parse nahi hui: 'Tue, 25 Aug 2026 23:12:37 GMT'
2026-09-05 12:02:46 | WARNING | etl.clean | Date parse nahi hui: 'Tue, 25 Aug 2026 23:12:37 GMT'
2026-09-05 12:02:46 | WARNING | etl.clean | Date parse nahi hui: 'Fri, 28 Aug 2026 15:27:56 GMT'
2026-09-05 12:02:46 | WARNING | etl.clean | Date parse nahi hui: 'Fri, 28 Aug 2026 15:27:56 GMT'
2026-09-05 12:02:46 | WARNING | etl.clean | Date parse nahi hui: 'Sat, 29 Aug 2026 15:26:22 GMT'
2026-09-05 12:02:46 | WARNING | etl.clean | Date parse nahi hui: 'Sat, 29 Aug 2026 15:26:22 GMT'
2026-09-05 12:02:46 | WARNING | etl.clean | Date parse nahi hui: 'Thu, 27 Aug 2026 03:13:56 GMT'
2026-09-05 12:02:46 | WARNING | etl.clean | Date parse nahi hui: 'Thu, 27 Aug 2026 03:13:56 GMT'
2026-09-05 12:02:46 | WARNING | etl.clean | Date parse nahi hui: 'Thu, 03 Sep 2026 20:28:39 GMT'
2026-09-05 12:02:46 | WARNING | etl.clean | Date parse nahi hui: 'Thu, 03 Sep 2026 20:28:39 GMT'
2026-09-05 12:02:46 | WARNING | etl.clean | Date parse nahi hui: 'Sat, 05 Sep 2026 03:08:50 GMT'
2026-09-05 12:02:46 | WARNING | etl.clean | Date parse nahi hui: 'Sat, 05 Sep 2026 03:08:50 GMT'
2026-09-05 12:02:46 | WARNING | etl.clean | Date parse nahi hui: 'Thu, 27 Aug 2026 15:17:31 GMT'
2026-09-05 12:02:46 | WARNING | etl.clean | Date parse nahi hui: 'Thu, 27 Aug 2026 15:17:31 GMT'
2026-09-05 12:02:46 | WARNING | etl.clean | Date parse nahi hui: 'Fri, 28 Aug 2026 11:29:41 GMT'
2026-09-05 12:02:46 | WARNING | etl.clean | Date parse nahi hui: 'Fri, 28 Aug 2026 11:29:41 GMT'
2026-09-05 12:02:46 | WARNING | etl.clean | Date parse nahi hui: 'Wed, 26 Aug 2026 07:11:52 GMT'
2026-09-05 12:02:46 | WARNING | etl.clean | Date parse nahi hui: 'Wed, 26 Aug 2026 07:11:52 GMT'
2026-09-05 12:02:46 | WARNING | etl.clean | Date parse nahi hui: 'Tue, 25 Aug 2026 15:11:05 GMT'
2026-09-05 12:02:46 | WARNING | etl.clean | Date parse nahi hui: 'Tue, 25 Aug 2026 15:11:05 GMT'
2026-09-05 12:02:46 | WARNING | etl.clean | Date parse nahi hui: 'Sat, 29 Aug 2026 15:27:08 GMT'
2026-09-05 12:02:46 | WARNING | etl.clean | Date parse nahi hui: 'Sat, 29 Aug 2026 15:27:08 GMT'
2026-09-05 12:02:46 | WARNING | etl.clean | Date parse nahi hui: 'Wed, 26 Aug 2026 15:15:50 GMT'
2026-09-05 12:02:46 | WARNING | etl.clean | Date parse nahi hui: 'Wed, 26 Aug 2026 15:15:50 GMT'
2026-09-05 12:02:46 | WARNING | etl.clean | Date parse nahi hui: 'Sun, 30 Aug 2026 11:35:57 GMT'
2026-09-05 12:02:46 | WARNING | etl.clean | Date parse nahi hui: 'Sun, 30 Aug 2026 11:35:57 GMT'
2026-09-05 12:02:46 | WARNING | etl.clean | Date parse nahi hui: 'Sun, 30 Aug 2026 23:54:29 GMT'
2026-09-05 12:02:46 | WARNING | etl.clean | Date parse nahi hui: 'Sun, 30 Aug 2026 23:54:29 GMT'
2026-09-05 12:02:46 | WARNING | etl.clean | Date parse nahi hui: 'Tue, 18 Aug 2026 13:37:43 GMT'
2026-09-05 12:02:46 | WARNING | etl.clean | Date parse nahi hui: 'Tue, 18 Aug 2026 13:37:43 GMT'
2026-09-05 12:02:46 | WARNING | etl.clean | Date parse nahi hui: 'Thu, 27 Aug 2026 09:43:25 GMT'
2026-09-05 12:02:46 | WARNING | etl.clean | Date parse nahi hui: 'Thu, 27 Aug 2026 09:43:25 GMT'
2026-09-05 12:02:46 | WARNING | etl.clean | Date parse nahi hui: 'Fri, 04 Sep 2026 19:08:58 GMT'
2026-09-05 12:02:46 | WARNING | etl.clean | Date parse nahi hui: 'Fri, 04 Sep 2026 19:08:58 GMT'
2026-09-05 12:02:46 | WARNING | etl.clean | Date parse nahi hui: 'Wed, 02 Sep 2026 00:49:40 GMT'
2026-09-05 12:02:46 | WARNING | etl.clean | Date parse nahi hui: 'Wed, 02 Sep 2026 00:49:40 GMT'
2026-09-05 12:02:46 | WARNING | etl.clean | Date parse nahi hui: 'Fri, 28 Aug 2026 11:39:53 GMT'
2026-09-05 12:02:46 | WARNING | etl.clean | Date parse nahi hui: 'Fri, 28 Aug 2026 11:39:53 GMT'
2026-09-05 12:02:46 | WARNING | etl.clean | Date parse nahi hui: 'Sat, 29 Aug 2026 07:32:12 GMT'
2026-09-05 12:02:46 | WARNING | etl.clean | Date parse nahi hui: 'Sat, 29 Aug 2026 07:32:12 GMT'
2026-09-05 12:02:46 | WARNING | etl.clean | Date parse nahi hui: 'Tue, 25 Aug 2026 15:14:41 GMT'
2026-09-05 12:02:46 | WARNING | etl.clean | Date parse nahi hui: 'Tue, 25 Aug 2026 15:14:41 GMT'
2026-09-05 12:02:46 | WARNING | etl.clean | Date parse nahi hui: 'Thu, 27 Aug 2026 15:26:06 GMT'
2026-09-05 12:02:46 | WARNING | etl.clean | Date parse nahi hui: 'Thu, 27 Aug 2026 15:26:06 GMT'
2026-09-05 12:02:46 | WARNING | etl.clean | Date parse nahi hui: 'Sat, 22 Aug 2026 15:02:36 GMT'
2026-09-05 12:02:46 | WARNING | etl.clean | Date parse nahi hui: 'Sat, 22 Aug 2026 15:02:36 GMT'
2026-09-05 12:02:46 | WARNING | etl.clean | Date parse nahi hui: 'Wed, 26 Aug 2026 03:17:56 GMT'
2026-09-05 12:02:46 | WARNING | etl.clean | Date parse nahi hui: 'Wed, 26 Aug 2026 03:17:56 GMT'
2026-09-05 12:02:46 | WARNING | etl.clean | Date parse nahi hui: 'Wed, 26 Aug 2026 23:23:32 GMT'
2026-09-05 12:02:46 | WARNING | etl.clean | Date parse nahi hui: 'Wed, 26 Aug 2026 23:23:32 GMT'
2026-09-05 12:02:46 | WARNING | etl.clean | Date parse nahi hui: 'Wed, 26 Aug 2026 23:25:38 GMT'
2026-09-05 12:02:46 | WARNING | etl.clean | Date parse nahi hui: 'Wed, 26 Aug 2026 23:25:38 GMT'
2026-09-05 12:02:46 | WARNING | etl.clean | Date parse nahi hui: 'Mon, 31 Aug 2026 23:55:38 GMT'
2026-09-05 12:02:46 | WARNING | etl.clean | Date parse nahi hui: 'Mon, 31 Aug 2026 23:55:38 GMT'
2026-09-05 12:02:46 | WARNING | etl.clean | Date parse nahi hui: 'Mon, 31 Aug 2026 21:18:21 GMT'
2026-09-05 12:02:46 | WARNING | etl.clean | Date parse nahi hui: 'Mon, 31 Aug 2026 21:18:21 GMT'
2026-09-05 12:02:46 | WARNING | etl.clean | Date parse nahi hui: 'Tue, 01 Sep 2026 12:13:35 GMT'
2026-09-05 12:02:46 | WARNING | etl.clean | Date parse nahi hui: 'Tue, 01 Sep 2026 12:13:35 GMT'
2026-09-05 12:02:46 | WARNING | etl.clean | Date parse nahi hui: 'Tue, 01 Sep 2026 12:19:21 GMT'
2026-09-05 12:02:46 | WARNING | etl.clean | Date parse nahi hui: 'Tue, 01 Sep 2026 12:19:21 GMT'
2026-09-05 12:02:46 | WARNING | etl.clean | Date parse nahi hui: 'Fri, 28 Aug 2026 23:43:18 GMT'
2026-09-05 12:02:46 | WARNING | etl.clean | Date parse nahi hui: 'Fri, 28 Aug 2026 23:43:18 GMT'
2026-09-05 12:02:46 | WARNING | etl.clean | Date parse nahi hui: 'Mon, 31 Aug 2026 00:19:53 GMT'
2026-09-05 12:02:46 | WARNING | etl.clean | Date parse nahi hui: 'Mon, 31 Aug 2026 00:19:53 GMT'
2026-09-05 12:02:46 | WARNING | etl.clean | Date parse nahi hui: 'Thu, 27 Aug 2026 19:42:33 GMT'
2026-09-05 12:02:46 | WARNING | etl.clean | Date parse nahi hui: 'Thu, 27 Aug 2026 19:42:33 GMT'
2026-09-05 12:02:46 | WARNING | etl.clean | Date parse nahi hui: 'Thu, 27 Aug 2026 19:39:24 GMT'
2026-09-05 12:02:46 | WARNING | etl.clean | Date parse nahi hui: 'Thu, 27 Aug 2026 19:39:24 GMT'
2026-09-05 12:02:46 | WARNING | etl.clean | Date parse nahi hui: 'Fri, 28 Aug 2026 23:41:17 GMT'
2026-09-05 12:02:46 | WARNING | etl.clean | Date parse nahi hui: 'Fri, 28 Aug 2026 23:41:17 GMT'
2026-09-05 12:02:46 | WARNING | etl.clean | Date parse nahi hui: 'Thu, 20 Aug 2026 06:04:04 GMT'
2026-09-05 12:02:46 | WARNING | etl.clean | Date parse nahi hui: 'Thu, 20 Aug 2026 06:04:04 GMT'
2026-09-05 12:02:46 | WARNING | etl.clean | Date parse nahi hui: 'Thu, 27 Aug 2026 08:14:48 GMT'
2026-09-05 12:02:46 | WARNING | etl.clean | Date parse nahi hui: 'Thu, 27 Aug 2026 08:14:48 GMT'
2026-09-05 12:02:46 | WARNING | etl.clean | Date parse nahi hui: 'Fri, 07 Aug 2026 18:46:26 GMT'
2026-09-05 12:02:46 | WARNING | etl.clean | Date parse nahi hui: 'Fri, 07 Aug 2026 18:46:26 GMT'
2026-09-05 12:02:46 | WARNING | etl.clean | Date parse nahi hui: 'Thu, 03 Sep 2026 07:31:02 GMT'
2026-09-05 12:02:46 | WARNING | etl.clean | Date parse nahi hui: 'Thu, 03 Sep 2026 07:31:02 GMT'
2026-09-05 12:02:46 | WARNING | etl.clean | Date parse nahi hui: 'Wed, 02 Sep 2026 04:41:15 GMT'
2026-09-05 12:02:46 | WARNING | etl.clean | Date parse nahi hui: 'Wed, 02 Sep 2026 04:41:15 GMT'
2026-09-05 12:02:46 | WARNING | etl.clean | Date parse nahi hui: 'Fri, 10 Jul 2026 06:58:25 GMT'
2026-09-05 12:02:46 | WARNING | etl.clean | Date parse nahi hui: 'Fri, 10 Jul 2026 06:58:25 GMT'
2026-09-05 12:02:46 | WARNING | etl.clean | Date parse nahi hui: 'Mon, 31 Aug 2026 08:22:42 GMT'
2026-09-05 12:02:46 | WARNING | etl.clean | Date parse nahi hui: 'Mon, 31 Aug 2026 08:22:42 GMT'
2026-09-05 12:02:46 | WARNING | etl.clean | Date parse nahi hui: 'Thu, 21 May 2026 06:15:32 GMT'
2026-09-05 12:02:46 | WARNING | etl.clean | Date parse nahi hui: 'Thu, 21 May 2026 06:15:32 GMT'
2026-09-05 12:02:46 | WARNING | etl.clean | Date parse nahi hui: 'Tue, 14 Jul 2026 14:07:56 GMT'
2026-09-05 12:02:46 | WARNING | etl.clean | Date parse nahi hui: 'Tue, 14 Jul 2026 14:07:56 GMT'
2026-09-05 12:02:46 | WARNING | etl.clean | Date parse nahi hui: 'Fri, 03 Jul 2026 12:57:40 GMT'
2026-09-05 12:02:46 | WARNING | etl.clean | Date parse nahi hui: 'Fri, 03 Jul 2026 12:57:40 GMT'
2026-09-05 12:02:46 | WARNING | etl.clean | Date parse nahi hui: 'Fri, 03 Jul 2026 12:57:35 GMT'
2026-09-05 12:02:46 | WARNING | etl.clean | Date parse nahi hui: 'Fri, 03 Jul 2026 12:57:35 GMT'
2026-09-05 12:02:46 | WARNING | etl.clean | Date parse nahi hui: 'Wed, 04 Feb 2026 09:58:20 GMT'
2026-09-05 12:02:46 | WARNING | etl.clean | Date parse nahi hui: 'Wed, 04 Feb 2026 09:58:20 GMT'
2026-09-05 12:02:46 | WARNING | etl.clean | Date parse nahi hui: 'Wed, 11 Feb 2026 09:57:31 GMT'
2026-09-05 12:02:46 | WARNING | etl.clean | Date parse nahi hui: 'Wed, 11 Feb 2026 09:57:31 GMT'
2026-09-05 12:02:46 | WARNING | etl.clean | Date parse nahi hui: 'Thu, 30 Apr 2026 13:07:44 GMT'
2026-09-05 12:02:46 | WARNING | etl.clean | Date parse nahi hui: 'Thu, 30 Apr 2026 13:07:44 GMT'
2026-09-05 12:02:46 | WARNING | etl.clean | Date parse nahi hui: 'Thu, 03 Sep 2026 08:12:14 GMT'
2026-09-05 12:02:46 | WARNING | etl.clean | Date parse nahi hui: 'Thu, 03 Sep 2026 08:12:14 GMT'
2026-09-05 12:02:46 | WARNING | etl.clean | Date parse nahi hui: 'Thu, 30 Apr 2026 13:07:35 GMT'
2026-09-05 12:02:46 | WARNING | etl.clean | Date parse nahi hui: 'Thu, 30 Apr 2026 13:07:35 GMT'
2026-09-05 12:02:46 | WARNING | etl.clean | Date parse nahi hui: 'Fri, 03 Jul 2026 12:57:24 GMT'
2026-09-05 12:02:46 | WARNING | etl.clean | Date parse nahi hui: 'Fri, 03 Jul 2026 12:57:24 GMT'
2026-09-05 12:02:46 | WARNING | etl.clean | Date parse nahi hui: 'Thu, 30 Apr 2026 13:07:47 GMT'
2026-09-05 12:02:46 | WARNING | etl.clean | Date parse nahi hui: 'Thu, 30 Apr 2026 13:07:47 GMT'
2026-09-05 12:02:46 | WARNING | etl.clean | Date parse nahi hui: 'Sat, 05 Sep 2026 03:12:08 GMT'
2026-09-05 12:02:46 | WARNING | etl.clean | Date parse nahi hui: 'Sat, 05 Sep 2026 03:12:08 GMT'
2026-09-05 12:02:46 | WARNING | etl.clean | Date parse nahi hui: 'Fri, 04 Sep 2026 23:08:30 GMT'
2026-09-05 12:02:46 | WARNING | etl.clean | Date parse nahi hui: 'Fri, 04 Sep 2026 23:08:30 GMT'
2026-09-05 12:02:46 | WARNING | etl.clean | Date parse nahi hui: 'Sat, 05 Sep 2026 03:13:02 GMT'
2026-09-05 12:02:46 | WARNING | etl.clean | Date parse nahi hui: 'Sat, 05 Sep 2026 03:13:02 GMT'
2026-09-05 12:02:46 | WARNING | etl.clean | Date parse nahi hui: 'Fri, 04 Sep 2026 23:09:58 GMT'
2026-09-05 12:02:46 | WARNING | etl.clean | Date parse nahi hui: 'Fri, 04 Sep 2026 23:09:58 GMT'
2026-09-05 12:02:46 | WARNING | etl.clean | Date parse nahi hui: 'Thu, 03 Sep 2026 11:09:11 GMT'
2026-09-05 12:02:46 | WARNING | etl.clean | Date parse nahi hui: 'Thu, 03 Sep 2026 11:09:11 GMT'
2026-09-05 12:02:46 | WARNING | etl.clean | Date parse nahi hui: 'Thu, 03 Sep 2026 11:23:39 GMT'
2026-09-05 12:02:46 | WARNING | etl.clean | Date parse nahi hui: 'Thu, 03 Sep 2026 11:23:39 GMT'
2026-09-05 12:02:46 | WARNING | etl.clean | Date parse nahi hui: 'Wed, 02 Sep 2026 19:02:56 GMT'
2026-09-05 12:02:46 | WARNING | etl.clean | Date parse nahi hui: 'Wed, 02 Sep 2026 19:02:56 GMT'
2026-09-05 12:02:46 | WARNING | etl.clean | Date parse nahi hui: 'Thu, 03 Sep 2026 15:06:12 GMT'
2026-09-05 12:02:46 | WARNING | etl.clean | Date parse nahi hui: 'Thu, 03 Sep 2026 15:06:12 GMT'
2026-09-05 12:02:46 | WARNING | etl.clean | Date parse nahi hui: 'Wed, 02 Sep 2026 15:03:41 GMT'
2026-09-05 12:02:46 | WARNING | etl.clean | Date parse nahi hui: 'Wed, 02 Sep 2026 15:03:41 GMT'
2026-09-05 12:02:46 | WARNING | etl.clean | Date parse nahi hui: 'Wed, 02 Sep 2026 07:02:58 GMT'
2026-09-05 12:02:46 | WARNING | etl.clean | Date parse nahi hui: 'Wed, 02 Sep 2026 07:02:58 GMT'
2026-09-05 12:02:46 | WARNING | etl.clean | Date parse nahi hui: 'Tue, 01 Sep 2026 19:05:07 GMT'
2026-09-05 12:02:46 | WARNING | etl.clean | Date parse nahi hui: 'Tue, 01 Sep 2026 19:05:07 GMT'
2026-09-05 12:02:46 | WARNING | etl.clean | Date parse nahi hui: 'Wed, 02 Sep 2026 07:02:47 GMT'
2026-09-05 12:02:46 | WARNING | etl.clean | Date parse nahi hui: 'Wed, 02 Sep 2026 07:02:47 GMT'
2026-09-05 12:02:46 | WARNING | etl.clean | Date parse nahi hui: 'Fri, 04 Sep 2026 19:10:00 GMT'
2026-09-05 12:02:46 | WARNING | etl.clean | Date parse nahi hui: 'Fri, 04 Sep 2026 19:10:00 GMT'
2026-09-05 12:02:46 | WARNING | etl.clean | Date parse nahi hui: 'Fri, 04 Sep 2026 19:11:27 GMT'
2026-09-05 12:02:46 | WARNING | etl.clean | Date parse nahi hui: 'Fri, 04 Sep 2026 19:11:27 GMT'
2026-09-05 12:02:46 | WARNING | etl.clean | Date parse nahi hui: 'Sat, 05 Sep 2026 03:11:16 GMT'
2026-09-05 12:02:46 | WARNING | etl.clean | Date parse nahi hui: 'Sat, 05 Sep 2026 03:11:16 GMT'
2026-09-05 12:02:46 | WARNING | etl.clean | Date parse nahi hui: 'Sat, 05 Sep 2026 03:13:12 GMT'
2026-09-05 12:02:46 | WARNING | etl.clean | Date parse nahi hui: 'Sat, 05 Sep 2026 03:13:12 GMT'
2026-09-05 12:02:46 | WARNING | etl.clean | Date parse nahi hui: 'Fri, 04 Sep 2026 11:22:09 GMT'
2026-09-05 12:02:46 | WARNING | etl.clean | Date parse nahi hui: 'Fri, 04 Sep 2026 11:22:09 GMT'
2026-09-05 12:02:46 | WARNING | etl.clean | Date parse nahi hui: 'Fri, 04 Sep 2026 23:08:22 GMT'
2026-09-05 12:02:46 | WARNING | etl.clean | Date parse nahi hui: 'Fri, 04 Sep 2026 23:08:22 GMT'
2026-09-05 12:02:46 | WARNING | etl.clean | Date parse nahi hui: 'Fri, 04 Sep 2026 19:13:46 GMT'
2026-09-05 12:02:46 | WARNING | etl.clean | Date parse nahi hui: 'Fri, 04 Sep 2026 19:13:46 GMT'
2026-09-05 12:02:46 | WARNING | etl.clean | Date parse nahi hui: 'Sat, 05 Sep 2026 03:09:18 GMT'
2026-09-05 12:02:46 | WARNING | etl.clean | Date parse nahi hui: 'Sat, 05 Sep 2026 03:09:18 GMT'
2026-09-05 12:02:46 | WARNING | etl.clean | Date parse nahi hui: 'Fri, 04 Sep 2026 19:14:35 GMT'
2026-09-05 12:02:46 | WARNING | etl.clean | Date parse nahi hui: 'Fri, 04 Sep 2026 19:14:35 GMT'
2026-09-05 12:02:46 | WARNING | etl.clean | Date parse nahi hui: 'Sat, 05 Sep 2026 03:10:46 GMT'
2026-09-05 12:02:46 | WARNING | etl.clean | Date parse nahi hui: 'Sat, 05 Sep 2026 03:10:46 GMT'
2026-09-05 12:02:46 | WARNING | etl.clean | Date parse nahi hui: 'Sat, 05 Sep 2026 03:14:15 GMT'
2026-09-05 12:02:46 | WARNING | etl.clean | Date parse nahi hui: 'Sat, 05 Sep 2026 03:14:15 GMT'
2026-09-05 12:02:46 | WARNING | etl.clean | Date parse nahi hui: 'Sat, 05 Sep 2026 03:10:06 GMT'
2026-09-05 12:02:46 | WARNING | etl.clean | Date parse nahi hui: 'Sat, 05 Sep 2026 03:10:06 GMT'
2026-09-05 12:02:46 | WARNING | etl.clean | Date parse nahi hui: 'Fri, 04 Sep 2026 17:05:51 GMT'
2026-09-05 12:02:46 | WARNING | etl.clean | Date parse nahi hui: 'Fri, 04 Sep 2026 17:05:51 GMT'
2026-09-05 12:02:46 | WARNING | etl.clean | Date parse nahi hui: 'Fri, 04 Sep 2026 17:07:27 GMT'
2026-09-05 12:02:46 | WARNING | etl.clean | Date parse nahi hui: 'Fri, 04 Sep 2026 17:07:27 GMT'
2026-09-05 12:02:46 | WARNING | etl.clean | Date parse nahi hui: 'Fri, 04 Sep 2026 17:06:46 GMT'
2026-09-05 12:02:46 | WARNING | etl.clean | Date parse nahi hui: 'Fri, 04 Sep 2026 17:06:46 GMT'
2026-09-05 12:02:46 | WARNING | etl.clean | Date parse nahi hui: 'Sat, 05 Sep 2026 03:03:05 GMT'
2026-09-05 12:02:46 | WARNING | etl.clean | Date parse nahi hui: 'Sat, 05 Sep 2026 03:03:05 GMT'
2026-09-05 12:02:46 | WARNING | etl.clean | Date parse nahi hui: 'Thu, 03 Sep 2026 15:03:20 GMT'
2026-09-05 12:02:46 | WARNING | etl.clean | Date parse nahi hui: 'Thu, 03 Sep 2026 15:03:20 GMT'
2026-09-05 12:02:46 | WARNING | etl.clean | Date parse nahi hui: 'Thu, 03 Sep 2026 11:08:28 GMT'
2026-09-05 12:02:46 | WARNING | etl.clean | Date parse nahi hui: 'Thu, 03 Sep 2026 11:08:28 GMT'
2026-09-05 12:02:46 | WARNING | etl.clean | Date parse nahi hui: 'Thu, 03 Sep 2026 15:03:39 GMT'
2026-09-05 12:02:46 | WARNING | etl.clean | Date parse nahi hui: 'Thu, 03 Sep 2026 15:03:39 GMT'
2026-09-05 12:02:46 | WARNING | etl.clean | Date parse nahi hui: 'Thu, 03 Sep 2026 11:09:21 GMT'
2026-09-05 12:02:46 | WARNING | etl.clean | Date parse nahi hui: 'Thu, 03 Sep 2026 11:09:21 GMT'
2026-09-05 12:02:46 | WARNING | etl.clean | Date parse nahi hui: 'Sat, 05 Sep 2026 03:09:30 GMT'
2026-09-05 12:02:46 | WARNING | etl.clean | Date parse nahi hui: 'Sat, 05 Sep 2026 03:09:30 GMT'
2026-09-05 12:02:46 | WARNING | etl.clean | Date parse nahi hui: 'Thu, 03 Sep 2026 11:06:44 GMT'
2026-09-05 12:02:46 | WARNING | etl.clean | Date parse nahi hui: 'Thu, 03 Sep 2026 11:06:44 GMT'
2026-09-05 12:02:46 | WARNING | etl.clean | Date parse nahi hui: 'Tue, 01 Sep 2026 10:48:07 GMT'
2026-09-05 12:02:46 | WARNING | etl.clean | Date parse nahi hui: 'Tue, 01 Sep 2026 10:48:07 GMT'
2026-09-05 12:02:46 | WARNING | etl.clean | Date parse nahi hui: 'Sat, 05 Sep 2026 03:15:02 GMT'
2026-09-05 12:02:46 | WARNING | etl.clean | Date parse nahi hui: 'Sat, 05 Sep 2026 03:15:02 GMT'
2026-09-05 12:02:46 | WARNING | etl.clean | Date parse nahi hui: 'Thu, 03 Sep 2026 15:06:53 GMT'
2026-09-05 12:02:46 | WARNING | etl.clean | Date parse nahi hui: 'Thu, 03 Sep 2026 15:06:53 GMT'
2026-09-05 12:02:46 | WARNING | etl.clean | Date parse nahi hui: 'Wed, 02 Sep 2026 07:04:59 GMT'
2026-09-05 12:02:46 | WARNING | etl.clean | Date parse nahi hui: 'Wed, 02 Sep 2026 07:04:59 GMT'
2026-09-05 12:02:46 | WARNING | etl.clean | Date parse nahi hui: 'Fri, 04 Sep 2026 19:01:59 GMT'
2026-09-05 12:02:46 | WARNING | etl.clean | Date parse nahi hui: 'Fri, 04 Sep 2026 19:01:59 GMT'
2026-09-05 12:02:46 | WARNING | etl.clean | Date parse nahi hui: 'Wed, 02 Sep 2026 11:05:12 GMT'
2026-09-05 12:02:46 | WARNING | etl.clean | Date parse nahi hui: 'Wed, 02 Sep 2026 11:05:12 GMT'
2026-09-05 12:02:46 | WARNING | etl.clean | Date parse nahi hui: 'Mon, 31 Aug 2026 19:01:32 GMT'
2026-09-05 12:02:46 | WARNING | etl.clean | Date parse nahi hui: 'Mon, 31 Aug 2026 19:01:32 GMT'
2026-09-05 12:02:46 | WARNING | etl.clean | Date parse nahi hui: 'Wed, 02 Sep 2026 07:04:42 GMT'
2026-09-05 12:02:46 | WARNING | etl.clean | Date parse nahi hui: 'Wed, 02 Sep 2026 07:04:42 GMT'
2026-09-05 12:02:46 | WARNING | etl.clean | Date parse nahi hui: 'Wed, 02 Sep 2026 11:05:00 GMT'
2026-09-05 12:02:46 | WARNING | etl.clean | Date parse nahi hui: 'Wed, 02 Sep 2026 11:05:00 GMT'
2026-09-05 12:02:46 | WARNING | etl.clean | Date parse nahi hui: 'Wed, 02 Sep 2026 07:06:14 GMT'
2026-09-05 12:02:46 | WARNING | etl.clean | Date parse nahi hui: 'Wed, 02 Sep 2026 07:06:14 GMT'
2026-09-05 12:02:46 | WARNING | etl.clean | Date parse nahi hui: 'Thu, 03 Sep 2026 07:05:38 GMT'
2026-09-05 12:02:46 | WARNING | etl.clean | Date parse nahi hui: 'Thu, 03 Sep 2026 07:05:38 GMT'
2026-09-05 12:02:46 | WARNING | etl.clean | Date parse nahi hui: 'Mon, 31 Aug 2026 11:01:14 GMT'
2026-09-05 12:02:46 | WARNING | etl.clean | Date parse nahi hui: 'Mon, 31 Aug 2026 11:01:14 GMT'
2026-09-05 12:02:46 | WARNING | etl.clean | Date parse nahi hui: 'Mon, 31 Aug 2026 23:01:45 GMT'
2026-09-05 12:02:46 | WARNING | etl.clean | Date parse nahi hui: 'Mon, 31 Aug 2026 23:01:45 GMT'
2026-09-05 12:02:46 | WARNING | etl.clean | Date parse nahi hui: 'Thu, 03 Sep 2026 19:17:45 GMT'
2026-09-05 12:02:46 | WARNING | etl.clean | Date parse nahi hui: 'Thu, 03 Sep 2026 19:17:45 GMT'
2026-09-05 12:02:46 | WARNING | etl.clean | Date parse nahi hui: 'Fri, 04 Sep 2026 23:14:18 GMT'
2026-09-05 12:02:46 | WARNING | etl.clean | Date parse nahi hui: 'Fri, 04 Sep 2026 23:14:18 GMT'
2026-09-05 12:02:46 | WARNING | etl.clean | Date parse nahi hui: 'Thu, 03 Sep 2026 00:02:32 GMT'
2026-09-05 12:02:46 | WARNING | etl.clean | Date parse nahi hui: 'Thu, 03 Sep 2026 00:02:32 GMT'
2026-09-05 12:02:46 | WARNING | etl.clean | Date parse nahi hui: 'Thu, 03 Sep 2026 11:09:31 GMT'
2026-09-05 12:02:46 | WARNING | etl.clean | Date parse nahi hui: 'Thu, 03 Sep 2026 11:09:31 GMT'
2026-09-05 12:02:46 | WARNING | etl.clean | Date parse nahi hui: 'Fri, 04 Sep 2026 17:12:10 GMT'
2026-09-05 12:02:46 | WARNING | etl.clean | Date parse nahi hui: 'Fri, 04 Sep 2026 17:12:10 GMT'
2026-09-05 12:02:46 | WARNING | etl.clean | Date parse nahi hui: 'Sat, 05 Sep 2026 03:18:06 GMT'
2026-09-05 12:02:46 | WARNING | etl.clean | Date parse nahi hui: 'Sat, 05 Sep 2026 03:18:06 GMT'
2026-09-05 12:02:46 | WARNING | etl.clean | Date parse nahi hui: 'Thu, 03 Sep 2026 11:13:08 GMT'
2026-09-05 12:02:46 | WARNING | etl.clean | Date parse nahi hui: 'Thu, 03 Sep 2026 11:13:08 GMT'
2026-09-05 12:02:46 | WARNING | etl.clean | Date parse nahi hui: 'Fri, 04 Sep 2026 17:13:01 GMT'
2026-09-05 12:02:46 | WARNING | etl.clean | Date parse nahi hui: 'Fri, 04 Sep 2026 17:13:01 GMT'
2026-09-05 12:02:46 | WARNING | etl.clean | Date parse nahi hui: 'Fri, 04 Sep 2026 17:12:36 GMT'
2026-09-05 12:02:46 | WARNING | etl.clean | Date parse nahi hui: 'Fri, 04 Sep 2026 17:12:36 GMT'
2026-09-05 12:02:46 | WARNING | etl.clean | Date parse nahi hui: 'Thu, 03 Sep 2026 19:16:41 GMT'
2026-09-05 12:02:46 | WARNING | etl.clean | Date parse nahi hui: 'Thu, 03 Sep 2026 19:16:41 GMT'
2026-09-05 12:02:46 | WARNING | etl.clean | Date parse nahi hui: 'Fri, 04 Sep 2026 17:11:50 GMT'
2026-09-05 12:02:46 | WARNING | etl.clean | Date parse nahi hui: 'Fri, 04 Sep 2026 17:11:50 GMT'
2026-09-05 12:02:46 | WARNING | etl.clean | Date parse nahi hui: 'Thu, 03 Sep 2026 19:19:13 GMT'
2026-09-05 12:02:46 | WARNING | etl.clean | Date parse nahi hui: 'Thu, 03 Sep 2026 19:19:13 GMT'
2026-09-05 12:02:46 | WARNING | etl.clean | Date parse nahi hui: 'Sat, 05 Sep 2026 03:16:25 GMT'
2026-09-05 12:02:46 | WARNING | etl.clean | Date parse nahi hui: 'Sat, 05 Sep 2026 03:16:25 GMT'
2026-09-05 12:02:46 | INFO | etl.clean | Cleaned 939 records
2026-09-05 12:02:46 | INFO | etl.nlp_processor | NLP-enriched 939 records
2026-09-05 12:02:52 | INFO | etl.geocode | Geocoded 939 records
2026-09-05 12:02:52 | INFO | etl.deduplicate | Deduplication: 703 duplicates removed, 236 unique records remain
2026-09-05 12:02:52 | INFO | __main__ | Saved 236 events to data\cleaned\disruption_events.csv
2026-09-05 12:02:52 | INFO | __main__ | Saved 236 events to data\processed\disruption_events.json
2026-09-05 12:02:52 | INFO | __main__ | === ETL PIPELINE FINISHED — 236 final events ===
2026-09-05 16:36:52 | INFO | __main__ | === ETL PIPELINE STARTED ===
2026-09-05 16:36:52 | INFO | etl.extract | Extracted 3 records from 'weather' (3 files)
2026-09-05 16:36:52 | INFO | etl.extract | Extracted 300 records from 'news' (1 files)
2026-09-05 16:36:56 | INFO | etl.extract | Extracted 193 records from 'government' (193 files)
2026-09-05 16:37:03 | INFO | etl.extract | Extracted 443 records from 'disaster' (443 files)
2026-09-05 16:37:03 | INFO | etl.extract | Extracted 0 records from 'transport' (0 files)
2026-09-05 16:37:03 | INFO | etl.extract | TOTAL extracted across all sources: 939
2026-09-05 16:37:03 | INFO | etl.clean | Cleaned 939 records
2026-09-05 16:37:03 | INFO | etl.nlp_processor | NLP-enriched 939 records
2026-09-05 16:37:09 | INFO | etl.geocode | Geocoded 939 records
2026-09-05 16:37:09 | INFO | etl.deduplicate | Deduplication: 590 duplicates removed, 349 unique records remain
2026-09-05 16:37:09 | INFO | __main__ | Saved 349 events to data\cleaned\disruption_events.csv
2026-09-05 16:37:09 | INFO | __main__ | Saved 349 events to data\processed\disruption_events.json
2026-09-05 16:37:09 | INFO | __main__ | === ETL PIPELINE FINISHED — 349 final events ===
2026-09-05 20:15:14 | INFO | __main__ | === ETL PIPELINE STARTED ===
2026-09-05 20:15:14 | WARNING | etl.extract | Folder nahi mila: data\raw\weather
2026-09-05 20:15:14 | INFO | etl.extract | Extracted 0 records from 'news' (0 files)
2026-09-05 20:15:14 | WARNING | etl.extract | Folder nahi mila: data\raw\government
2026-09-05 20:15:14 | WARNING | etl.extract | Folder nahi mila: data\raw\disaster
2026-09-05 20:15:14 | WARNING | etl.extract | Folder nahi mila: data\raw\transport
2026-09-05 20:15:14 | INFO | etl.extract | TOTAL extracted across all sources: 0
2026-09-05 20:15:14 | WARNING | __main__ | Koi raw data nahi mila. Pipeline rok rahe hain.
2026-09-05 20:41:56 | INFO | __main__ | === ETL PIPELINE STARTED ===
2026-09-05 20:41:56 | WARNING | etl.extract | Folder nahi mila: data\raw\weather
2026-09-05 20:41:58 | INFO | etl.extract | Extracted 12376 records from 'news' (52 files)
2026-09-05 20:41:58 | WARNING | etl.extract | Folder nahi mila: data\raw\government
2026-09-05 20:41:58 | WARNING | etl.extract | Folder nahi mila: data\raw\disaster
2026-09-05 20:41:58 | WARNING | etl.extract | Folder nahi mila: data\raw\transport
2026-09-05 20:41:58 | INFO | etl.extract | TOTAL extracted across all sources: 12376
2026-09-05 20:41:59 | INFO | etl.clean | Cleaned 12376 records
2026-09-05 20:41:59 | INFO | etl.nlp_processor | NLP-enriched 12376 records
2026-09-05 20:41:59 | INFO | etl.geocode | Geocoded 12376 records
2026-09-05 20:41:59 | INFO | etl.deduplicate | Deduplication: 0 duplicates removed, 12376 unique records remain
2026-09-05 20:42:01 | INFO | __main__ | Saved 12376 events to data\cleaned\disruption_events.csv
2026-09-05 20:42:05 | INFO | __main__ | Saved 12376 events to data\processed\disruption_events.json
2026-09-05 20:45:44 | INFO | __main__ | === ETL PIPELINE STARTED ===
2026-09-05 20:45:44 | WARNING | etl.extract | Folder nahi mila: data\raw\weather
2026-09-05 20:45:45 | INFO | etl.extract | Extracted 12376 records from 'news' (52 files)
2026-09-05 20:45:45 | WARNING | etl.extract | Folder nahi mila: data\raw\government
2026-09-05 20:45:45 | WARNING | etl.extract | Folder nahi mila: data\raw\disaster
2026-09-05 20:45:45 | WARNING | etl.extract | Folder nahi mila: data\raw\transport
2026-09-05 20:45:45 | INFO | etl.extract | TOTAL extracted across all sources: 12376
2026-09-05 20:45:46 | INFO | etl.clean | Cleaned 12376 records
2026-09-05 20:45:46 | INFO | etl.nlp_processor | NLP-enriched 12376 records
2026-09-05 20:45:46 | INFO | etl.geocode | Geocoded 12376 records
2026-09-05 20:45:46 | INFO | etl.deduplicate | Deduplication: 0 duplicates removed, 12376 unique records remain
2026-09-05 20:45:47 | INFO | __main__ | Saved 12376 events to data\cleaned\disruption_events.csv
2026-09-05 20:45:50 | INFO | __main__ | Saved 12376 events to data\processed\disruption_events.json
2026-09-05 20:46:47 | INFO | __main__ | === ETL PIPELINE STARTED ===
2026-09-05 20:46:47 | WARNING | etl.extract | Folder nahi mila: data\raw\weather
2026-09-05 20:46:48 | INFO | etl.extract | Extracted 12376 records from 'news' (52 files)
2026-09-05 20:46:48 | WARNING | etl.extract | Folder nahi mila: data\raw\government
2026-09-05 20:46:48 | WARNING | etl.extract | Folder nahi mila: data\raw\disaster
2026-09-05 20:46:48 | WARNING | etl.extract | Folder nahi mila: data\raw\transport
2026-09-05 20:46:48 | INFO | etl.extract | TOTAL extracted across all sources: 12376
2026-09-05 20:46:49 | INFO | etl.clean | Cleaned 12376 records
2026-09-05 20:46:49 | INFO | etl.nlp_processor | NLP-enriched 12376 records
2026-09-05 20:46:49 | INFO | etl.geocode | Geocoded 12376 records
2026-09-05 20:46:49 | INFO | etl.deduplicate | Deduplication: 0 duplicates removed, 12376 unique records remain
2026-09-05 20:46:50 | INFO | __main__ | Saved 12376 events to data\cleaned\disruption_events.csv
2026-09-05 20:46:52 | INFO | __main__ | Saved 12376 events to data\processed\disruption_events.json
2026-09-05 20:47:16 | INFO | __main__ | === ETL PIPELINE FINISHED — 12376 final events ===
